post_title,town_name,postal_code,council_code,council_name,region_code,region_name
"Havdrup, 4622 Havdrup",Havdrup,4622,0265,Roskilde,1085,"Region Sjælland"
"Solrød, 2680 Solrød Strand",Solrød,2680,0269,Solrød,1085,"Region Sjælland"
"Solrød, 4622 Havdrup",Solrød,4622,0265,Roskilde,1085,"Region Sjælland"
"Kongsh Mølle, 5871 Frørup","Kongsh Mølle",5871,0450,Nyborg,1083,"Region Syddanmark"
"Aunslev, 5800 Nyborg",Aunslev,5800,0450,Nyborg,1083,"Region Syddanmark"
"Måre, 5853 Ørbæk",Måre,5853,0430,Faaborg-Midtfyn,1083,"Region Syddanmark"
"Tårup Strand, 5871 Frørup","Tårup Strand",5871,0450,Nyborg,1083,"Region Syddanmark"
"Strandskov, 5800 Nyborg",Strandskov,5800,0450,Nyborg,1083,"Region Syddanmark"
"Rosilde, 5800 Nyborg",Rosilde,5800,0450,Nyborg,1083,"Region Syddanmark"
"Såderup, 5540 Ullerslev",Såderup,5540,0440,Kerteminde,1083,"Region Syddanmark"
"Såderup, 5853 Ørbæk",Såderup,5853,0430,Faaborg-Midtfyn,1083,"Region Syddanmark"
"Slude, 5871 Frørup",Slude,5871,0450,Nyborg,1083,"Region Syddanmark"
"Visby, 5540 Ullerslev",Visby,5540,0440,Kerteminde,1083,"Region Syddanmark"
"Kullerup, 5853 Ørbæk",Kullerup,5853,0430,Faaborg-Midtfyn,1083,"Region Syddanmark"
"Knudshoved, 5800 Nyborg",Knudshoved,5800,0450,Nyborg,1083,"Region Syddanmark"
"Nørrehede, 6230 Rødekro",Nørrehede,6230,0580,Aabenraa,1083,"Region Syddanmark"
"Skedebjerg, 6200 Aabenraa",Skedebjerg,6200,0580,Aabenraa,1083,"Region Syddanmark"
"Frestrup Mark, 6360 Tinglev","Frestrup Mark",6360,0580,Aabenraa,1083,"Region Syddanmark"
"Vollerup, 6392 Bolderslev",Vollerup,6392,0580,Aabenraa,1083,"Region Syddanmark"
"Nr Ønlev, 6230 Rødekro","Nr Ønlev",6230,0580,Aabenraa,1083,"Region Syddanmark"
"Hostrupskov, 6200 Aabenraa",Hostrupskov,6200,0580,Aabenraa,1083,"Region Syddanmark"
"Nykro, 6230 Rødekro",Nykro,6230,0580,Aabenraa,1083,"Region Syddanmark"
"Sdr Ønlev, 6230 Rødekro","Sdr Ønlev",6230,0580,Aabenraa,1083,"Region Syddanmark"
"Heds, 6360 Tinglev",Heds,6360,0580,Aabenraa,1083,"Region Syddanmark"
"Uge Mark, 6360 Tinglev","Uge Mark",6360,0580,Aabenraa,1083,"Region Syddanmark"
"Bylderup, 6372 Bylderup-Bov",Bylderup,6372,0580,Aabenraa,1083,"Region Syddanmark"
"Søst, 6230 Rødekro",Søst,6230,0580,Aabenraa,1083,"Region Syddanmark"
"Gårdeby Mark, 6360 Tinglev","Gårdeby Mark",6360,0580,Aabenraa,1083,"Region Syddanmark"
"Nybølmark, 6230 Rødekro",Nybølmark,6230,0580,Aabenraa,1083,"Region Syddanmark"
"Raved, 6392 Bolderslev",Raved,6392,0580,Aabenraa,1083,"Region Syddanmark"
"Aabæk, 6200 Aabenraa",Aabæk,6200,0580,Aabenraa,1083,"Region Syddanmark"
"Stenhøj, 6230 Rødekro",Stenhøj,6230,0580,Aabenraa,1083,"Region Syddanmark"
"Eggebæk Mark, 6360 Tinglev","Eggebæk Mark",6360,0580,Aabenraa,1083,"Region Syddanmark"
"Hønsnap, 6340 Kruså",Hønsnap,6340,0580,Aabenraa,1083,"Region Syddanmark"
"Røllum, 6200 Aabenraa",Røllum,6200,0580,Aabenraa,1083,"Region Syddanmark"
"Lønholm, 6230 Rødekro",Lønholm,6230,0580,Aabenraa,1083,"Region Syddanmark"
"Kollund Kro, 6340 Kruså","Kollund Kro",6340,0580,Aabenraa,1083,"Region Syddanmark"
"Svejlund, 6230 Rødekro",Svejlund,6230,0580,Aabenraa,1083,"Region Syddanmark"
"Sindetholm, 6534 Agerskov",Sindetholm,6534,0510,Haderslev,1083,"Region Syddanmark"
"Stampenborg, 6230 Rødekro",Stampenborg,6230,0580,Aabenraa,1083,"Region Syddanmark"
"Kogager, 6230 Rødekro",Kogager,6230,0580,Aabenraa,1083,"Region Syddanmark"
"Smedeby, 6340 Kruså",Smedeby,6340,0580,Aabenraa,1083,"Region Syddanmark"
"Genner, 6230 Rødekro",Genner,6230,0580,Aabenraa,1083,"Region Syddanmark"
"Tumbøl, 6200 Aabenraa",Tumbøl,6200,0580,Aabenraa,1083,"Region Syddanmark"
"Styrtom, 6200 Aabenraa",Styrtom,6200,0580,Aabenraa,1083,"Region Syddanmark"
"Havebakkegård, 8670 Låsby",Havebakkegård,8670,0746,Skanderborg,1082,"Region Midtjylland"
"Gl. Rye, 8680 Ry","Gl. Rye",8680,0615,Horsens,1082,"Region Midtjylland"
"Brørup, 8660 Skanderborg",Brørup,8660,0615,Horsens,1082,"Region Midtjylland"
"Hem, 8660 Skanderborg",Hem,8660,0615,Horsens,1082,"Region Midtjylland"
"Ejer, 8660 Skanderborg",Ejer,8660,0615,Horsens,1082,"Region Midtjylland"
"Nygaarde, 8680 Ry",Nygaarde,8680,0615,Horsens,1082,"Region Midtjylland"
"Bjedstrup, 8660 Skanderborg",Bjedstrup,8660,0615,Horsens,1082,"Region Midtjylland"
"Hf Wenezuela, 8660 Skanderborg","Hf Wenezuela",8660,0615,Horsens,1082,"Region Midtjylland"
"Ersholt, 8670 Låsby",Ersholt,8670,0746,Skanderborg,1082,"Region Midtjylland"
"Bjødstrup, 8660 Skanderborg",Bjødstrup,8660,0615,Horsens,1082,"Region Midtjylland"
"Voerladegård, 8660 Skanderborg",Voerladegård,8660,0615,Horsens,1082,"Region Midtjylland"
"Bøgild, 8620 Kjellerup",Bøgild,8620,0740,Silkeborg,1082,"Region Midtjylland"
"Engetved, 8653 Them",Engetved,8653,0740,Silkeborg,1082,"Region Midtjylland"
"Vrads, 7362 Hampen",Vrads,7362,0740,Silkeborg,1082,"Region Midtjylland"
"Vrads, 8654 Bryrup",Vrads,8654,0615,Horsens,1082,"Region Midtjylland"
"Jævndal, 8653 Them",Jævndal,8653,0740,Silkeborg,1082,"Region Midtjylland"
"Borup, 8600 Silkeborg",Borup,8600,0740,Silkeborg,1082,"Region Midtjylland"
"Impgård, 8620 Kjellerup",Impgård,8620,0740,Silkeborg,1082,"Region Midtjylland"
"Skannerup, 8883 Gjern",Skannerup,8883,0740,Silkeborg,1082,"Region Midtjylland"
"Hinge, 8620 Kjellerup",Hinge,8620,0740,Silkeborg,1082,"Region Midtjylland"
"Funderholme, 8600 Silkeborg",Funderholme,8600,0740,Silkeborg,1082,"Region Midtjylland"
"Marienlund Haveforening, 8600 Silkeborg","Marienlund Haveforening",8600,0740,Silkeborg,1082,"Region Midtjylland"
"Løndal, 8740 Brædstrup",Løndal,8740,0615,Horsens,1082,"Region Midtjylland"
"Nårup, 8883 Gjern",Nårup,8883,0740,Silkeborg,1082,"Region Midtjylland"
"Mørdrup, 3550 Slangerup",Mørdrup,3550,0201,Allerød,1084,"Region Hovedstaden"
"Ejby, 2600 Glostrup",Ejby,2600,0153,Brøndby,1084,"Region Hovedstaden"
"Danstrup, 3480 Fredensborg",Danstrup,3480,0210,Fredensborg,1084,"Region Hovedstaden"
"Danstrup, 3490 Kvistgård",Danstrup,3490,0210,Fredensborg,1084,"Region Hovedstaden"
"Hvam, 8620 Kjellerup",Hvam,8620,0740,Silkeborg,1082,"Region Midtjylland"
"Gelsted Mose, 5591 Gelsted","Gelsted Mose",5591,0410,Middelfart,1083,"Region Syddanmark"
"Karlebjerg, 5592 Ejby",Karlebjerg,5592,0410,Middelfart,1083,"Region Syddanmark"
"Ludvigsgårde, 5591 Gelsted",Ludvigsgårde,5591,0410,Middelfart,1083,"Region Syddanmark"
"Byllerup, 5580 Nørre Aaby",Byllerup,5580,0410,Middelfart,1083,"Region Syddanmark"
"Kielshøj, 5560 Aarup",Kielshøj,5560,0410,Middelfart,1083,"Region Syddanmark"
"Nakke, 5592 Ejby",Nakke,5592,0410,Middelfart,1083,"Region Syddanmark"
"Voldby Mark, 5500 Middelfart","Voldby Mark",5500,0410,Middelfart,1083,"Region Syddanmark"
"Ellekær, 5463 Harndrup",Ellekær,5463,0410,Middelfart,1083,"Region Syddanmark"
"Semb, 7790 Thyholm",Semb,7790,0671,Struer,1082,"Region Midtjylland"
"Hvidbjerg, 7790 Thyholm",Hvidbjerg,7790,0671,Struer,1082,"Region Midtjylland"
"Gimsing, 7560 Hjerm",Gimsing,7560,0661,Holstebro,1082,"Region Midtjylland"
"Gimsing, 7600 Struer",Gimsing,7600,0661,Holstebro,1082,"Region Midtjylland"
"Humlum, 7600 Struer",Humlum,7600,0661,Holstebro,1082,"Region Midtjylland"
"Humlum, 7620 Lemvig",Humlum,7620,0665,Lemvig,1082,"Region Midtjylland"
"Gamborg, 5500 Middelfart",Gamborg,5500,0410,Middelfart,1083,"Region Syddanmark"
"Sdr Åby, 5592 Ejby","Sdr Åby",5592,0410,Middelfart,1083,"Region Syddanmark"
"Skovløkke, 5580 Nørre Aaby",Skovløkke,5580,0410,Middelfart,1083,"Region Syddanmark"
"Reerslev, 2640 Hedehusene",Reerslev,2640,0169,Høje-Taastrup,1084,"Region Hovedstaden"
"Næsborg, 9670 Løgstør",Næsborg,9670,0820,Vesthimmerlands,1081,"Region Nordjylland"
"Isenvad, 7430 Ikast",Isenvad,7430,0756,Ikast-Brande,1082,"Region Midtjylland"
"Kelddalgårde, 9240 Nibe",Kelddalgårde,9240,0820,Vesthimmerlands,1081,"Region Nordjylland"
"Gedsted, 9631 Gedsted",Gedsted,9631,0791,Viborg,1082,"Region Midtjylland"
"Grættrup, 8766 Nørre Snede",Grættrup,8766,0756,Ikast-Brande,1082,"Region Midtjylland"
"Kornum, 9670 Løgstør",Kornum,9670,0820,Vesthimmerlands,1081,"Region Nordjylland"
"Astrup, 8355 Solbjerg",Astrup,8355,0751,Aarhus,1082,"Region Midtjylland"
"Vansted, 9670 Løgstør",Vansted,9670,0820,Vesthimmerlands,1081,"Region Nordjylland"
"Vansted, 9681 Ranum",Vansted,9681,0820,Vesthimmerlands,1081,"Region Nordjylland"
"L Ajstrup, 9240 Nibe","L Ajstrup",9240,0820,Vesthimmerlands,1081,"Region Nordjylland"
"L Ajstrup, 9600 Aars","L Ajstrup",9600,0820,Vesthimmerlands,1081,"Region Nordjylland"
"Langkær, 7330 Brande",Langkær,7330,0630,Vejle,1083,"Region Syddanmark"
"Rønslunde, 7361 Ejstrupholm",Rønslunde,7361,0630,Vejle,1083,"Region Syddanmark"
"Framlev, 8462 Harlev J",Framlev,8462,0751,Aarhus,1082,"Region Midtjylland"
"Padkær, 9670 Løgstør",Padkær,9670,0820,Vesthimmerlands,1081,"Region Nordjylland"
"Nordby, 7330 Brande",Nordby,7330,0630,Vejle,1083,"Region Syddanmark"
"Mustrup, 8320 Mårslet",Mustrup,8320,0751,Aarhus,1082,"Region Midtjylland"
"Skejby, 8200 Aarhus N",Skejby,8200,0751,Aarhus,1082,"Region Midtjylland"
"Skejby, 8240 Risskov",Skejby,8240,0751,Aarhus,1082,"Region Midtjylland"
"Bandsholm, 9600 Aars",Bandsholm,9600,0820,Vesthimmerlands,1081,"Region Nordjylland"
"Malle Hedegd, 9670 Løgstør","Malle Hedegd",9670,0820,Vesthimmerlands,1081,"Region Nordjylland"
"Lisbjerg, 8200 Aarhus N",Lisbjerg,8200,0751,Aarhus,1082,"Region Midtjylland"
"Lisbjerg, 8380 Trige",Lisbjerg,8380,0710,Favrskov,1082,"Region Midtjylland"
"Blære, 9600 Aars",Blære,9600,0820,Vesthimmerlands,1081,"Region Nordjylland"
"Østergård, 8340 Malling",Østergård,8340,0727,Odder,1082,"Region Midtjylland"
"Ulstrup, 9600 Aars",Ulstrup,9600,0820,Vesthimmerlands,1081,"Region Nordjylland"
"Nr Dalby, 4140 Borup","Nr Dalby",4140,0259,Køge,1085,"Region Sjælland"
"Fløjterup, 4682 Tureby",Fløjterup,4682,0259,Køge,1085,"Region Sjælland"
"Tulstrup, 8340 Malling",Tulstrup,8340,0727,Odder,1082,"Region Midtjylland"
"Skovvænget, 9620 Aalestrup",Skovvænget,9620,0791,Viborg,1082,"Region Midtjylland"
"Løgstør, 9670 Løgstør",Løgstør,9670,0820,Vesthimmerlands,1081,"Region Nordjylland"
"Vedde, 4295 Stenlille",Vedde,4295,0316,Holbæk,1085,"Region Sjælland"
"Vorre, 8541 Skødstrup",Vorre,8541,0751,Aarhus,1082,"Region Midtjylland"
"Grårupgårde, 9600 Aars",Grårupgårde,9600,0820,Vesthimmerlands,1081,"Region Nordjylland"
"Dybendal, 4190 Munke Bjergby",Dybendal,4190,0330,Slagelse,1085,"Region Sjælland"
"Svoldrup, 9640 Farsø",Svoldrup,9640,0820,Vesthimmerlands,1081,"Region Nordjylland"
"Ågård, 9600 Aars",Ågård,9600,0820,Vesthimmerlands,1081,"Region Nordjylland"
"Vesterris, 9620 Aalestrup",Vesterris,9620,0791,Viborg,1082,"Region Midtjylland"
"Edslev, 8362 Hørning",Edslev,8362,0746,Skanderborg,1082,"Region Midtjylland"
"Tambohus, 7790 Thyholm",Tambohus,7790,0671,Struer,1082,"Region Midtjylland"
"Vindeby, 4913 Horslunde",Vindeby,4913,0360,Lolland,1085,"Region Sjælland"
"Trebjerg, 8762 Flemming",Trebjerg,8762,0615,Horsens,1082,"Region Midtjylland"
"Nebbelunde, 4970 Rødby",Nebbelunde,4970,0360,Lolland,1085,"Region Sjælland"
"Bjernæs, 4970 Rødby",Bjernæs,4970,0360,Lolland,1085,"Region Sjælland"
"Klakring, 7130 Juelsminde",Klakring,7130,0766,Hedensted,1082,"Region Midtjylland"
"Korning, 8700 Horsens",Korning,8700,0615,Horsens,1082,"Region Midtjylland"
"Korning, 8723 Løsning",Korning,8723,0766,Hedensted,1082,"Region Midtjylland"
"Østrup, 7130 Juelsminde",Østrup,7130,0766,Hedensted,1082,"Region Midtjylland"
"Munkeby, 4900 Nakskov",Munkeby,4900,0360,Lolland,1085,"Region Sjælland"
"Langø, 4900 Nakskov",Langø,4900,0360,Lolland,1085,"Region Sjælland"
"Assendrup, 7120 Vejle Øst",Assendrup,7120,0630,Vejle,1083,"Region Syddanmark"
"Asp, 7600 Struer",Asp,7600,0661,Holstebro,1082,"Region Midtjylland"
"Oddesund Syd, 7600 Struer","Oddesund Syd",7600,0661,Holstebro,1082,"Region Midtjylland"
"Ravnsborggård, 7130 Juelsminde",Ravnsborggård,7130,0766,Hedensted,1082,"Region Midtjylland"
"Ølholm, 7160 Tørring",Ølholm,7160,0630,Vejle,1083,"Region Syddanmark"
"Klippinge, 4672 Klippinge",Klippinge,4672,0336,Stevns,1085,"Region Sjælland"
"Valløby, 4600 Køge",Valløby,4600,0259,Køge,1085,"Region Sjælland"
"Laage, 7100 Vejle",Laage,7100,0630,Vejle,1083,"Region Syddanmark"
"Laage, 7160 Tørring",Laage,7160,0630,Vejle,1083,"Region Syddanmark"
"Overby, 7130 Juelsminde",Overby,7130,0766,Hedensted,1082,"Region Midtjylland"
"Linnerup, 7160 Tørring",Linnerup,7160,0630,Vejle,1083,"Region Syddanmark"
"Sandvad, 8766 Nørre Snede",Sandvad,8766,0756,Ikast-Brande,1082,"Region Midtjylland"
"Himlingøje, 4652 Hårlev",Himlingøje,4652,0320,Faxe,1085,"Region Sjælland"
"Frøslev, 4660 Store Heddinge",Frøslev,4660,0336,Stevns,1085,"Region Sjælland"
"Frøslev, 4673 Rødvig Stevns",Frøslev,4673,0336,Stevns,1085,"Region Sjælland"
"Hyldtofte Fl, 4970 Rødby","Hyldtofte Fl",4970,0360,Lolland,1085,"Region Sjælland"
"Hornborg, 8762 Flemming",Hornborg,8762,0615,Horsens,1082,"Region Midtjylland"
"Belle, 7140 Stouby",Belle,7140,0766,Hedensted,1082,"Region Midtjylland"
"Sdr Torp, 7130 Juelsminde","Sdr Torp",7130,0766,Hedensted,1082,"Region Midtjylland"
"Sdr Torp, 7150 Barrit","Sdr Torp",7150,0766,Hedensted,1082,"Region Midtjylland"
"Magleby, 4672 Klippinge",Magleby,4672,0336,Stevns,1085,"Region Sjælland"
"Løgballe, 7140 Stouby",Løgballe,7140,0766,Hedensted,1082,"Region Midtjylland"
"Hornum, 8783 Hornsyld",Hornum,8783,0615,Horsens,1082,"Region Midtjylland"
"Kragelund Fl, 8723 Løsning","Kragelund Fl",8723,0766,Hedensted,1082,"Region Midtjylland"
"Ø Snede, 8723 Løsning","Ø Snede",8723,0766,Hedensted,1082,"Region Midtjylland"
"Roslev By, 7870 Roslev","Roslev By",7870,0779,Skive,1082,"Region Midtjylland"
"Halskov, 7840 Højslev",Halskov,7840,0779,Skive,1082,"Region Midtjylland"
"Skoven, 3630 Jægerspris",Skoven,3630,0250,Frederikssund,1084,"Region Hovedstaden"
"Østerris, 7840 Højslev",Østerris,7840,0779,Skive,1082,"Region Midtjylland"
"Nr. Thise, 7870 Roslev","Nr. Thise",7870,0779,Skive,1082,"Region Midtjylland"
"Højslev K, 7840 Højslev","Højslev K",7840,0779,Skive,1082,"Region Midtjylland"
"Manderup, 4050 Skibby",Manderup,4050,0250,Frederikssund,1084,"Region Hovedstaden"
"Spøttrup Mark, 7860 Spøttrup","Spøttrup Mark",7860,0779,Skive,1082,"Region Midtjylland"
"Degnsgårde, 7840 Højslev",Degnsgårde,7840,0779,Skive,1082,"Region Midtjylland"
"Hesselbjerg, 4291 Ruds Vedby",Hesselbjerg,4291,0326,Kalundborg,1085,"Region Sjælland"
"Hesselbjerg, 4293 Dianalund",Hesselbjerg,4293,0326,Kalundborg,1085,"Region Sjælland"
"Dalby Strand, 4281 Gørlev","Dalby Strand",4281,0326,Kalundborg,1085,"Region Sjælland"
"Venslev, 3630 Jægerspris",Venslev,3630,0250,Frederikssund,1084,"Region Hovedstaden"
"Venslev, 4050 Skibby",Venslev,4050,0250,Frederikssund,1084,"Region Hovedstaden"
"Korsø, 9620 Aalestrup",Korsø,9620,0791,Viborg,1082,"Region Midtjylland"
"Veddum, 9560 Hadsund",Veddum,9560,0840,Rebild,1081,"Region Nordjylland"
"Ulstrup, 4281 Gørlev",Ulstrup,4281,0326,Kalundborg,1085,"Region Sjælland"
"Jørlunde, 3550 Slangerup",Jørlunde,3550,0201,Allerød,1084,"Region Hovedstaden"
"Dølby, 7800 Skive",Dølby,7800,0661,Holstebro,1082,"Region Midtjylland"
"Bustrup Mark, 7860 Spøttrup","Bustrup Mark",7860,0779,Skive,1082,"Region Midtjylland"
"Rønbjerg Kær, 7800 Skive","Rønbjerg Kær",7800,0661,Holstebro,1082,"Region Midtjylland"
"Gammel Hald, 7840 Højslev","Gammel Hald",7840,0779,Skive,1082,"Region Midtjylland"
"Selchausdal, 4291 Ruds Vedby",Selchausdal,4291,0326,Kalundborg,1085,"Region Sjælland"
"Kragerup, 4200 Slagelse",Kragerup,4200,0326,Kalundborg,1085,"Region Sjælland"
"Kragerup, 4291 Ruds Vedby",Kragerup,4291,0326,Kalundborg,1085,"Region Sjælland"
"Kragerup, 4293 Dianalund",Kragerup,4293,0326,Kalundborg,1085,"Region Sjælland"
"Tågerup, 4291 Ruds Vedby",Tågerup,4291,0326,Kalundborg,1085,"Region Sjælland"
"Vallekilde, 4534 Hørve",Vallekilde,4534,0306,Odsherred,1085,"Region Sjælland"
"Løve, 4270 Høng",Løve,4270,0326,Kalundborg,1085,"Region Sjælland"
"Torsmark, 7860 Spøttrup",Torsmark,7860,0779,Skive,1082,"Region Midtjylland"
"Estvad, 7800 Skive",Estvad,7800,0661,Holstebro,1082,"Region Midtjylland"
"Estvadg Mark, 7800 Skive","Estvadg Mark",7800,0661,Holstebro,1082,"Region Midtjylland"
"Gørlev Ornum, 4281 Gørlev","Gørlev Ornum",4281,0326,Kalundborg,1085,"Region Sjælland"
"Knudstrup, 4270 Høng",Knudstrup,4270,0326,Kalundborg,1085,"Region Sjælland"
"Tolstrup, 7800 Skive",Tolstrup,7800,0661,Holstebro,1082,"Region Midtjylland"
"Tøndering, 7870 Roslev",Tøndering,7870,0779,Skive,1082,"Region Midtjylland"
"Holmgård, 8990 Fårup",Holmgård,8990,0730,Randers,1082,"Region Midtjylland"
"S Onsild Kb, 9500 Hobro","S Onsild Kb",9500,0791,Viborg,1082,"Region Midtjylland"
"Kjellerup, 9550 Mariager",Kjellerup,9550,0730,Randers,1082,"Region Midtjylland"
"Kulby, 4270 Høng",Kulby,4270,0326,Kalundborg,1085,"Region Sjælland"
"Kulby, 4291 Ruds Vedby",Kulby,4291,0326,Kalundborg,1085,"Region Sjælland"
"Glerup, 9510 Arden",Glerup,9510,0840,Rebild,1081,"Region Nordjylland"
"Glerup, 9560 Hadsund",Glerup,9560,0840,Rebild,1081,"Region Nordjylland"
"Gundestrup, 8990 Fårup",Gundestrup,8990,0730,Randers,1082,"Region Midtjylland"
"Gundestrup, 9500 Hobro",Gundestrup,9500,0791,Viborg,1082,"Region Midtjylland"
"Glentehaven, 4270 Høng",Glentehaven,4270,0326,Kalundborg,1085,"Region Sjælland"
"Havnsø Str, 4591 Føllenslev","Havnsø Str",4591,0306,Odsherred,1085,"Region Sjælland"
"Bjerge Sydstrand, 4281 Gørlev","Bjerge Sydstrand",4281,0326,Kalundborg,1085,"Region Sjælland"
"Bjerge Sydstrand, 4480 Store Fuglede","Bjerge Sydstrand",4480,0326,Kalundborg,1085,"Region Sjælland"
"Nørager, 4291 Ruds Vedby",Nørager,4291,0326,Kalundborg,1085,"Region Sjælland"
"Forsinge, 4470 Svebølle",Forsinge,4470,0316,Holbæk,1085,"Region Sjælland"
"Forsinge, 4490 Jerslev Sjælland",Forsinge,4490,0326,Kalundborg,1085,"Region Sjælland"
"Nautrup, 7870 Roslev",Nautrup,7870,0779,Skive,1082,"Region Midtjylland"
"Gåsemose, 7870 Roslev",Gåsemose,7870,0779,Skive,1082,"Region Midtjylland"
"Kyndby, 3630 Jægerspris",Kyndby,3630,0250,Frederikssund,1084,"Region Hovedstaden"
"Over Draaby, 3630 Jægerspris","Over Draaby",3630,0250,Frederikssund,1084,"Region Hovedstaden"
"Sæbygård Feriecenter, 7870 Roslev","Sæbygård Feriecenter",7870,0779,Skive,1082,"Region Midtjylland"
"Trinnerup, 9510 Arden",Trinnerup,9510,0840,Rebild,1081,"Region Nordjylland"
"Bjerge By, 4480 Store Fuglede","Bjerge By",4480,0326,Kalundborg,1085,"Region Sjælland"
"Selsø, 4050 Skibby",Selsø,4050,0250,Frederikssund,1084,"Region Hovedstaden"
"Lille Rørbæk, 3600 Frederikssund","Lille Rørbæk",3600,0219,Hillerød,1084,"Region Hovedstaden"
"Ll Ramsing, 7860 Spøttrup","Ll Ramsing",7860,0779,Skive,1082,"Region Midtjylland"
"Øksenvad, 7800 Skive",Øksenvad,7800,0661,Holstebro,1082,"Region Midtjylland"
"Brøndum, 9500 Hobro",Brøndum,9500,0791,Viborg,1082,"Region Midtjylland"
"Viskinge, 4470 Svebølle",Viskinge,4470,0316,Holbæk,1085,"Region Sjælland"
"Dølbyvad, 7800 Skive",Dølbyvad,7800,0661,Holstebro,1082,"Region Midtjylland"
"Gandrup, 9500 Hobro",Gandrup,9500,0791,Viborg,1082,"Region Midtjylland"
"Gandrup, 9510 Arden",Gandrup,9510,0840,Rebild,1081,"Region Nordjylland"
"Børkop Skov, 7080 Børkop","Børkop Skov",7080,0630,Vejle,1083,"Region Syddanmark"
"Brøndsted, 7000 Fredericia",Brøndsted,7000,0607,Fredericia,1083,"Region Syddanmark"
"Øgelund, 7323 Give",Øgelund,7323,0630,Vejle,1083,"Region Syddanmark"
"Øgelund, 7330 Brande",Øgelund,7330,0630,Vejle,1083,"Region Syddanmark"
"Ålbæk, 7323 Give",Ålbæk,7323,0630,Vejle,1083,"Region Syddanmark"
"Grenen, 9500 Hobro",Grenen,9500,0791,Viborg,1082,"Region Midtjylland"
"Brejning, 7080 Børkop",Brejning,7080,0630,Vejle,1083,"Region Syddanmark"
"Lillearden, 9510 Arden",Lillearden,9510,0840,Rebild,1081,"Region Nordjylland"
"Kielstrup, 9500 Hobro",Kielstrup,9500,0791,Viborg,1082,"Region Midtjylland"
"Randbøldal, 7183 Randbøl",Randbøldal,7183,0630,Vejle,1083,"Region Syddanmark"
"Balle, 7182 Bredsten",Balle,7182,0630,Vejle,1083,"Region Syddanmark"
"Søndersthoved, 7323 Give",Søndersthoved,7323,0630,Vejle,1083,"Region Syddanmark"
"Stauerslund, 9500 Hobro",Stauerslund,9500,0791,Viborg,1082,"Region Midtjylland"
"Skelund, 9560 Hadsund",Skelund,9560,0840,Rebild,1081,"Region Nordjylland"
"Blaakærskov, 6040 Egtved",Blaakærskov,6040,0621,Kolding,1083,"Region Syddanmark"
"Blaakærskov, 7100 Vejle",Blaakærskov,7100,0630,Vejle,1083,"Region Syddanmark"
"Sødover, 7182 Bredsten",Sødover,7182,0630,Vejle,1083,"Region Syddanmark"
"Gravens, 6040 Egtved",Gravens,6040,0621,Kolding,1083,"Region Syddanmark"
"Oue Mark, 9500 Hobro","Oue Mark",9500,0791,Viborg,1082,"Region Midtjylland"
"Andkær, 7080 Børkop",Andkær,7080,0630,Vejle,1083,"Region Syddanmark"
"Andkær, 7100 Vejle",Andkær,7100,0630,Vejle,1083,"Region Syddanmark"
"Hjeds, 9500 Hobro",Hjeds,9500,0791,Viborg,1082,"Region Midtjylland"
"Bregnhoved, 7323 Give",Bregnhoved,7323,0630,Vejle,1083,"Region Syddanmark"
"Thise, 9700 Brønderslev",Thise,9700,0810,Brønderslev,1081,"Region Nordjylland"
"Thorup, 9320 Hjallerup",Thorup,9320,0810,Brønderslev,1081,"Region Nordjylland"
"Thorup, 9330 Dronninglund",Thorup,9330,0810,Brønderslev,1081,"Region Nordjylland"
"Dorf, 9330 Dronninglund",Dorf,9330,0810,Brønderslev,1081,"Region Nordjylland"
"Karls, 9500 Hobro",Karls,9500,0791,Viborg,1082,"Region Midtjylland"
"Sterup, 9740 Jerslev J",Sterup,9740,0810,Brønderslev,1081,"Region Nordjylland"
"Klæstrup, 9740 Jerslev J",Klæstrup,9740,0810,Brønderslev,1081,"Region Nordjylland"
"Harresø, 7300 Jelling",Harresø,7300,0630,Vejle,1083,"Region Syddanmark"
"Harresø, 7323 Give",Harresø,7323,0630,Vejle,1083,"Region Syddanmark"
"Idskov, 9330 Dronninglund",Idskov,9330,0810,Brønderslev,1081,"Region Nordjylland"
"Idskov, 9352 Dybvad",Idskov,9352,0810,Brønderslev,1081,"Region Nordjylland"
"Langelund, 7323 Give",Langelund,7323,0630,Vejle,1083,"Region Syddanmark"
"Hedegård, 7323 Give",Hedegård,7323,0630,Vejle,1083,"Region Syddanmark"
"Alsted Mark, 7173 Vonge","Alsted Mark",7173,0630,Vejle,1083,"Region Syddanmark"
"Stilbjerg, 7190 Billund",Stilbjerg,7190,0530,Billund,1083,"Region Syddanmark"
"Stilbjerg, 7323 Give",Stilbjerg,7323,0630,Vejle,1083,"Region Syddanmark"
"Håstrup, 7000 Fredericia",Håstrup,7000,0607,Fredericia,1083,"Region Syddanmark"
"Velgårde, 8766 Nørre Snede",Velgårde,8766,0756,Ikast-Brande,1082,"Region Midtjylland"
"Givskudlund, 7323 Give",Givskudlund,7323,0630,Vejle,1083,"Region Syddanmark"
"Thyregod, 7323 Give",Thyregod,7323,0630,Vejle,1083,"Region Syddanmark"
"Bøllund, 7323 Give",Bøllund,7323,0630,Vejle,1083,"Region Syddanmark"
"Flauenskjold, 9330 Dronninglund",Flauenskjold,9330,0810,Brønderslev,1081,"Region Nordjylland"
"Flauenskjold, 9352 Dybvad",Flauenskjold,9352,0810,Brønderslev,1081,"Region Nordjylland"
"Lyngby, 7323 Give",Lyngby,7323,0630,Vejle,1083,"Region Syddanmark"
"Hanevadsholm, 2740 Skovlunde",Hanevadsholm,2740,0151,Ballerup,1084,"Region Hovedstaden"
"Vindelev, 7300 Jelling",Vindelev,7300,0630,Vejle,1083,"Region Syddanmark"
"Grønnæs, 5970 Ærøskøbing",Grønnæs,5970,0492,Ærø,1083,"Region Syddanmark"
"Højgård, 7100 Vejle",Højgård,7100,0630,Vejle,1083,"Region Syddanmark"
"Hørup, 7100 Vejle",Hørup,7100,0630,Vejle,1083,"Region Syddanmark"
"Hørup, 7300 Jelling",Hørup,7300,0630,Vejle,1083,"Region Syddanmark"
"Hestholm, 2750 Ballerup",Hestholm,2750,0151,Ballerup,1084,"Region Hovedstaden"
"Gårslev Ømk, 7080 Børkop","Gårslev Ømk",7080,0630,Vejle,1083,"Region Syddanmark"
"Thyregodlund, 7323 Give",Thyregodlund,7323,0630,Vejle,1083,"Region Syddanmark"
"Thyregod Mark, 7323 Give","Thyregod Mark",7323,0630,Vejle,1083,"Region Syddanmark"
"Løvdal, 7361 Ejstrupholm",Løvdal,7361,0630,Vejle,1083,"Region Syddanmark"
"Broløs, 9550 Mariager",Broløs,9550,0730,Randers,1082,"Region Midtjylland"
"Sdr Hygum, 6630 Rødding","Sdr Hygum",6630,0510,Haderslev,1083,"Region Syddanmark"
"Faurbjerg, 4300 Holbæk",Faurbjerg,4300,0316,Holbæk,1085,"Region Sjælland"
"Kundby, 4520 Svinninge",Kundby,4520,0316,Holbæk,1085,"Region Sjælland"
"Ulkestrup, 4440 Mørkøv",Ulkestrup,4440,0316,Holbæk,1085,"Region Sjælland"
"Tingtved-Borup, 4300 Holbæk",Tingtved-Borup,4300,0316,Holbæk,1085,"Region Sjælland"
"Vester Hassing, 9310 Vodskov","Vester Hassing",9310,0851,Aalborg,1081,"Region Nordjylland"
"Valsted, 9240 Nibe",Valsted,9240,0820,Vesthimmerlands,1081,"Region Nordjylland"
"Frejstrup, 9240 Nibe",Frejstrup,9240,0820,Vesthimmerlands,1081,"Region Nordjylland"
"Bojsnap, 6630 Rødding",Bojsnap,6630,0510,Haderslev,1083,"Region Syddanmark"
"Kærsholm, 9280 Storvorde",Kærsholm,9280,0851,Aalborg,1081,"Region Nordjylland"
"Kærsholm, 9293 Kongerslev",Kærsholm,9293,0840,Rebild,1081,"Region Nordjylland"
"Mikkelmark, 9370 Hals",Mikkelmark,9370,0810,Brønderslev,1081,"Region Nordjylland"
"Krogstrup, 6630 Rødding",Krogstrup,6630,0510,Haderslev,1083,"Region Syddanmark"
"Askov Mark, 6600 Vejen","Askov Mark",6600,0575,Vejen,1083,"Region Syddanmark"
"Jelsmark, 6630 Rødding",Jelsmark,6630,0510,Haderslev,1083,"Region Syddanmark"
"V. Hovborg, 6682 Hovborg","V. Hovborg",6682,0530,Billund,1083,"Region Syddanmark"
"Hf. Møllevangen, 4300 Holbæk","Hf. Møllevangen",4300,0316,Holbæk,1085,"Region Sjælland"
"Askov, 4440 Mørkøv",Askov,4440,0316,Holbæk,1085,"Region Sjælland"
"Gudumholm, 9280 Storvorde",Gudumholm,9280,0851,Aalborg,1081,"Region Nordjylland"
"Askov, 6600 Vejen",Askov,6600,0575,Vejen,1083,"Region Syddanmark"
"Haltrup, 6800 Varde",Haltrup,6800,0573,Varde,1083,"Region Syddanmark"
"Haltrup, 6823 Ansager",Haltrup,6823,0530,Billund,1083,"Region Syddanmark"
"Sdr Marken, 6800 Varde","Sdr Marken",6800,0573,Varde,1083,"Region Syddanmark"
"Gamst, 6600 Vejen",Gamst,6600,0575,Vejen,1083,"Region Syddanmark"
"Andst, 6600 Vejen",Andst,6600,0575,Vejen,1083,"Region Syddanmark"
"Mou, 9280 Storvorde",Mou,9280,0851,Aalborg,1081,"Region Nordjylland"
"Københoved, 6630 Rødding",Københoved,6630,0510,Haderslev,1083,"Region Syddanmark"
"Sekjær, 6670 Holsted",Sekjær,6670,0561,Esbjerg,1083,"Region Syddanmark"
"Hulvad, 6650 Brørup",Hulvad,6650,0575,Vejen,1083,"Region Syddanmark"
"Langhede, 6800 Varde",Langhede,6800,0573,Varde,1083,"Region Syddanmark"
"Udby, 4300 Holbæk",Udby,4300,0316,Holbæk,1085,"Region Sjælland"
"Kyø, 9240 Nibe",Kyø,9240,0820,Vesthimmerlands,1081,"Region Nordjylland"
"Nørbølling, 6650 Brørup",Nørbølling,6650,0575,Vejen,1083,"Region Syddanmark"
"Ounbøl Sig, 6800 Varde","Ounbøl Sig",6800,0573,Varde,1083,"Region Syddanmark"
"Veerst Mark, 6600 Vejen","Veerst Mark",6600,0575,Vejen,1083,"Region Syddanmark"
"Estrup Mark, 6600 Vejen","Estrup Mark",6600,0575,Vejen,1083,"Region Syddanmark"
"Katbøl, 6752 Glejbjerg",Katbøl,6752,0575,Vejen,1083,"Region Syddanmark"
"Kajemose, 4450 Jyderup",Kajemose,4450,0316,Holbæk,1085,"Region Sjælland"
"Ø Aastrup, 6752 Glejbjerg","Ø Aastrup",6752,0575,Vejen,1083,"Region Syddanmark"
"Hf. Rørvangsparken, 4300 Holbæk","Hf. Rørvangsparken",4300,0316,Holbæk,1085,"Region Sjælland"
"Arnakke, 4390 Vipperød",Arnakke,4390,0316,Holbæk,1085,"Region Sjælland"
"Søtofte, 4100 Ringsted",Søtofte,4100,0259,Køge,1085,"Region Sjælland"
"Lundby, 9240 Nibe",Lundby,9240,0820,Vesthimmerlands,1081,"Region Nordjylland"
"Tuesbøl, 6650 Brørup",Tuesbøl,6650,0575,Vejen,1083,"Region Syddanmark"
"Tirslund, 6650 Brørup",Tirslund,6650,0575,Vejen,1083,"Region Syddanmark"
"Tirslund, 6670 Holsted",Tirslund,6670,0561,Esbjerg,1083,"Region Syddanmark"
"Kvarmløse, 4340 Tølløse",Kvarmløse,4340,0316,Holbæk,1085,"Region Sjælland"
"Staun, 9240 Nibe",Staun,9240,0820,Vesthimmerlands,1081,"Region Nordjylland"
"Øster Hassing, 9362 Gandrup","Øster Hassing",9362,0851,Aalborg,1081,"Region Nordjylland"
"Bredetved, 4300 Holbæk",Bredetved,4300,0316,Holbæk,1085,"Region Sjælland"
"Ordrup, 4370 Store Merløse",Ordrup,4370,0316,Holbæk,1085,"Region Sjælland"
"Skovbølling, 6752 Glejbjerg",Skovbølling,6752,0575,Vejen,1083,"Region Syddanmark"
"Andelslandsbyen, 4300 Holbæk",Andelslandsbyen,4300,0316,Holbæk,1085,"Region Sjælland"
"Vallestrup, 4300 Holbæk",Vallestrup,4300,0316,Holbæk,1085,"Region Sjælland"
"Grøntved Odr, 4340 Tølløse","Grøntved Odr",4340,0316,Holbæk,1085,"Region Sjælland"
"Brønde, 4305 Orø",Brønde,4305,0316,Holbæk,1085,"Region Sjælland"
"Hagesholm, 4520 Svinninge",Hagesholm,4520,0316,Holbæk,1085,"Region Sjælland"
"Nørup, 4420 Regstrup",Nørup,4420,0316,Holbæk,1085,"Region Sjælland"
"Simested, 9240 Nibe",Simested,9240,0820,Vesthimmerlands,1081,"Region Nordjylland"
"Skørbæk, 9240 Nibe",Skørbæk,9240,0820,Vesthimmerlands,1081,"Region Nordjylland"
"Tjørnede, 4340 Tølløse",Tjørnede,4340,0316,Holbæk,1085,"Region Sjælland"
"Sasserup, 4300 Holbæk",Sasserup,4300,0316,Holbæk,1085,"Region Sjælland"
"Nr. Kongerslev, 9280 Storvorde","Nr. Kongerslev",9280,0851,Aalborg,1081,"Region Nordjylland"
"Nr. Kongerslev, 9293 Kongerslev","Nr. Kongerslev",9293,0840,Rebild,1081,"Region Nordjylland"
"Vejerslev, 7970 Redsted M",Vejerslev,7970,0773,Morsø,1081,"Region Nordjylland"
"Vejerslev, 7980 Vils",Vejerslev,7980,0773,Morsø,1081,"Region Nordjylland"
"Ravnebjerg, 5953 Tranekær",Ravnebjerg,5953,0482,Langeland,1083,"Region Syddanmark"
"Ålbæk, 7860 Spøttrup",Ålbæk,7860,0779,Skive,1082,"Region Midtjylland"
"Ø. Grønning, 7870 Roslev","Ø. Grønning",7870,0779,Skive,1082,"Region Midtjylland"
"Vesteregnen, 5932 Humble",Vesteregnen,5932,0482,Langeland,1083,"Region Syddanmark"
"Vesteregnen, 5935 Bagenkop",Vesteregnen,5935,0482,Langeland,1083,"Region Syddanmark"
"Præstegårde, 7884 Fur",Præstegårde,7884,0779,Skive,1082,"Region Midtjylland"
"Løkkeby, 5900 Rudkøbing",Løkkeby,5900,0482,Langeland,1083,"Region Syddanmark"
"Løkkeby, 5953 Tranekær",Løkkeby,5953,0482,Langeland,1083,"Region Syddanmark"
"Herslev, 5900 Rudkøbing",Herslev,5900,0482,Langeland,1083,"Region Syddanmark"
"Gl. Tølløse, 4340 Tølløse","Gl. Tølløse",4340,0316,Holbæk,1085,"Region Sjælland"
"Tåstrup, 4300 Holbæk",Tåstrup,4300,0316,Holbæk,1085,"Region Sjælland"
"Røgind, 7840 Højslev",Røgind,7840,0779,Skive,1082,"Region Midtjylland"
"Kædeby Haver, 5900 Rudkøbing","Kædeby Haver",5900,0482,Langeland,1083,"Region Syddanmark"
"Syvendekøb, 4440 Mørkøv",Syvendekøb,4440,0316,Holbæk,1085,"Region Sjælland"
"Ajstrup, 7840 Højslev",Ajstrup,7840,0779,Skive,1082,"Region Midtjylland"
"Bøstrup, 7840 Højslev",Bøstrup,7840,0779,Skive,1082,"Region Midtjylland"
"Peløkke, 5900 Rudkøbing",Peløkke,5900,0482,Langeland,1083,"Region Syddanmark"
"Gl Rønbjerg, 7800 Skive","Gl Rønbjerg",7800,0661,Holstebro,1082,"Region Midtjylland"
"Spodsbj Drej, 5900 Rudkøbing","Spodsbj Drej",5900,0482,Langeland,1083,"Region Syddanmark"
"Lundgårde, 7884 Fur",Lundgårde,7884,0779,Skive,1082,"Region Midtjylland"
"Vojel, 7884 Fur",Vojel,7884,0779,Skive,1082,"Region Midtjylland"
"Ejerslev, 7900 Nykøbing M",Ejerslev,7900,0773,Morsø,1081,"Region Nordjylland"
"Sønder Dråby, 7900 Nykøbing M","Sønder Dråby",7900,0773,Morsø,1081,"Region Nordjylland"
"Jørsby, 7900 Nykøbing M",Jørsby,7900,0773,Morsø,1081,"Region Nordjylland"
"Glyngøre, 7870 Roslev",Glyngøre,7870,0779,Skive,1082,"Region Midtjylland"
"Long. Sand, 5900 Rudkøbing","Long. Sand",5900,0482,Langeland,1083,"Region Syddanmark"
"Grættrup, 7870 Roslev",Grættrup,7870,0779,Skive,1082,"Region Midtjylland"
"Blegholm, 5953 Tranekær",Blegholm,5953,0482,Langeland,1083,"Region Syddanmark"
"Næbbe, 5900 Rudkøbing",Næbbe,5900,0482,Langeland,1083,"Region Syddanmark"
"Galtrup, 7950 Erslev",Galtrup,7950,0773,Morsø,1081,"Region Nordjylland"
"Frøslevvang, 7900 Nykøbing M",Frøslevvang,7900,0773,Morsø,1081,"Region Nordjylland"
"Pederstrup, 5900 Rudkøbing",Pederstrup,5900,0482,Langeland,1083,"Region Syddanmark"
"Vognsbjerg, 5935 Bagenkop",Vognsbjerg,5935,0482,Langeland,1083,"Region Syddanmark"
"Østenfjeld, 8581 Nimtofte",Østenfjeld,8581,0706,Syddjurs,1082,"Region Midtjylland"
"Liltved, 8961 Allingåbro",Liltved,8961,0707,Norddjurs,1082,"Region Midtjylland"
"Liltved, 8963 Auning",Liltved,8963,0706,Syddjurs,1082,"Region Midtjylland"
"Stubberup, 4540 Fårevejle",Stubberup,4540,0306,Odsherred,1085,"Region Sjælland"
"Jyderup Skov, 4550 Asnæs","Jyderup Skov",4550,0306,Odsherred,1085,"Region Sjælland"
"Glatved Strand, 8444 Balle","Glatved Strand",8444,0706,Syddjurs,1082,"Region Midtjylland"
"Ellinge Mark, 4573 Højby","Ellinge Mark",4573,0306,Odsherred,1085,"Region Sjælland"
"Kirkebyen, 4540 Fårevejle",Kirkebyen,4540,0306,Odsherred,1085,"Region Sjælland"
"Hemmed Kær, 8585 Glesborg","Hemmed Kær",8585,0707,Norddjurs,1082,"Region Midtjylland"
"Østre Vig, 4560 Vig","Østre Vig",4560,0306,Odsherred,1085,"Region Sjælland"
"Glostrup, 4500 Nykøbing Sj",Glostrup,4500,0306,Odsherred,1085,"Region Sjælland"
"Glostrup, 4560 Vig",Glostrup,4560,0306,Odsherred,1085,"Region Sjælland"
"Ordrup Næs, 4540 Fårevejle","Ordrup Næs",4540,0306,Odsherred,1085,"Region Sjælland"
"Thorsø, 8500 Grenaa",Thorsø,8500,0707,Norddjurs,1082,"Region Midtjylland"
"Skærvad Mark, 8500 Grenaa","Skærvad Mark",8500,0707,Norddjurs,1082,"Region Midtjylland"
"Bjergene, 4540 Fårevejle",Bjergene,4540,0306,Odsherred,1085,"Region Sjælland"
"Ørbæk, 8581 Nimtofte",Ørbæk,8581,0706,Syddjurs,1082,"Region Midtjylland"
"Ørbæk, 8586 Ørum Djurs",Ørbæk,8586,0707,Norddjurs,1082,"Region Midtjylland"
"Fannerup, 8500 Grenaa",Fannerup,8500,0707,Norddjurs,1082,"Region Midtjylland"
"Fannerup, 8560 Kolind",Fannerup,8560,0706,Syddjurs,1082,"Region Midtjylland"
"Haveforening Alfredsminde, 8500 Grenaa","Haveforening Alfredsminde",8500,0707,Norddjurs,1082,"Region Midtjylland"
"Store Sjørup, 8950 Ørsted","Store Sjørup",8950,0707,Norddjurs,1082,"Region Midtjylland"
"Nyrup Mark, 4573 Højby","Nyrup Mark",4573,0306,Odsherred,1085,"Region Sjælland"
"Ll Egebjerg, 4560 Vig","Ll Egebjerg",4560,0306,Odsherred,1085,"Region Sjælland"
"Ellinge Lyng, 4560 Vig","Ellinge Lyng",4560,0306,Odsherred,1085,"Region Sjælland"
"Ellinge Lyng, 4573 Højby","Ellinge Lyng",4573,0306,Odsherred,1085,"Region Sjælland"
"Tolstrup, 8500 Grenaa",Tolstrup,8500,0707,Norddjurs,1082,"Region Midtjylland"
"Hoed, 8444 Balle",Hoed,8444,0706,Syddjurs,1082,"Region Midtjylland"
"Abildøre, 4500 Nykøbing Sj",Abildøre,4500,0306,Odsherred,1085,"Region Sjælland"
"Abildøre, 4560 Vig",Abildøre,4560,0306,Odsherred,1085,"Region Sjælland"
"Dalsgårde, 8500 Grenaa",Dalsgårde,8500,0707,Norddjurs,1082,"Region Midtjylland"
"Ramten Skov, 8586 Ørum Djurs","Ramten Skov",8586,0707,Norddjurs,1082,"Region Midtjylland"
"Ørum Djurs, 8586 Ørum Djurs","Ørum Djurs",8586,0707,Norddjurs,1082,"Region Midtjylland"
"Klint Strv, 4500 Nykøbing Sj","Klint Strv",4500,0306,Odsherred,1085,"Region Sjælland"
"St. Torup, 8832 Skals","St. Torup",8832,0791,Viborg,1082,"Region Midtjylland"
"Vridsted, 7800 Skive",Vridsted,7800,0661,Holstebro,1082,"Region Midtjylland"
"Hvam, 9620 Aalestrup",Hvam,9620,0791,Viborg,1082,"Region Midtjylland"
"Haveforening Fælleskær, 8500 Grenaa","Haveforening Fælleskær",8500,0707,Norddjurs,1082,"Region Midtjylland"
"Ulkerup, 4572 Nørre Asmindrup",Ulkerup,4572,0306,Odsherred,1085,"Region Sjælland"
"Hølkerup, 4500 Nykøbing Sj",Hølkerup,4500,0306,Odsherred,1085,"Region Sjælland"
"Hølkerup, 4560 Vig",Hølkerup,4560,0306,Odsherred,1085,"Region Sjælland"
"Sønder Homå, 8444 Balle","Sønder Homå",8444,0706,Syddjurs,1082,"Region Midtjylland"
"Sønder Homå, 8500 Grenaa","Sønder Homå",8500,0707,Norddjurs,1082,"Region Midtjylland"
"Sønder Homå, 8570 Trustrup","Sønder Homå",8570,0706,Syddjurs,1082,"Region Midtjylland"
"Bode Krog, 8950 Ørsted","Bode Krog",8950,0707,Norddjurs,1082,"Region Midtjylland"
"Gl Estrup, 8961 Allingåbro","Gl Estrup",8961,0707,Norddjurs,1082,"Region Midtjylland"
"Gl Estrup, 8963 Auning","Gl Estrup",8963,0706,Syddjurs,1082,"Region Midtjylland"
"Fannerup Mk, 8500 Grenaa","Fannerup Mk",8500,0707,Norddjurs,1082,"Region Midtjylland"
"Fannerup Mk, 8586 Ørum Djurs","Fannerup Mk",8586,0707,Norddjurs,1082,"Region Midtjylland"
"Gl Vallekild, 4534 Hørve","Gl Vallekild",4534,0306,Odsherred,1085,"Region Sjælland"
"Grund, 8961 Allingåbro",Grund,8961,0707,Norddjurs,1082,"Region Midtjylland"
"Meilgd Str, 8585 Glesborg","Meilgd Str",8585,0707,Norddjurs,1082,"Region Midtjylland"
"V Jyderup S, 4560 Vig","V Jyderup S",4560,0306,Odsherred,1085,"Region Sjælland"
"Plejeruphuse, 4571 Grevinge",Plejeruphuse,4571,0306,Odsherred,1085,"Region Sjælland"
"Hønsinge Nrm, 4560 Vig","Hønsinge Nrm",4560,0306,Odsherred,1085,"Region Sjælland"
"Hønsinge Nrm, 4572 Nørre Asmindrup","Hønsinge Nrm",4572,0306,Odsherred,1085,"Region Sjælland"
"Obdrup, 8570 Trustrup",Obdrup,8570,0706,Syddjurs,1082,"Region Midtjylland"
"Blåvand, 6857 Blåvand",Blåvand,6857,0573,Varde,1083,"Region Syddanmark"
"Skjern, 8830 Tjele",Skjern,8830,0791,Viborg,1082,"Region Midtjylland"
"Skjern, 8850 Bjerringbro",Skjern,8850,0710,Favrskov,1082,"Region Midtjylland"
"Biltoft, 6800 Varde",Biltoft,6800,0573,Varde,1083,"Region Syddanmark"
"Bjerremose, 6800 Varde",Bjerremose,6800,0573,Varde,1083,"Region Syddanmark"
"Stokbæk,Sig, 6800 Varde","Stokbæk,Sig",6800,0573,Varde,1083,"Region Syddanmark"
"Håstrup, 5600 Faaborg",Håstrup,5600,0430,Faaborg-Midtfyn,1083,"Region Syddanmark"
"Bjerregrav, 9632 Møldrup",Bjerregrav,9632,0791,Viborg,1082,"Region Midtjylland"
"Kjeldbjerg, 7800 Skive",Kjeldbjerg,7800,0661,Holstebro,1082,"Region Midtjylland"
"Kjeldbjerg, 7850 Stoholm Jyll",Kjeldbjerg,7850,0791,Viborg,1082,"Region Midtjylland"
"Ll. Torup, 8832 Skals","Ll. Torup",8832,0791,Viborg,1082,"Region Midtjylland"
"Torstrup,Sig, 6800 Varde","Torstrup,Sig",6800,0573,Varde,1083,"Region Syddanmark"
"Hesselho, 6753 Agerbæk",Hesselho,6753,0573,Varde,1083,"Region Syddanmark"
"Hesselho, 7200 Grindsted",Hesselho,7200,0530,Billund,1083,"Region Syddanmark"
"Lydum, 6830 Nørre Nebel",Lydum,6830,0573,Varde,1083,"Region Syddanmark"
"Blåholm, 6818 Årre",Blåholm,6818,0561,Esbjerg,1083,"Region Syddanmark"
"Sinebjerg, 5600 Faaborg",Sinebjerg,5600,0430,Faaborg-Midtfyn,1083,"Region Syddanmark"
"Tostrup, 9632 Møldrup",Tostrup,9632,0791,Viborg,1082,"Region Midtjylland"
"Bredmose, 6857 Blåvand",Bredmose,6857,0573,Varde,1083,"Region Syddanmark"
"Egeskov, 5750 Ringe",Egeskov,5750,0430,Faaborg-Midtfyn,1083,"Region Syddanmark"
"Kappendrup, 5550 Langeskov",Kappendrup,5550,0430,Faaborg-Midtfyn,1083,"Region Syddanmark"
"Sahl, 8850 Bjerringbro",Sahl,8850,0710,Favrskov,1082,"Region Midtjylland"
"Nr Vinge, 8830 Tjele","Nr Vinge",8830,0791,Viborg,1082,"Region Midtjylland"
"Vestterp, 7200 Grindsted",Vestterp,7200,0530,Billund,1083,"Region Syddanmark"
"Starup, 7200 Grindsted",Starup,7200,0530,Billund,1083,"Region Syddanmark"
"Ho, 6857 Blåvand",Ho,6857,0573,Varde,1083,"Region Syddanmark"
"V Hæsinge, 5672 Broby","V Hæsinge",5672,0430,Faaborg-Midtfyn,1083,"Region Syddanmark"
"Vedhoved, 7470 Karup J",Vedhoved,7470,0657,Herning,1082,"Region Midtjylland"
"Vedhoved, 8800 Viborg",Vedhoved,8800,0740,Silkeborg,1082,"Region Midtjylland"
"Batum, 8830 Tjele",Batum,8830,0791,Viborg,1082,"Region Midtjylland"
"Årslev, 5792 Årslev",Årslev,5792,0430,Faaborg-Midtfyn,1083,"Region Syddanmark"
"Sh Lyndelse, 5672 Broby","Sh Lyndelse",5672,0430,Faaborg-Midtfyn,1083,"Region Syddanmark"
"Tarup Mark, 5792 Årslev","Tarup Mark",5792,0430,Faaborg-Midtfyn,1083,"Region Syddanmark"
"Freltofte, 5792 Årslev",Freltofte,5792,0430,Faaborg-Midtfyn,1083,"Region Syddanmark"
"Bøjden, 5600 Faaborg",Bøjden,5600,0430,Faaborg-Midtfyn,1083,"Region Syddanmark"
"Kvols, 8831 Løgstrup",Kvols,8831,0791,Viborg,1082,"Region Midtjylland"
"Stausø, 6830 Nørre Nebel",Stausø,6830,0573,Varde,1083,"Region Syddanmark"
"Stausø, 6854 Henne",Stausø,6854,0573,Varde,1083,"Region Syddanmark"
"Nøkkesøhus, 6840 Oksbøl",Nøkkesøhus,6840,0573,Varde,1083,"Region Syddanmark"
"Øse, 6800 Varde",Øse,6800,0573,Varde,1083,"Region Syddanmark"
"Dejgaard, 6800 Varde",Dejgaard,6800,0573,Varde,1083,"Region Syddanmark"
"Herringe, 5750 Ringe",Herringe,5750,0430,Faaborg-Midtfyn,1083,"Region Syddanmark"
"Nørdam, 9632 Møldrup",Nørdam,9632,0791,Viborg,1082,"Region Midtjylland"
"Årup, 8830 Tjele",Årup,8830,0791,Viborg,1082,"Region Midtjylland"
"Tinghøj, 6800 Varde",Tinghøj,6800,0573,Varde,1083,"Region Syddanmark"
"Dyreby, 6854 Henne",Dyreby,6854,0573,Varde,1083,"Region Syddanmark"
"Vrenderup, 6753 Agerbæk",Vrenderup,6753,0573,Varde,1083,"Region Syddanmark"
"Vrenderup, 6818 Årre",Vrenderup,6818,0561,Esbjerg,1083,"Region Syddanmark"
"Strudvad, 6851 Janderup Vestj",Strudvad,6851,0573,Varde,1083,"Region Syddanmark"
"Øby, 8830 Tjele",Øby,8830,0791,Viborg,1082,"Region Midtjylland"
"Skinderup, 9632 Møldrup",Skinderup,9632,0791,Viborg,1082,"Region Midtjylland"
"Allested, 5672 Broby",Allested,5672,0430,Faaborg-Midtfyn,1083,"Region Syddanmark"
"Bolteskov, 5750 Ringe",Bolteskov,5750,0430,Faaborg-Midtfyn,1083,"Region Syddanmark"
"Hunstrup, 7700 Thisted",Hunstrup,7700,0787,Thisted,1081,"Region Nordjylland"
"Kåstrup, 7700 Thisted",Kåstrup,7700,0787,Thisted,1081,"Region Nordjylland"
"Assendløse, 4130 Viby Sjælland",Assendløse,4130,0259,Køge,1085,"Region Sjælland"
"Brordrup, 4621 Gadstrup",Brordrup,4621,0265,Roskilde,1085,"Region Sjælland"
"Julebæk, 3150 Hellebæk",Julebæk,3150,0217,Helsingør,1084,"Region Hovedstaden"
"Kongsted-Borup, 4683 Rønnede",Kongsted-Borup,4683,0320,Faxe,1085,"Region Sjælland"
"Nors, 7700 Thisted",Nors,7700,0787,Thisted,1081,"Region Nordjylland"
"Snedsted By, 7752 Snedsted","Snedsted By",7752,0787,Thisted,1081,"Region Nordjylland"
"Salløv, 4621 Gadstrup",Salløv,4621,0265,Roskilde,1085,"Region Sjælland"
"Salløv, 4622 Havdrup",Salløv,4622,0265,Roskilde,1085,"Region Sjælland"
"Munkegårde, 3490 Kvistgård",Munkegårde,3490,0210,Fredensborg,1084,"Region Hovedstaden"
"Hvedstrup, 2640 Hedehusene",Hvedstrup,2640,0169,Høje-Taastrup,1084,"Region Hovedstaden"
"Hvedstrup, 4000 Roskilde",Hvedstrup,4000,0169,Høje-Taastrup,1084,"Region Hovedstaden"
"Thisted, 7700 Thisted",Thisted,7700,0787,Thisted,1081,"Region Nordjylland"
"Hønske, 4130 Viby Sjælland",Hønske,4130,0259,Køge,1085,"Region Sjælland"
"Hjortespring, 2730 Herlev",Hjortespring,2730,0151,Ballerup,1084,"Region Hovedstaden"
"Gærup, 7752 Snedsted",Gærup,7752,0787,Thisted,1081,"Region Nordjylland"
"Hov, 7700 Thisted",Hov,7700,0787,Thisted,1081,"Region Nordjylland"
"Kumlehuse, 4000 Roskilde",Kumlehuse,4000,0169,Høje-Taastrup,1084,"Region Hovedstaden"
"Kumlehuse, 4130 Viby Sjælland",Kumlehuse,4130,0259,Køge,1085,"Region Sjælland"
"Bråby, 4690 Haslev",Bråby,4690,0320,Faxe,1085,"Region Sjælland"
"Hjardemål Kl, 7700 Thisted","Hjardemål Kl",7700,0787,Thisted,1081,"Region Nordjylland"
"Hjardemål Kl, 7741 Frøstrup","Hjardemål Kl",7741,0787,Thisted,1081,"Region Nordjylland"
"Skov-Torup, 4683 Rønnede",Skov-Torup,4683,0320,Faxe,1085,"Region Sjælland"
"Førslev, 4690 Haslev",Førslev,4690,0320,Faxe,1085,"Region Sjælland"
"Tilsted, 7700 Thisted",Tilsted,7700,0787,Thisted,1081,"Region Nordjylland"
"Ås, 7700 Thisted",Ås,7700,0787,Thisted,1081,"Region Nordjylland"
"Ågerup, 4000 Roskilde",Ågerup,4000,0169,Høje-Taastrup,1084,"Region Hovedstaden"
"Birkede Skov, 4130 Viby Sjælland","Birkede Skov",4130,0259,Køge,1085,"Region Sjælland"
"Herringløse, 2640 Hedehusene",Herringløse,2640,0169,Høje-Taastrup,1084,"Region Hovedstaden"
"Herringløse, 4000 Roskilde",Herringløse,4000,0169,Høje-Taastrup,1084,"Region Hovedstaden"
"Høsten, 4690 Haslev",Høsten,4690,0320,Faxe,1085,"Region Sjælland"
"Randrup, 7770 Vestervig",Randrup,7770,0787,Thisted,1081,"Region Nordjylland"
"Glæde, 7741 Frøstrup",Glæde,7741,0787,Thisted,1081,"Region Nordjylland"
"Villerslev, 7755 Bedsted Thy",Villerslev,7755,0787,Thisted,1081,"Region Nordjylland"
"Såne, 3080 Tikøb",Såne,3080,0217,Helsingør,1084,"Region Hovedstaden"
"Ørsholt, 3000 Helsingør",Ørsholt,3000,0217,Helsingør,1084,"Region Hovedstaden"
"Rønnede Ld, 4683 Rønnede","Rønnede Ld",4683,0320,Faxe,1085,"Region Sjælland"
"Vester Egede, 4683 Rønnede","Vester Egede",4683,0320,Faxe,1085,"Region Sjælland"
"Vester Egede, 4690 Haslev","Vester Egede",4690,0320,Faxe,1085,"Region Sjælland"
"Boderne, 3140 Ålsgårde",Boderne,3140,0217,Helsingør,1084,"Region Hovedstaden"
"Silstrup, 7700 Thisted",Silstrup,7700,0787,Thisted,1081,"Region Nordjylland"
"Vigsø, 7730 Hanstholm",Vigsø,7730,0787,Thisted,1081,"Region Nordjylland"
"Stenbjerg, 7752 Snedsted",Stenbjerg,7752,0787,Thisted,1081,"Region Nordjylland"
"Kærup, 7741 Frøstrup",Kærup,7741,0787,Thisted,1081,"Region Nordjylland"
"Todbøl, 7700 Thisted",Todbøl,7700,0787,Thisted,1081,"Region Nordjylland"
"Gurre, 3000 Helsingør",Gurre,3000,0217,Helsingør,1084,"Region Hovedstaden"
"Gurre, 3490 Kvistgård",Gurre,3490,0210,Fredensborg,1084,"Region Hovedstaden"
"Dalby, 4640 Faxe",Dalby,4640,0320,Faxe,1085,"Region Sjælland"
"Dalby, 4690 Haslev",Dalby,4690,0320,Faxe,1085,"Region Sjælland"
"Klastrup, 7700 Thisted",Klastrup,7700,0787,Thisted,1081,"Region Nordjylland"
"Nyrup, 3000 Helsingør",Nyrup,3000,0217,Helsingør,1084,"Region Hovedstaden"
"Nyrup, 3490 Kvistgård",Nyrup,3490,0210,Fredensborg,1084,"Region Hovedstaden"
"Kissendrup, 4640 Faxe",Kissendrup,4640,0320,Faxe,1085,"Region Sjælland"
"V Vandet, 7700 Thisted","V Vandet",7700,0787,Thisted,1081,"Region Nordjylland"
"Baggesgård, 7260 Sønder Omme",Baggesgård,7260,0530,Billund,1083,"Region Syddanmark"
"Donslund, 7200 Grindsted",Donslund,7200,0530,Billund,1083,"Region Syddanmark"
"Donslund, 7250 Hejnsvig",Donslund,7250,0530,Billund,1083,"Region Syddanmark"
"Drejby, 6470 Sydals",Drejby,6470,0540,Sønderborg,1083,"Region Syddanmark"
"Kværs, 6300 Gråsten",Kværs,6300,0540,Sønderborg,1083,"Region Syddanmark"
"Peberbjerg, 6470 Sydals",Peberbjerg,6470,0540,Sønderborg,1083,"Region Syddanmark"
"Nordborg, 6430 Nordborg",Nordborg,6430,0540,Sønderborg,1083,"Region Syddanmark"
"Brunsnæs, 6310 Broager",Brunsnæs,6310,0540,Sønderborg,1083,"Region Syddanmark"
"Tygstrup, 7770 Vestervig",Tygstrup,7770,0787,Thisted,1081,"Region Nordjylland"
"Stovgaard, 6400 Sønderborg",Stovgaard,6400,0540,Sønderborg,1083,"Region Syddanmark"
"Kær, 6400 Sønderborg",Kær,6400,0540,Sønderborg,1083,"Region Syddanmark"
"Engebæk, 7260 Sønder Omme",Engebæk,7260,0530,Billund,1083,"Region Syddanmark"
"Tvorup, 7700 Thisted",Tvorup,7700,0787,Thisted,1081,"Region Nordjylland"
"Hvelplund, 7260 Sønder Omme",Hvelplund,7260,0530,Billund,1083,"Region Syddanmark"
"Hvelplund, 7270 Stakroge",Hvelplund,7270,0530,Billund,1083,"Region Syddanmark"
"Klarup, 4370 Store Merløse",Klarup,4370,0316,Holbæk,1085,"Region Sjælland"
"Faddersbøl, 7700 Thisted",Faddersbøl,7700,0787,Thisted,1081,"Region Nordjylland"
"Lille Mølle, 6440 Augustenborg","Lille Mølle",6440,0540,Sønderborg,1083,"Region Syddanmark"
"Sørup, 4100 Ringsted",Sørup,4100,0259,Køge,1085,"Region Sjælland"
"Tovsig, 7700 Thisted",Tovsig,7700,0787,Thisted,1081,"Region Nordjylland"
"Beersted, 7700 Thisted",Beersted,7700,0787,Thisted,1081,"Region Nordjylland"
"Beersted, 7752 Snedsted",Beersted,7752,0787,Thisted,1081,"Region Nordjylland"
"Elstrupskov, 6430 Nordborg",Elstrupskov,6430,0540,Sønderborg,1083,"Region Syddanmark"
"Tandsholm, 6470 Sydals",Tandsholm,6470,0540,Sønderborg,1083,"Region Syddanmark"
"Sønderby, 6470 Sydals",Sønderby,6470,0540,Sønderborg,1083,"Region Syddanmark"
"Slangerup, 4100 Ringsted",Slangerup,4100,0259,Køge,1085,"Region Sjælland"
"Benløse, 4100 Ringsted",Benløse,4100,0259,Køge,1085,"Region Sjælland"
"Sønderby, 7200 Grindsted",Sønderby,7200,0530,Billund,1083,"Region Syddanmark"
"Center Øst, 6400 Sønderborg","Center Øst",6400,0540,Sønderborg,1083,"Region Syddanmark"
"Lebølløkke, 6470 Sydals",Lebølløkke,6470,0540,Sønderborg,1083,"Region Syddanmark"
"Nørreskov, 6430 Nordborg",Nørreskov,6430,0540,Sønderborg,1083,"Region Syddanmark"
"Fuglsang, 6400 Sønderborg",Fuglsang,6400,0540,Sønderborg,1083,"Region Syddanmark"
"Fiskbæk, 6300 Gråsten",Fiskbæk,6300,0540,Sønderborg,1083,"Region Syddanmark"
"Pindesholm, 6440 Augustenborg",Pindesholm,6440,0540,Sønderborg,1083,"Region Syddanmark"
"Ullerup, 6400 Sønderborg",Ullerup,6400,0540,Sønderborg,1083,"Region Syddanmark"
"Horsetofte, 4100 Ringsted",Horsetofte,4100,0259,Køge,1085,"Region Sjælland"
"Lille Mommark, 6470 Sydals","Lille Mommark",6470,0540,Sønderborg,1083,"Region Syddanmark"
"Egen, 6430 Nordborg",Egen,6430,0540,Sønderborg,1083,"Region Syddanmark"
"Brandsbøl Mark, 6430 Nordborg","Brandsbøl Mark",6430,0540,Sønderborg,1083,"Region Syddanmark"
"Skee, 4100 Ringsted",Skee,4100,0259,Køge,1085,"Region Sjælland"
"Skee, 4174 Jystrup Midtsj",Skee,4174,0259,Køge,1085,"Region Sjælland"
"Skee, 4370 Store Merløse",Skee,4370,0316,Holbæk,1085,"Region Sjælland"
"Avnbøl, 6400 Sønderborg",Avnbøl,6400,0540,Sønderborg,1083,"Region Syddanmark"
"Snekkerup, 4200 Slagelse",Snekkerup,4200,0326,Kalundborg,1085,"Region Sjælland"
"Fornetofte, 4230 Skælskør",Fornetofte,4230,0330,Slagelse,1085,"Region Sjælland"
"Grensten, 8870 Langå",Grensten,8870,0710,Favrskov,1082,"Region Midtjylland"
"Tammestrup, 8960 Randers SØ",Tammestrup,8960,0710,Favrskov,1082,"Region Midtjylland"
"Rosted Søndermark, 4200 Slagelse","Rosted Søndermark",4200,0326,Kalundborg,1085,"Region Sjælland"
"Lille Egede, 4220 Korsør","Lille Egede",4220,0330,Slagelse,1085,"Region Sjælland"
"Holsteinborg, 4243 Rude",Holsteinborg,4243,0330,Slagelse,1085,"Region Sjælland"
"Klåbygård, 6760 Ribe",Klåbygård,6760,0561,Esbjerg,1083,"Region Syddanmark"
"Tradsborg, 6760 Ribe",Tradsborg,6760,0561,Esbjerg,1083,"Region Syddanmark"
"Hejninge, 4200 Slagelse",Hejninge,4200,0326,Kalundborg,1085,"Region Sjælland"
"Harrested, 4200 Slagelse",Harrested,4200,0326,Kalundborg,1085,"Region Sjælland"
"Holten, 4230 Skælskør",Holten,4230,0330,Slagelse,1085,"Region Sjælland"
"Sdr Jellinge, 4261 Dalmose","Sdr Jellinge",4261,0330,Slagelse,1085,"Region Sjælland"
"Sdr Vejrup, 6740 Bramming","Sdr Vejrup",6740,0561,Esbjerg,1083,"Region Syddanmark"
"Paderup, 8960 Randers SØ",Paderup,8960,0710,Favrskov,1082,"Region Midtjylland"
"Sdr Høe, 6740 Bramming","Sdr Høe",6740,0561,Esbjerg,1083,"Region Syddanmark"
"Nørå, 6740 Bramming",Nørå,6740,0561,Esbjerg,1083,"Region Syddanmark"
"Demstrup, 8970 Havndal",Demstrup,8970,0730,Randers,1082,"Region Midtjylland"
"Dalbyneder, 8970 Havndal",Dalbyneder,8970,0730,Randers,1082,"Region Midtjylland"
"Årslev Mark, 8960 Randers SØ","Årslev Mark",8960,0710,Favrskov,1082,"Region Midtjylland"
"Sdr Farup M, 6760 Ribe","Sdr Farup M",6760,0561,Esbjerg,1083,"Region Syddanmark"
"Enslev, 8970 Havndal",Enslev,8970,0730,Randers,1082,"Region Midtjylland"
"Enslev, 8983 Gjerlev J",Enslev,8983,0730,Randers,1082,"Region Midtjylland"
"Andrup, 6705 Esbjerg Ø",Andrup,6705,0561,Esbjerg,1083,"Region Syddanmark"
"Øster Bøgebjerg, 4230 Skælskør","Øster Bøgebjerg",4230,0330,Slagelse,1085,"Region Sjælland"
"Dyrby, 8981 Spentrup",Dyrby,8981,0730,Randers,1082,"Region Midtjylland"
"Dyrby, 8983 Gjerlev J",Dyrby,8983,0730,Randers,1082,"Region Midtjylland"
"Hollerup, 8870 Langå",Hollerup,8870,0710,Favrskov,1082,"Region Midtjylland"
"Mellerup, 8930 Randers NØ",Mellerup,8930,0730,Randers,1082,"Region Midtjylland"
"Haveforeningen Romaltparken, 8960 Randers SØ","Haveforeningen Romaltparken",8960,0710,Favrskov,1082,"Region Midtjylland"
"Forum, 6715 Esbjerg N",Forum,6715,0561,Esbjerg,1083,"Region Syddanmark"
"Høm Østermrk, 6760 Ribe","Høm Østermrk",6760,0561,Esbjerg,1083,"Region Syddanmark"
"Kirke Stillinge, 4200 Slagelse","Kirke Stillinge",4200,0326,Kalundborg,1085,"Region Sjælland"
"Sønderbæk, 8920 Randers NV",Sønderbæk,8920,0730,Randers,1082,"Region Midtjylland"
"Tustrup Vase, 8960 Randers SØ","Tustrup Vase",8960,0710,Favrskov,1082,"Region Midtjylland"
"Østrup, 8930 Randers NØ",Østrup,8930,0730,Randers,1082,"Region Midtjylland"
"Udbyneder, 8970 Havndal",Udbyneder,8970,0730,Randers,1082,"Region Midtjylland"
"Haveforeningen Vestre Enghave, 8920 Randers NV","Haveforeningen Vestre Enghave",8920,0730,Randers,1082,"Region Midtjylland"
"Øster Bjerregrav, 8920 Randers NV","Øster Bjerregrav",8920,0730,Randers,1082,"Region Midtjylland"
"Sørbymagle, 4200 Slagelse",Sørbymagle,4200,0326,Kalundborg,1085,"Region Sjælland"
"Østerhoved, 4230 Skælskør",Østerhoved,4230,0330,Slagelse,1085,"Region Sjælland"
"Ramløse Sand, 3300 Frederiksværk","Ramløse Sand",3300,0260,Halsnæs,1084,"Region Hovedstaden"
"Munkerup, 3120 Dronningmølle",Munkerup,3120,0270,Gribskov,1084,"Region Hovedstaden"
"Munkerup, 3250 Gilleleje",Munkerup,3250,0270,Gribskov,1084,"Region Hovedstaden"
"Mårum, 3230 Græsted",Mårum,3230,0217,Helsingør,1084,"Region Hovedstaden"
"Esbønderup Skovhuse, 3230 Græsted","Esbønderup Skovhuse",3230,0217,Helsingør,1084,"Region Hovedstaden"
"Villingerød, 3120 Dronningmølle",Villingerød,3120,0270,Gribskov,1084,"Region Hovedstaden"
"Villingerød, 3230 Græsted",Villingerød,3230,0217,Helsingør,1084,"Region Hovedstaden"
"Sønderlev, 9800 Hjørring",Sønderlev,9800,0860,Hjørring,1081,"Region Nordjylland"
"Store Lyngby, 3310 Ølsted","Store Lyngby",3310,0219,Hillerød,1084,"Region Hovedstaden"
"Store Lyngby, 3320 Skævinge","Store Lyngby",3320,0219,Hillerød,1084,"Region Hovedstaden"
"Seden, 5240 Odense NØ",Seden,5240,0461,Odense,1083,"Region Syddanmark"
"Seden, 5320 Agedrup",Seden,5320,0461,Odense,1083,"Region Syddanmark"
"Tovbro, 9480 Løkken",Tovbro,9480,0810,Brønderslev,1081,"Region Nordjylland"
"Vejby, 9760 Vrå",Vejby,9760,0810,Brønderslev,1081,"Region Nordjylland"
"Lystrup, 3540 Lynge",Lystrup,3540,0190,Furesø,1084,"Region Hovedstaden"
"Lystrup, 3550 Slangerup",Lystrup,3550,0201,Allerød,1084,"Region Hovedstaden"
"Fangel, 5260 Odense S",Fangel,5260,0461,Odense,1083,"Region Syddanmark"
"Vittrup, 9480 Løkken",Vittrup,9480,0810,Brønderslev,1081,"Region Nordjylland"
"Tranget, 9830 Tårs",Tranget,9830,0813,Frederikshavn,1081,"Region Nordjylland"
"Agedrup, 5320 Agedrup",Agedrup,5320,0461,Odense,1083,"Region Syddanmark"
"Sørbymagle Overdrev, 4200 Slagelse","Sørbymagle Overdrev",4200,0326,Kalundborg,1085,"Region Sjælland"
"Nyvang, 4230 Skælskør",Nyvang,4230,0330,Slagelse,1085,"Region Sjælland"
"Rønnovsh Mk, 9800 Hjørring","Rønnovsh Mk",9800,0860,Hjørring,1081,"Region Nordjylland"
"Stegsted, 5200 Odense V",Stegsted,5200,0461,Odense,1083,"Region Syddanmark"
"Stegsted, 5491 Blommenslyst",Stegsted,5491,0461,Odense,1083,"Region Syddanmark"
"Villestofte, 5210 Odense NV",Villestofte,5210,0461,Odense,1083,"Region Syddanmark"
"Oreby, 4261 Dalmose",Oreby,4261,0330,Slagelse,1085,"Region Sjælland"
"Refsnæs, 9760 Vrå",Refsnæs,9760,0810,Brønderslev,1081,"Region Nordjylland"
"Lundforlund, 4200 Slagelse",Lundforlund,4200,0326,Kalundborg,1085,"Region Sjælland"
"Firhøj, 3250 Gilleleje",Firhøj,3250,0270,Gribskov,1084,"Region Hovedstaden"
"Annisse Nord, 3200 Helsinge","Annisse Nord",3200,0219,Hillerød,1084,"Region Hovedstaden"
"Ørby, 3200 Helsinge",Ørby,3200,0219,Hillerød,1084,"Region Hovedstaden"
"Ørby, 3210 Vejby",Ørby,3210,0270,Gribskov,1084,"Region Hovedstaden"
"Lønstrup, 9800 Hjørring",Lønstrup,9800,0860,Hjørring,1081,"Region Nordjylland"
"Lund, 9760 Vrå",Lund,9760,0810,Brønderslev,1081,"Region Nordjylland"
"Børglum Kl, 9480 Løkken","Børglum Kl",9480,0810,Brønderslev,1081,"Region Nordjylland"
"Børglum Kl, 9760 Vrå","Børglum Kl",9760,0810,Brønderslev,1081,"Region Nordjylland"
"Volderslev, 5260 Odense S",Volderslev,5260,0461,Odense,1083,"Region Syddanmark"
"Vogn, 9870 Sindal",Vogn,9870,0813,Frederikshavn,1081,"Region Nordjylland"
"Gadevang, 3400 Hillerød",Gadevang,3400,0201,Allerød,1084,"Region Hovedstaden"
"Kraghave, 4800 Nykøbing F",Kraghave,4800,0376,Guldborgsund,1085,"Region Sjælland"
"Ballebo, 8732 Hovedgård",Ballebo,8732,0615,Horsens,1082,"Region Midtjylland"
"Grumstrup, 8732 Hovedgård",Grumstrup,8732,0615,Horsens,1082,"Region Midtjylland"
"Ll Rørbæk, 4990 Sakskøbing","Ll Rørbæk",4990,0376,Guldborgsund,1085,"Region Sjælland"
"Kalø, 4990 Sakskøbing",Kalø,4990,0376,Guldborgsund,1085,"Region Sjælland"
"Viemose, 4771 Kalvehave",Viemose,4771,0390,Vordingborg,1085,"Region Sjælland"
"Stangerup, 4850 Stubbekøbing",Stangerup,4850,0376,Guldborgsund,1085,"Region Sjælland"
"Bellinge, 4800 Nykøbing F",Bellinge,4800,0376,Guldborgsund,1085,"Region Sjælland"
"Geltofte, 4891 Toreby L",Geltofte,4891,0376,Guldborgsund,1085,"Region Sjælland"
"Geltofte, 4990 Sakskøbing",Geltofte,4990,0376,Guldborgsund,1085,"Region Sjælland"
"Toreby, 4891 Toreby L",Toreby,4891,0376,Guldborgsund,1085,"Region Sjælland"
"Brigsted, 8700 Horsens",Brigsted,8700,0615,Horsens,1082,"Region Midtjylland"
"Tyrsting, 8740 Brædstrup",Tyrsting,8740,0615,Horsens,1082,"Region Midtjylland"
"Nordfeld, 4780 Stege",Nordfeld,4780,0390,Vordingborg,1085,"Region Sjælland"
"Vindebæk, 4792 Askeby",Vindebæk,4792,0390,Vordingborg,1085,"Region Sjælland"
"Sløsserup, 4891 Toreby L",Sløsserup,4891,0376,Guldborgsund,1085,"Region Sjælland"
"Sløsserup, 4892 Kettinge",Sløsserup,4892,0376,Guldborgsund,1085,"Region Sjælland"
"Byskov, 4800 Nykøbing F",Byskov,4800,0376,Guldborgsund,1085,"Region Sjælland"
"Byskov, 4863 Eskilstrup",Byskov,4863,0376,Guldborgsund,1085,"Region Sjælland"
"Vestbirk, 8752 Østbirk",Vestbirk,8752,0615,Horsens,1082,"Region Midtjylland"
"Kattrup, 8732 Hovedgård",Kattrup,8732,0615,Horsens,1082,"Region Midtjylland"
"Østbirk By, 8752 Østbirk","Østbirk By",8752,0615,Horsens,1082,"Region Midtjylland"
"Halle, 8740 Brædstrup",Halle,8740,0615,Horsens,1082,"Region Midtjylland"
"Addit, 8660 Skanderborg",Addit,8660,0615,Horsens,1082,"Region Midtjylland"
"Addit, 8740 Brædstrup",Addit,8740,0615,Horsens,1082,"Region Midtjylland"
"Roneklint, 4720 Præstø",Roneklint,4720,0390,Vordingborg,1085,"Region Sjælland"
"Bollerstien, 8700 Horsens",Bollerstien,8700,0615,Horsens,1082,"Region Midtjylland"
"Kostræde Banker, 4750 Lundby","Kostræde Banker",4750,0370,Næstved,1085,"Region Sjælland"
"Lekkende, 4735 Mern",Lekkende,4735,0390,Vordingborg,1085,"Region Sjælland"
"Tolstrup, 4735 Mern",Tolstrup,4735,0390,Vordingborg,1085,"Region Sjælland"
"Kattinge, 4000 Roskilde",Kattinge,4000,0169,Høje-Taastrup,1084,"Region Hovedstaden"
"Killerup, 4990 Sakskøbing",Killerup,4990,0376,Guldborgsund,1085,"Region Sjælland"
"Bramsløkke, 4880 Nysted",Bramsløkke,4880,0376,Guldborgsund,1085,"Region Sjælland"
"Underup, 8740 Brædstrup",Underup,8740,0615,Horsens,1082,"Region Midtjylland"
"Askeby Kbl, 4792 Askeby","Askeby Kbl",4792,0390,Vordingborg,1085,"Region Sjælland"
"Udby, 4750 Lundby",Udby,4750,0370,Næstved,1085,"Region Sjælland"
"Lerbæk, 4792 Askeby",Lerbæk,4792,0390,Vordingborg,1085,"Region Sjælland"
"Tjørnehoved, 4720 Præstø",Tjørnehoved,4720,0390,Vordingborg,1085,"Region Sjælland"
"Kastrup, 4760 Vordingborg",Kastrup,4760,0390,Vordingborg,1085,"Region Sjælland"
"Sageby, 4735 Mern",Sageby,4735,0390,Vordingborg,1085,"Region Sjælland"
"Vejringe, 4850 Stubbekøbing",Vejringe,4850,0376,Guldborgsund,1085,"Region Sjælland"
"Næs, 4850 Stubbekøbing",Næs,4850,0376,Guldborgsund,1085,"Region Sjælland"
"Lillerup, 8751 Gedved",Lillerup,8751,0615,Horsens,1082,"Region Midtjylland"
"Udby, 4780 Stege",Udby,4780,0390,Vordingborg,1085,"Region Sjælland"
"Aggestrup, 8700 Horsens",Aggestrup,8700,0615,Horsens,1082,"Region Midtjylland"
"Ndr Vindinge, 4760 Vordingborg","Ndr Vindinge",4760,0390,Vordingborg,1085,"Region Sjælland"
"Risby Skov, 4720 Præstø","Risby Skov",4720,0390,Vordingborg,1085,"Region Sjælland"
"Ø. Kippinge, 4840 Nørre Alslev","Ø. Kippinge",4840,0376,Guldborgsund,1085,"Region Sjælland"
"Bønnet, 4871 Horbelev",Bønnet,4871,0376,Guldborgsund,1085,"Region Sjælland"
"Orehoved, 4840 Nørre Alslev",Orehoved,4840,0376,Guldborgsund,1085,"Region Sjælland"
"Havnsø, 4840 Nørre Alslev",Havnsø,4840,0376,Guldborgsund,1085,"Region Sjælland"
"Vollerup Kbl, 4792 Askeby","Vollerup Kbl",4792,0390,Vordingborg,1085,"Region Sjælland"
"Brarup, 4840 Nørre Alslev",Brarup,4840,0376,Guldborgsund,1085,"Region Sjælland"
"Egelev, 4840 Nørre Alslev",Egelev,4840,0376,Guldborgsund,1085,"Region Sjælland"
"Nørremark, 4892 Kettinge",Nørremark,4892,0376,Guldborgsund,1085,"Region Sjælland"
"Brestenbro, 8740 Brædstrup",Brestenbro,8740,0615,Horsens,1082,"Region Midtjylland"
"Nyråd, 4760 Vordingborg",Nyråd,4760,0390,Vordingborg,1085,"Region Sjælland"
"Våbensted, 4930 Maribo",Våbensted,4930,0360,Lolland,1085,"Region Sjælland"
"Våbensted, 4990 Sakskøbing",Våbensted,4990,0376,Guldborgsund,1085,"Region Sjælland"
"Møldrup, 8660 Skanderborg",Møldrup,8660,0615,Horsens,1082,"Region Midtjylland"
"Møldrup, 8752 Østbirk",Møldrup,8752,0615,Horsens,1082,"Region Midtjylland"
"Særløse Ovdr, 4330 Hvalsø","Særløse Ovdr",4330,0316,Holbæk,1085,"Region Sjælland"
"Kongstrup, 8870 Langå",Kongstrup,8870,0710,Favrskov,1082,"Region Midtjylland"
"Drøs, 8881 Thorsø",Drøs,8881,0710,Favrskov,1082,"Region Midtjylland"
"Thostrup, 8860 Ulstrup",Thostrup,8860,0710,Favrskov,1082,"Region Midtjylland"
"Rye, 4060 Kirke Såby",Rye,4060,0350,Lejre,1085,"Region Sjælland"
"Rye, 4070 Kirke Hyllinge",Rye,4070,0350,Lejre,1085,"Region Sjælland"
"Biltris, 4070 Kirke Hyllinge",Biltris,4070,0350,Lejre,1085,"Region Sjælland"
"Søhale, 6715 Esbjerg N",Søhale,6715,0561,Esbjerg,1083,"Region Syddanmark"
"Albæk, 7400 Herning",Albæk,7400,0657,Herning,1082,"Region Midtjylland"
"Remme, 7400 Herning",Remme,7400,0657,Herning,1082,"Region Midtjylland"
"Sandet, 6933 Kibæk",Sandet,6933,0657,Herning,1082,"Region Midtjylland"
"Sandet, 7270 Stakroge",Sandet,7270,0530,Billund,1083,"Region Syddanmark"
"Sandet, 7280 Sønder Felding",Sandet,7280,0657,Herning,1082,"Region Midtjylland"
"Nr Farup, 6760 Ribe","Nr Farup",6760,0561,Esbjerg,1083,"Region Syddanmark"
"Højby, 4320 Lejre",Højby,4320,0259,Køge,1085,"Region Sjælland"
"Lykkesgård, 6740 Bramming",Lykkesgård,6740,0561,Esbjerg,1083,"Region Syddanmark"
"Villebøl, 6760 Ribe",Villebøl,6760,0561,Esbjerg,1083,"Region Syddanmark"
"Nr Felding, 7500 Holstebro","Nr Felding",7500,0657,Herning,1082,"Region Midtjylland"
"Barslund, 7540 Haderup",Barslund,7540,0657,Herning,1082,"Region Midtjylland"
"Øm, 4000 Roskilde",Øm,4000,0169,Høje-Taastrup,1084,"Region Hovedstaden"
"Øm, 4320 Lejre",Øm,4320,0259,Køge,1085,"Region Sjælland"
"Laurbjerg, 8370 Hadsten",Laurbjerg,8370,0710,Favrskov,1082,"Region Midtjylland"
"Laurbjerg, 8870 Langå",Laurbjerg,8870,0710,Favrskov,1082,"Region Midtjylland"
"Farre, 8472 Sporup",Farre,8472,0710,Favrskov,1082,"Region Midtjylland"
"Jernvedlund, 6771 Gredstedbro",Jernvedlund,6771,0561,Esbjerg,1083,"Region Syddanmark"
"Mandø, 6760 Ribe",Mandø,6760,0561,Esbjerg,1083,"Region Syddanmark"
"Egelund, 7470 Karup J",Egelund,7470,0657,Herning,1082,"Region Midtjylland"
"Egelund, 7540 Haderup",Egelund,7540,0657,Herning,1082,"Region Midtjylland"
"Kollerup, 8370 Hadsten",Kollerup,8370,0710,Favrskov,1082,"Region Midtjylland"
"Kærbøl Mark, 6760 Ribe","Kærbøl Mark",6760,0561,Esbjerg,1083,"Region Syddanmark"
"Vissing, 8370 Hadsten",Vissing,8370,0710,Favrskov,1082,"Region Midtjylland"
"Vissing, 8940 Randers SV",Vissing,8940,0710,Favrskov,1082,"Region Midtjylland"
"Mondrup, 8881 Thorsø",Mondrup,8881,0710,Favrskov,1082,"Region Midtjylland"
"Røgen, 8472 Sporup",Røgen,8472,0710,Favrskov,1082,"Region Midtjylland"
"Søften, 8380 Trige",Søften,8380,0710,Favrskov,1082,"Region Midtjylland"
"Søften, 8382 Hinnerup",Søften,8382,0710,Favrskov,1082,"Region Midtjylland"
"Hjøllund, 7400 Herning",Hjøllund,7400,0657,Herning,1082,"Region Midtjylland"
"Høgild, 7400 Herning",Høgild,7400,0657,Herning,1082,"Region Midtjylland"
"Ø Gårds Mark, 8870 Langå","Ø Gårds Mark",8870,0710,Favrskov,1082,"Region Midtjylland"
"Schildenseje, 8370 Hadsten",Schildenseje,8370,0710,Favrskov,1082,"Region Midtjylland"
"Vivild, 8370 Hadsten",Vivild,8370,0710,Favrskov,1082,"Region Midtjylland"
"Torkilstrup, 4060 Kirke Såby",Torkilstrup,4060,0350,Lejre,1085,"Region Sjælland"
"Abbetved, 4060 Kirke Såby",Abbetved,4060,0350,Lejre,1085,"Region Sjælland"
"Hagenstrup, 8860 Ulstrup",Hagenstrup,8860,0710,Favrskov,1082,"Region Midtjylland"
"Galten Mk, 8370 Hadsten","Galten Mk",8370,0710,Favrskov,1082,"Region Midtjylland"
"Durup, 9610 Nørager",Durup,9610,0820,Vesthimmerlands,1081,"Region Nordjylland"
"Høje Meels, 5620 Glamsbjerg","Høje Meels",5620,0420,Assens,1083,"Region Syddanmark"
"Sarup Mark, 5683 Haarby","Sarup Mark",5683,0420,Assens,1083,"Region Syddanmark"
"Kilden, 9900 Frederikshavn",Kilden,9900,0813,Frederikshavn,1081,"Region Nordjylland"
"Sørup, 9530 Støvring",Sørup,9530,0840,Rebild,1081,"Region Nordjylland"
"Kragelund, 9520 Skørping",Kragelund,9520,0840,Rebild,1081,"Region Nordjylland"
"Kragelund, 9610 Nørager",Kragelund,9610,0820,Vesthimmerlands,1081,"Region Nordjylland"
"Haverslev, 9610 Nørager",Haverslev,9610,0820,Vesthimmerlands,1081,"Region Nordjylland"
"Melby, 5610 Assens",Melby,5610,0410,Middelfart,1083,"Region Syddanmark"
"Skaarup, 5683 Haarby",Skaarup,5683,0420,Assens,1083,"Region Syddanmark"
"Flauenskjold, 9352 Dybvad",Flauenskjold,9352,0810,Brønderslev,1081,"Region Nordjylland"
"Byrsted, 9240 Nibe",Byrsted,9240,0820,Vesthimmerlands,1081,"Region Nordjylland"
"Byrsted, 9541 Suldrup",Byrsted,9541,0820,Vesthimmerlands,1081,"Region Nordjylland"
"Ll Lundager, 5610 Assens","Ll Lundager",5610,0410,Middelfart,1083,"Region Syddanmark"
"Bodilsker, 3730 Nexø",Bodilsker,3730,0400,Bornholm,1084,"Region Hovedstaden"
"Bodilsker, 3751 Østermarie",Bodilsker,3751,0400,Bornholm,1084,"Region Hovedstaden"
"Tommerup, 5690 Tommerup",Tommerup,5690,0420,Assens,1083,"Region Syddanmark"
"Ormehøj, 5560 Aarup",Ormehøj,5560,0410,Middelfart,1083,"Region Syddanmark"
"Springenbj, 5620 Glamsbjerg",Springenbj,5620,0420,Assens,1083,"Region Syddanmark"
"Årsballe, 3700 Rønne",Årsballe,3700,0400,Bornholm,1084,"Region Hovedstaden"
"Voldbro, 5610 Assens",Voldbro,5610,0410,Middelfart,1083,"Region Syddanmark"
"Signesminde, 5690 Tommerup",Signesminde,5690,0420,Assens,1083,"Region Syddanmark"
"Syrehusene, 5610 Assens",Syrehusene,5610,0410,Middelfart,1083,"Region Syddanmark"
"Ømark, 9610 Nørager",Ømark,9610,0820,Vesthimmerlands,1081,"Region Nordjylland"
"Melsted, 3760 Gudhjem",Melsted,3760,0400,Bornholm,1084,"Region Hovedstaden"
"Ølund, 5450 Otterup",Ølund,5450,0480,Nordfyns,1083,"Region Syddanmark"
"Skiveren, 9982 Ålbæk",Skiveren,9982,0813,Frederikshavn,1081,"Region Nordjylland"
"Lyngsø, 9240 Nibe",Lyngsø,9240,0820,Vesthimmerlands,1081,"Region Nordjylland"
"Hasmark Strand, 5450 Otterup","Hasmark Strand",5450,0480,Nordfyns,1083,"Region Syddanmark"
"Gerskov, 5450 Otterup",Gerskov,5450,0480,Nordfyns,1083,"Region Syddanmark"
"Holmgaard, 9610 Nørager",Holmgaard,9610,0820,Vesthimmerlands,1081,"Region Nordjylland"
"Askildrup, 9520 Skørping",Askildrup,9520,0840,Rebild,1081,"Region Nordjylland"
"Østerlars, 3700 Rønne",Østerlars,3700,0400,Bornholm,1084,"Region Hovedstaden"
"Østerlars, 3760 Gudhjem",Østerlars,3760,0400,Bornholm,1084,"Region Hovedstaden"
"Mølholm, 9520 Skørping",Mølholm,9520,0840,Rebild,1081,"Region Nordjylland"
"Asp, 9520 Skørping",Asp,9520,0840,Rebild,1081,"Region Nordjylland"
"Foldager, 9541 Suldrup",Foldager,9541,0820,Vesthimmerlands,1081,"Region Nordjylland"
"Hyllested, 9240 Nibe",Hyllested,9240,0820,Vesthimmerlands,1081,"Region Nordjylland"
"Hyllested, 9541 Suldrup",Hyllested,9541,0820,Vesthimmerlands,1081,"Region Nordjylland"
"Ore, 5400 Bogense",Ore,5400,0480,Nordfyns,1083,"Region Syddanmark"
"Ore, 5464 Brenderup Fyn",Ore,5464,0410,Middelfart,1083,"Region Syddanmark"
"Rebild, 9520 Skørping",Rebild,9520,0840,Rebild,1081,"Region Nordjylland"
"Fræer, 9520 Skørping",Fræer,9520,0840,Rebild,1081,"Region Nordjylland"
"Trøderup, 9900 Frederikshavn",Trøderup,9900,0813,Frederikshavn,1081,"Region Nordjylland"
"Ll Grøngård, 6270 Tønder","Ll Grøngård",6270,0550,Tønder,1083,"Region Syddanmark"
"Tevring, 6780 Skærbæk",Tevring,6780,0550,Tønder,1083,"Region Syddanmark"
"Langdal, 6792 Rømø",Langdal,6792,0550,Tønder,1083,"Region Syddanmark"
"Vodder, 6780 Skærbæk",Vodder,6780,0550,Tønder,1083,"Region Syddanmark"
"Toderup, 5471 Søndersø",Toderup,5471,0480,Nordfyns,1083,"Region Syddanmark"
"Sdr Okholm, 6270 Tønder","Sdr Okholm",6270,0550,Tønder,1083,"Region Syddanmark"
"Vestermark, 6780 Skærbæk",Vestermark,6780,0550,Tønder,1083,"Region Syddanmark"
"Vester Terp, 6240 Løgumkloster","Vester Terp",6240,0550,Tønder,1083,"Region Syddanmark"
"Jejsing, 6270 Tønder",Jejsing,6270,0550,Tønder,1083,"Region Syddanmark"
"Vesterby, 5400 Bogense",Vesterby,5400,0480,Nordfyns,1083,"Region Syddanmark"
"Rødeled, 5400 Bogense",Rødeled,5400,0480,Nordfyns,1083,"Region Syddanmark"
"Lindø, 5400 Bogense",Lindø,5400,0480,Nordfyns,1083,"Region Syddanmark"
"Kærmark, 6780 Skærbæk",Kærmark,6780,0550,Tønder,1083,"Region Syddanmark"
"Alslevvrå, 6240 Løgumkloster",Alslevvrå,6240,0550,Tønder,1083,"Region Syddanmark"
"Hybjerg, 6780 Skærbæk",Hybjerg,6780,0550,Tønder,1083,"Region Syddanmark"
"Sdr. Esterbølle, 5471 Søndersø","Sdr. Esterbølle",5471,0480,Nordfyns,1083,"Region Syddanmark"
"Lumby Strand, 5270 Odense N","Lumby Strand",5270,0461,Odense,1083,"Region Syddanmark"
"Arndrupmølle, 6240 Løgumkloster",Arndrupmølle,6240,0550,Tønder,1083,"Region Syddanmark"
"Tvismark, 6792 Rømø",Tvismark,6792,0550,Tønder,1083,"Region Syddanmark"
"Haved, 6780 Skærbæk",Haved,6780,0550,Tønder,1083,"Region Syddanmark"
"Vedbjerg, 5400 Bogense",Vedbjerg,5400,0480,Nordfyns,1083,"Region Syddanmark"
"Kærby, 5400 Bogense",Kærby,5400,0480,Nordfyns,1083,"Region Syddanmark"
"Jydby, 5450 Otterup",Jydby,5450,0480,Nordfyns,1083,"Region Syddanmark"
"Bårdesø, 5450 Otterup",Bårdesø,5450,0480,Nordfyns,1083,"Region Syddanmark"
"Ellum, 6240 Løgumkloster",Ellum,6240,0550,Tønder,1083,"Region Syddanmark"
"Vedby, 5471 Søndersø",Vedby,5471,0480,Nordfyns,1083,"Region Syddanmark"
"Stenbækken, 5400 Bogense",Stenbækken,5400,0480,Nordfyns,1083,"Region Syddanmark"
"Mortensdam, 5400 Bogense",Mortensdam,5400,0480,Nordfyns,1083,"Region Syddanmark"
"Sædbro, 6270 Tønder",Sædbro,6270,0550,Tønder,1083,"Region Syddanmark"
"Rørkær, 6270 Tønder",Rørkær,6270,0550,Tønder,1083,"Region Syddanmark"
"Bønsvig Str, 4720 Præstø","Bønsvig Str",4720,0390,Vordingborg,1085,"Region Sjælland"
"Tostrup, 4780 Stege",Tostrup,4780,0390,Vordingborg,1085,"Region Sjælland"
"Gl Kalvehave, 4771 Kalvehave","Gl Kalvehave",4771,0390,Vordingborg,1085,"Region Sjælland"
"Ellehusmark, 6270 Tønder",Ellehusmark,6270,0550,Tønder,1083,"Region Syddanmark"
"Tirslund, 6541 Bevtoft",Tirslund,6541,0510,Haderslev,1083,"Region Syddanmark"
"Sandholt, 5400 Bogense",Sandholt,5400,0480,Nordfyns,1083,"Region Syddanmark"
"Nyord, 4780 Stege",Nyord,4780,0390,Vordingborg,1085,"Region Sjælland"
"Jørgensby, 6534 Agerskov",Jørgensby,6534,0510,Haderslev,1083,"Region Syddanmark"
"Kisbæk, 6240 Løgumkloster",Kisbæk,6240,0550,Tønder,1083,"Region Syddanmark"
"Ulkendrup, 5450 Otterup",Ulkendrup,5450,0480,Nordfyns,1083,"Region Syddanmark"
"Tyentved, 5400 Bogense",Tyentved,5400,0480,Nordfyns,1083,"Region Syddanmark"
"Sæd, 6270 Tønder",Sæd,6270,0550,Tønder,1083,"Region Syddanmark"
"S Sejerslev, 6280 Højer","S Sejerslev",6280,0550,Tønder,1083,"Region Syddanmark"
"Drengsted, 6780 Skærbæk",Drengsted,6780,0550,Tønder,1083,"Region Syddanmark"
"Bøgvad, 6240 Løgumkloster",Bøgvad,6240,0550,Tønder,1083,"Region Syddanmark"
"Øster Gasse, 6780 Skærbæk","Øster Gasse",6780,0550,Tønder,1083,"Region Syddanmark"
"Ellum Mark, 6240 Løgumkloster","Ellum Mark",6240,0550,Tønder,1083,"Region Syddanmark"
"Ellum Vestermark, 6240 Løgumkloster","Ellum Vestermark",6240,0550,Tønder,1083,"Region Syddanmark"
"Almindehuse, 5400 Bogense",Almindehuse,5400,0480,Nordfyns,1083,"Region Syddanmark"
"Vædeledgård, 5474 Veflinge",Vædeledgård,5474,0480,Nordfyns,1083,"Region Syddanmark"
"Lindebjerg, 5400 Bogense",Lindebjerg,5400,0480,Nordfyns,1083,"Region Syddanmark"
"Tværskov, 5462 Morud",Tværskov,5462,0480,Nordfyns,1083,"Region Syddanmark"
"Ørritslev, 5450 Otterup",Ørritslev,5450,0480,Nordfyns,1083,"Region Syddanmark"
"Lerskov, 6534 Agerskov",Lerskov,6534,0510,Haderslev,1083,"Region Syddanmark"
"Havervad, 6780 Skærbæk",Havervad,6780,0550,Tønder,1083,"Region Syddanmark"
"Hasmark, 5450 Otterup",Hasmark,5450,0480,Nordfyns,1083,"Region Syddanmark"
"Busholm, 6240 Løgumkloster",Busholm,6240,0550,Tønder,1083,"Region Syddanmark"
"Store Stegø, 5400 Bogense","Store Stegø",5400,0480,Nordfyns,1083,"Region Syddanmark"
"Kronsbjerg, 5400 Bogense",Kronsbjerg,5400,0480,Nordfyns,1083,"Region Syddanmark"
"Gamby, 5471 Søndersø",Gamby,5471,0480,Nordfyns,1083,"Region Syddanmark"
"Kassemose, 5400 Bogense",Kassemose,5400,0480,Nordfyns,1083,"Region Syddanmark"
"Lille Stegø, 5400 Bogense","Lille Stegø",5400,0480,Nordfyns,1083,"Region Syddanmark"
"Nørre Skærbæk, 6780 Skærbæk","Nørre Skærbæk",6780,0550,Tønder,1083,"Region Syddanmark"
"Trespring, 6270 Tønder",Trespring,6270,0550,Tønder,1083,"Region Syddanmark"
"Norup, 5450 Otterup",Norup,5450,0480,Nordfyns,1083,"Region Syddanmark"
"Lindø, 5450 Otterup",Lindø,5450,0480,Nordfyns,1083,"Region Syddanmark"
"Brovst, 9460 Brovst",Brovst,9460,0849,Jammerbugt,1081,"Region Nordjylland"
"Andrup, 9690 Fjerritslev",Andrup,9690,0849,Jammerbugt,1081,"Region Nordjylland"
"Klim, 9690 Fjerritslev",Klim,9690,0849,Jammerbugt,1081,"Region Nordjylland"
"Borup, 8420 Knebel",Borup,8420,0706,Syddjurs,1082,"Region Midtjylland"
"Smederup, 8300 Odder",Smederup,8300,0727,Odder,1082,"Region Midtjylland"
"Fensten, 8300 Odder",Fensten,8300,0727,Odder,1082,"Region Midtjylland"
"Aldrup, 9690 Fjerritslev",Aldrup,9690,0849,Jammerbugt,1081,"Region Nordjylland"
"Aalstrup, 8300 Odder",Aalstrup,8300,0727,Odder,1082,"Region Midtjylland"
"Toftegaard, 9440 Aabybro",Toftegaard,9440,0810,Brønderslev,1081,"Region Nordjylland"
"Jægerum, 9460 Brovst",Jægerum,9460,0849,Jammerbugt,1081,"Region Nordjylland"
"Balle, 8444 Balle",Balle,8444,0706,Syddjurs,1082,"Region Midtjylland"
"Kærsgaarde, 8350 Hundslund",Kærsgaarde,8350,0727,Odder,1082,"Region Midtjylland"
"Ørting, 8300 Odder",Ørting,8300,0727,Odder,1082,"Region Midtjylland"
"Ndr Randlev, 8300 Odder","Ndr Randlev",8300,0727,Odder,1082,"Region Midtjylland"
"Ejstrup By, 9460 Brovst","Ejstrup By",9460,0849,Jammerbugt,1081,"Region Nordjylland"
"Dråby, 8400 Ebeltoft",Dråby,8400,0706,Syddjurs,1082,"Region Midtjylland"
"Morsholt, 8300 Odder",Morsholt,8300,0727,Odder,1082,"Region Midtjylland"
"Krøldrup, 9670 Løgstør",Krøldrup,9670,0820,Vesthimmerlands,1081,"Region Nordjylland"
"Tillerup, 8420 Knebel",Tillerup,8420,0706,Syddjurs,1082,"Region Midtjylland"
"Sjørup, 8581 Nimtofte",Sjørup,8581,0706,Syddjurs,1082,"Region Midtjylland"
"Tøstrup, 8581 Nimtofte",Tøstrup,8581,0706,Syddjurs,1082,"Region Midtjylland"
"Saksild Str, 8300 Odder","Saksild Str",8300,0727,Odder,1082,"Region Midtjylland"
"Skablund, 8350 Hundslund",Skablund,8350,0727,Odder,1082,"Region Midtjylland"
"Assedrup Mrk, 8300 Odder","Assedrup Mrk",8300,0727,Odder,1082,"Region Midtjylland"
"Fauskjær, 9690 Fjerritslev",Fauskjær,9690,0849,Jammerbugt,1081,"Region Nordjylland"
"Fuglsang, 9670 Løgstør",Fuglsang,9670,0820,Vesthimmerlands,1081,"Region Nordjylland"
"Torslev Kær, 9460 Brovst","Torslev Kær",9460,0849,Jammerbugt,1081,"Region Nordjylland"
"V Thorup Kær, 9690 Fjerritslev","V Thorup Kær",9690,0849,Jammerbugt,1081,"Region Nordjylland"
"Sivested Mrk, 8560 Kolind","Sivested Mrk",8560,0706,Syddjurs,1082,"Region Midtjylland"
"Sivested Mrk, 8581 Nimtofte","Sivested Mrk",8581,0706,Syddjurs,1082,"Region Midtjylland"
"Ø Svenstrup, 9460 Brovst","Ø Svenstrup",9460,0849,Jammerbugt,1081,"Region Nordjylland"
"Ebdrup Mark, 8560 Kolind","Ebdrup Mark",8560,0706,Syddjurs,1082,"Region Midtjylland"
"Eb Skovgårde, 8400 Ebeltoft","Eb Skovgårde",8400,0706,Syddjurs,1082,"Region Midtjylland"
"Øer, 8400 Ebeltoft",Øer,8400,0706,Syddjurs,1082,"Region Midtjylland"
"Ebelt Mark, 8400 Ebeltoft","Ebelt Mark",8400,0706,Syddjurs,1082,"Region Midtjylland"
"Fensholt, 8300 Odder",Fensholt,8300,0727,Odder,1082,"Region Midtjylland"
"Biersted, 9440 Aabybro",Biersted,9440,0810,Brønderslev,1081,"Region Nordjylland"
"Gjesing, 8660 Skanderborg",Gjesing,8660,0615,Horsens,1082,"Region Midtjylland"
"Hunetorp, 9490 Pandrup",Hunetorp,9490,0849,Jammerbugt,1081,"Region Nordjylland"
"Tøstrup Mark, 8581 Nimtofte","Tøstrup Mark",8581,0706,Syddjurs,1082,"Region Midtjylland"
"Begtrup, 8420 Knebel",Begtrup,8420,0706,Syddjurs,1082,"Region Midtjylland"
"Torrild, 8300 Odder",Torrild,8300,0727,Odder,1082,"Region Midtjylland"
"Landborup, 8420 Knebel",Landborup,8420,0706,Syddjurs,1082,"Region Midtjylland"
"Tved, 8420 Knebel",Tved,8420,0706,Syddjurs,1082,"Region Midtjylland"
"Kettrup Kær, 9690 Fjerritslev","Kettrup Kær",9690,0849,Jammerbugt,1081,"Region Nordjylland"
"Ø Kjeldgård, 9690 Fjerritslev","Ø Kjeldgård",9690,0849,Jammerbugt,1081,"Region Nordjylland"
"Pirup, 9492 Blokhus",Pirup,9492,0849,Jammerbugt,1081,"Region Nordjylland"
"Ballen, 8305 Samsø",Ballen,8305,0741,Samsø,1082,"Region Midtjylland"
"Sahl, 7830 Vinderup",Sahl,7830,0657,Herning,1082,"Region Midtjylland"
"Højrup, 5620 Glamsbjerg",Højrup,5620,0420,Assens,1083,"Region Syddanmark"
"Dybmose, 5560 Aarup",Dybmose,5560,0410,Middelfart,1083,"Region Syddanmark"
"Tåstrup, 8410 Rønde",Tåstrup,8410,0706,Syddjurs,1082,"Region Midtjylland"
"Sebstrup, 7800 Skive",Sebstrup,7800,0661,Holstebro,1082,"Region Midtjylland"
"Filshuse, 5610 Assens",Filshuse,5610,0410,Middelfart,1083,"Region Syddanmark"
"Skovsby, 5492 Vissenbjerg",Skovsby,5492,0420,Assens,1083,"Region Syddanmark"
"Sdr. Nissum, 6990 Ulfborg","Sdr. Nissum",6990,0657,Herning,1082,"Region Midtjylland"
"Tvis, 7500 Holstebro",Tvis,7500,0657,Herning,1082,"Region Midtjylland"
"Hvilsager, 8544 Mørke",Hvilsager,8544,0706,Syddjurs,1082,"Region Midtjylland"
"Aborg Strand, 5610 Assens","Aborg Strand",5610,0410,Middelfart,1083,"Region Syddanmark"
"Hogager, 7500 Holstebro",Hogager,7500,0657,Herning,1082,"Region Midtjylland"
"Skallebjerg, 5683 Haarby",Skallebjerg,5683,0420,Assens,1083,"Region Syddanmark"
"Etterup, 5560 Aarup",Etterup,5560,0410,Middelfart,1083,"Region Syddanmark"
"Egsmarklund, 8400 Ebeltoft",Egsmarklund,8400,0706,Syddjurs,1082,"Region Midtjylland"
"Skovkrogen, 5683 Haarby",Skovkrogen,5683,0420,Assens,1083,"Region Syddanmark"
"Nordby, 5631 Ebberup",Nordby,5631,0420,Assens,1083,"Region Syddanmark"
"Salbrovad, 5610 Assens",Salbrovad,5610,0410,Middelfart,1083,"Region Syddanmark"
"St Tallerup, 5690 Tommerup","St Tallerup",5690,0420,Assens,1083,"Region Syddanmark"
"Rold, 5492 Vissenbjerg",Rold,5492,0420,Assens,1083,"Region Syddanmark"
"Vemb, 7570 Vemb",Vemb,7570,0661,Holstebro,1082,"Region Midtjylland"
"Astrup Mark, 8550 Ryomgård","Astrup Mark",8550,0706,Syddjurs,1082,"Region Midtjylland"
"Lynge, 8420 Knebel",Lynge,8420,0706,Syddjurs,1082,"Region Midtjylland"
"Ommestrup, 8544 Mørke",Ommestrup,8544,0706,Syddjurs,1082,"Region Midtjylland"
"Ellekær, 5560 Aarup",Ellekær,5560,0410,Middelfart,1083,"Region Syddanmark"
"Ådalen, 5620 Glamsbjerg",Ådalen,5620,0420,Assens,1083,"Region Syddanmark"
"Husted, 7830 Vinderup",Husted,7830,0657,Herning,1082,"Region Midtjylland"
"Brogård, 6990 Ulfborg",Brogård,6990,0657,Herning,1082,"Region Midtjylland"
"Ørsbjerg Skov, 5560 Aarup","Ørsbjerg Skov",5560,0410,Middelfart,1083,"Region Syddanmark"
"Hornshøj, 7500 Holstebro",Hornshøj,7500,0657,Herning,1082,"Region Midtjylland"
"Smejrup, 5610 Assens",Smejrup,5610,0410,Middelfart,1083,"Region Syddanmark"
"Ryde Kirkeby, 7830 Vinderup","Ryde Kirkeby",7830,0657,Herning,1082,"Region Midtjylland"
"Nimtofte Mrk, 8581 Nimtofte","Nimtofte Mrk",8581,0706,Syddjurs,1082,"Region Midtjylland"
"Søllested, 5620 Glamsbjerg",Søllested,5620,0420,Assens,1083,"Region Syddanmark"
"Ejsing, 7830 Vinderup",Ejsing,7830,0657,Herning,1082,"Region Midtjylland"
"Grimsbjerg, 5620 Glamsbjerg",Grimsbjerg,5620,0420,Assens,1083,"Region Syddanmark"
"Lysemose, 5683 Haarby",Lysemose,5683,0420,Assens,1083,"Region Syddanmark"
"Stormarken, 5683 Haarby",Stormarken,5683,0420,Assens,1083,"Region Syddanmark"
"Ørnbjerg Møl, 8400 Ebeltoft","Ørnbjerg Møl",8400,0706,Syddjurs,1082,"Region Midtjylland"
"Ørnbjerg Møl, 8410 Rønde","Ørnbjerg Møl",8410,0706,Syddjurs,1082,"Region Midtjylland"
"Horstved, 8560 Kolind",Horstved,8560,0706,Syddjurs,1082,"Region Midtjylland"
"Vistorp, 5620 Glamsbjerg",Vistorp,5620,0420,Assens,1083,"Region Syddanmark"
"Hestbjerg, 5560 Aarup",Hestbjerg,5560,0410,Middelfart,1083,"Region Syddanmark"
"Vedø, 8560 Kolind",Vedø,8560,0706,Syddjurs,1082,"Region Midtjylland"
"Gunderslevholm, 4160 Herlufmagle",Gunderslevholm,4160,0320,Faxe,1085,"Region Sjælland"
"Gåskær, 6580 Vamdrup",Gåskær,6580,0621,Kolding,1083,"Region Syddanmark"
"Rådvad, 6000 Kolding",Rådvad,6000,0621,Kolding,1083,"Region Syddanmark"
"Vinstrup, 4250 Fuglebjerg",Vinstrup,4250,0330,Slagelse,1085,"Region Sjælland"
"Klosterskov, 4700 Næstved",Klosterskov,4700,0370,Næstved,1085,"Region Sjælland"
"Stallerup, 7000 Fredericia",Stallerup,7000,0607,Fredericia,1083,"Region Syddanmark"
"Sengeløse, 2630 Taastrup",Sengeløse,2630,0165,Albertslund,1084,"Region Hovedstaden"
"Sengeløse, 2640 Hedehusene",Sengeløse,2640,0169,Høje-Taastrup,1084,"Region Hovedstaden"
"Højbjerg, 4250 Fuglebjerg",Højbjerg,4250,0330,Slagelse,1085,"Region Sjælland"
"Stubbum, 6070 Christiansfeld",Stubbum,6070,0510,Haderslev,1083,"Region Syddanmark"
"Bojskov, 6070 Christiansfeld",Bojskov,6070,0510,Haderslev,1083,"Region Syddanmark"
"Kraghave, 2630 Taastrup",Kraghave,2630,0165,Albertslund,1084,"Region Hovedstaden"
"Fodby, 4700 Næstved",Fodby,4700,0370,Næstved,1085,"Region Sjælland"
"Skullerup, 4160 Herlufmagle",Skullerup,4160,0320,Faxe,1085,"Region Sjælland"
"Højrup Overskov, 6560 Sommersted","Højrup Overskov",6560,0510,Haderslev,1083,"Region Syddanmark"
"Herlufsholm, 4700 Næstved",Herlufsholm,4700,0370,Næstved,1085,"Region Sjælland"
"Hersnap, 5380 Dalby",Hersnap,5380,0440,Kerteminde,1083,"Region Syddanmark"
"Hersnap, 5390 Martofte",Hersnap,5390,0440,Kerteminde,1083,"Region Syddanmark"
"Vester Nebel, 6040 Egtved","Vester Nebel",6040,0621,Kolding,1083,"Region Syddanmark"
"Ganløse Ore, 3500 Værløse","Ganløse Ore",3500,0151,Ballerup,1084,"Region Hovedstaden"
"Ganløse Ore, 3520 Farum","Ganløse Ore",3520,0190,Furesø,1084,"Region Hovedstaden"
"Ganløse, 3660 Stenløse",Ganløse,3660,0240,Egedal,1084,"Region Hovedstaden"
"Smørumnedre, 2750 Ballerup",Smørumnedre,2750,0151,Ballerup,1084,"Region Hovedstaden"
"Smørumnedre, 2765 Smørum",Smørumnedre,2765,0240,Egedal,1084,"Region Hovedstaden"
"Trelde, 7000 Fredericia",Trelde,7000,0607,Fredericia,1083,"Region Syddanmark"
"Østerskov, 7000 Fredericia",Østerskov,7000,0607,Fredericia,1083,"Region Syddanmark"
"Tørringhuse, 7620 Lemvig",Tørringhuse,7620,0665,Lemvig,1082,"Region Midtjylland"
"Bavelse Mlgd, 4171 Glumsø","Bavelse Mlgd",4171,0370,Næstved,1085,"Region Sjælland"
"Stenskoven, 4700 Næstved",Stenskoven,4700,0370,Næstved,1085,"Region Sjælland"
"Hf. Fortbo, 2300 København S","Hf. Fortbo",2300,0101,København,1084,"Region Hovedstaden"
"Hf. Paradis, 2500 Valby","Hf. Paradis",2500,0101,København,1084,"Region Hovedstaden"
"Feldbæk, 6971 Spjald",Feldbæk,6971,0760,Ringkøbing-Skjern,1082,"Region Midtjylland"
"Hf. Dan, 2500 Valby","Hf. Dan",2500,0101,København,1084,"Region Hovedstaden"
"Jægerlund, 6541 Bevtoft",Jægerlund,6541,0510,Haderslev,1083,"Region Syddanmark"
"Kelstrup Strand, 6100 Haderslev","Kelstrup Strand",6100,0510,Haderslev,1083,"Region Syddanmark"
"Mosdal, 6971 Spjald",Mosdal,6971,0760,Ringkøbing-Skjern,1082,"Region Midtjylland"
"Brændeskov, 5700 Svendborg",Brændeskov,5700,0479,Svendborg,1083,"Region Syddanmark"
"Ørby, 6100 Haderslev",Ørby,6100,0510,Haderslev,1083,"Region Syddanmark"
"Højvang, 6920 Videbæk",Højvang,6920,0760,Ringkøbing-Skjern,1082,"Region Midtjylland"
"Højvang, 6971 Spjald",Højvang,6971,0760,Ringkøbing-Skjern,1082,"Region Midtjylland"
"Højbo Finderup, 6900 Skjern","Højbo Finderup",6900,0760,Ringkøbing-Skjern,1082,"Region Midtjylland"
"Overmarken, 6971 Spjald",Overmarken,6971,0760,Ringkøbing-Skjern,1082,"Region Midtjylland"
"Vonsild, 6000 Kolding",Vonsild,6000,0621,Kolding,1083,"Region Syddanmark"
"Hf. Nokken, 2300 København S","Hf. Nokken",2300,0101,København,1084,"Region Hovedstaden"
"Skarø, 5700 Svendborg",Skarø,5700,0479,Svendborg,1083,"Region Syddanmark"
"Tiset, 6510 Gram",Tiset,6510,0510,Haderslev,1083,"Region Syddanmark"
"Brejning, 6920 Videbæk",Brejning,6920,0760,Ringkøbing-Skjern,1082,"Region Midtjylland"
"Brejning, 6971 Spjald",Brejning,6971,0760,Ringkøbing-Skjern,1082,"Region Midtjylland"
"Thurø, 5700 Svendborg",Thurø,5700,0479,Svendborg,1083,"Region Syddanmark"
"Bramdrup, 6100 Haderslev",Bramdrup,6100,0510,Haderslev,1083,"Region Syddanmark"
"Vrå, 6064 Jordrup",Vrå,6064,0621,Kolding,1083,"Region Syddanmark"
"Starup, 6100 Haderslev",Starup,6100,0510,Haderslev,1083,"Region Syddanmark"
"Aastrup, 6100 Haderslev",Aastrup,6100,0510,Haderslev,1083,"Region Syddanmark"
"Brjn Kirkeby, 6971 Spjald","Brjn Kirkeby",6971,0760,Ringkøbing-Skjern,1082,"Region Midtjylland"
"Brejn Gdr M, 6971 Spjald","Brejn Gdr M",6971,0760,Ringkøbing-Skjern,1082,"Region Midtjylland"
"Ballen, 5762 Vester Skerninge",Ballen,5762,0430,Faaborg-Midtfyn,1083,"Region Syddanmark"
"Boholt, 5874 Hesselager",Boholt,5874,0450,Nyborg,1083,"Region Syddanmark"
"Jernhyt, 6500 Vojens",Jernhyt,6500,0510,Haderslev,1083,"Region Syddanmark"
"Simmersted, 6500 Vojens",Simmersted,6500,0510,Haderslev,1083,"Region Syddanmark"
"Grønnehuse, 6920 Videbæk",Grønnehuse,6920,0760,Ringkøbing-Skjern,1082,"Region Midtjylland"
"Vust Holme, 9690 Fjerritslev","Vust Holme",9690,0849,Jammerbugt,1081,"Region Nordjylland"
"Alstrup, 9700 Brønderslev",Alstrup,9700,0810,Brønderslev,1081,"Region Nordjylland"
"Stensbæk, 6510 Gram",Stensbæk,6510,0510,Haderslev,1083,"Region Syddanmark"
"Munkens Klit, 9480 Løkken","Munkens Klit",9480,0810,Brønderslev,1081,"Region Nordjylland"
"Christiansdal, 6500 Vojens",Christiansdal,6500,0510,Haderslev,1083,"Region Syddanmark"
"Fjelstrup, 6100 Haderslev",Fjelstrup,6100,0510,Haderslev,1083,"Region Syddanmark"
"Skrydstrup, 6500 Vojens",Skrydstrup,6500,0510,Haderslev,1083,"Region Syddanmark"
"Anslet, 6100 Haderslev",Anslet,6100,0510,Haderslev,1083,"Region Syddanmark"
"Amager Fælled Øko Haver, 2300 København S","Amager Fælled Øko Haver",2300,0101,København,1084,"Region Hovedstaden"
"Hf. Lynetten, 2300 København S","Hf. Lynetten",2300,0101,København,1084,"Region Hovedstaden"
"Gelstoft, 6510 Gram",Gelstoft,6510,0510,Haderslev,1083,"Region Syddanmark"
"Kildsig, 6971 Spjald",Kildsig,6971,0760,Ringkøbing-Skjern,1082,"Region Midtjylland"
"Nr Bork, 6893 Hemmet","Nr Bork",6893,0760,Ringkøbing-Skjern,1082,"Region Midtjylland"
"Tybjerg, 4100 Ringsted",Tybjerg,4100,0259,Køge,1085,"Region Sjælland"
"Tybjerg, 4160 Herlufmagle",Tybjerg,4160,0320,Faxe,1085,"Region Sjælland"
"Tybjerg, 4690 Haslev",Tybjerg,4690,0320,Faxe,1085,"Region Sjælland"
"Bjørnebækhus, 4243 Rude",Bjørnebækhus,4243,0330,Slagelse,1085,"Region Sjælland"
"Klinteby, 4700 Næstved",Klinteby,4700,0370,Næstved,1085,"Region Sjælland"
"Klinteby, 4736 Karrebæksminde",Klinteby,4736,0370,Næstved,1085,"Region Sjælland"
"Vejløgård, 4700 Næstved",Vejløgård,4700,0370,Næstved,1085,"Region Sjælland"
"Tågeskov, 4733 Tappernøje",Tågeskov,4733,0320,Faxe,1085,"Region Sjælland"
"Karrebækstorp, 4700 Næstved",Karrebækstorp,4700,0370,Næstved,1085,"Region Sjælland"
"Karrebækstorp, 4736 Karrebæksminde",Karrebækstorp,4736,0370,Næstved,1085,"Region Sjælland"
"Hemmestrup, 4683 Rønnede",Hemmestrup,4683,0320,Faxe,1085,"Region Sjælland"
"Hemmestrup, 4733 Tappernøje",Hemmestrup,4733,0320,Faxe,1085,"Region Sjælland"
"Bækkeskov, 4640 Faxe",Bækkeskov,4640,0320,Faxe,1085,"Region Sjælland"
"Bækkeskov, 4733 Tappernøje",Bækkeskov,4733,0320,Faxe,1085,"Region Sjælland"
"Engelholm, 4733 Tappernøje",Engelholm,4733,0320,Faxe,1085,"Region Sjælland"
"Holme-Olstrup, 4684 Holmegaard",Holme-Olstrup,4684,0320,Faxe,1085,"Region Sjælland"
"Hyllinge, 4700 Næstved",Hyllinge,4700,0370,Næstved,1085,"Region Sjælland"
"Askov, 4700 Næstved",Askov,4700,0370,Næstved,1085,"Region Sjælland"
"Askov, 4733 Tappernøje",Askov,4733,0320,Faxe,1085,"Region Sjælland"
"Marvede, 4700 Næstved",Marvede,4700,0370,Næstved,1085,"Region Sjælland"
"Bøgesø, 4700 Næstved",Bøgesø,4700,0370,Næstved,1085,"Region Sjælland"
"Havnskov, 4700 Næstved",Havnskov,4700,0370,Næstved,1085,"Region Sjælland"
"Karlstrup, 2680 Solrød Strand",Karlstrup,2680,0269,Solrød,1085,"Region Sjælland"
"Karlstrup, 2690 Karlslunde",Karlstrup,2690,0253,Greve,1085,"Region Sjælland"
"Gl Havdrup, 4622 Havdrup","Gl Havdrup",4622,0265,Roskilde,1085,"Region Sjælland"
"Kastel, 5853 Ørbæk",Kastel,5853,0430,Faaborg-Midtfyn,1083,"Region Syddanmark"
"Kragelund, 5853 Ørbæk",Kragelund,5853,0430,Faaborg-Midtfyn,1083,"Region Syddanmark"
"Strandløkke, 5800 Nyborg",Strandløkke,5800,0450,Nyborg,1083,"Region Syddanmark"
"Tangå, 5871 Frørup",Tangå,5871,0450,Nyborg,1083,"Region Syddanmark"
"Tangå Mølle, 5871 Frørup","Tangå Mølle",5871,0450,Nyborg,1083,"Region Syddanmark"
"Kogsbølle, 5800 Nyborg",Kogsbølle,5800,0450,Nyborg,1083,"Region Syddanmark"
"Skellerup, 5540 Ullerslev",Skellerup,5540,0440,Kerteminde,1083,"Region Syddanmark"
"Anhof, 5871 Frørup",Anhof,5871,0450,Nyborg,1083,"Region Syddanmark"
"Slude Strand, 5871 Frørup","Slude Strand",5871,0450,Nyborg,1083,"Region Syddanmark"
"Blankenborg, 5800 Nyborg",Blankenborg,5800,0450,Nyborg,1083,"Region Syddanmark"
"Svindinge, 5853 Ørbæk",Svindinge,5853,0430,Faaborg-Midtfyn,1083,"Region Syddanmark"
"Langå, 5874 Hesselager",Langå,5874,0450,Nyborg,1083,"Region Syddanmark"
"Rise Skov, 6200 Aabenraa","Rise Skov",6200,0580,Aabenraa,1083,"Region Syddanmark"
"Bov, 6330 Padborg",Bov,6330,0580,Aabenraa,1083,"Region Syddanmark"
"Damgård, 6230 Rødekro",Damgård,6230,0580,Aabenraa,1083,"Region Syddanmark"
"Øster Gejl, 6340 Kruså","Øster Gejl",6340,0580,Aabenraa,1083,"Region Syddanmark"
"Gejlå, 6330 Padborg",Gejlå,6330,0580,Aabenraa,1083,"Region Syddanmark"
"Klovtoft, 6230 Rødekro",Klovtoft,6230,0580,Aabenraa,1083,"Region Syddanmark"
"Bjolderup, 6392 Bolderslev",Bjolderup,6392,0580,Aabenraa,1083,"Region Syddanmark"
"Mellerup, 6392 Bolderslev",Mellerup,6392,0580,Aabenraa,1083,"Region Syddanmark"
"Todsbøl, 6360 Tinglev",Todsbøl,6360,0580,Aabenraa,1083,"Region Syddanmark"
"Bajstrup, 6360 Tinglev",Bajstrup,6360,0580,Aabenraa,1083,"Region Syddanmark"
"Felsted, 6200 Aabenraa",Felsted,6200,0580,Aabenraa,1083,"Region Syddanmark"
"Sønderhav, 6340 Kruså",Sønderhav,6340,0580,Aabenraa,1083,"Region Syddanmark"
"Lund, 6372 Bylderup-Bov",Lund,6372,0580,Aabenraa,1083,"Region Syddanmark"
"Ll Hellevad, 6230 Rødekro","Ll Hellevad",6230,0580,Aabenraa,1083,"Region Syddanmark"
"Sottrup, 6372 Bylderup-Bov",Sottrup,6372,0580,Aabenraa,1083,"Region Syddanmark"
"Undelev, 6340 Kruså",Undelev,6340,0580,Aabenraa,1083,"Region Syddanmark"
"Varnæs, 6200 Aabenraa",Varnæs,6200,0580,Aabenraa,1083,"Region Syddanmark"
"Horndrup, 8660 Skanderborg",Horndrup,8660,0615,Horsens,1082,"Region Midtjylland"
"Mesing, 8362 Hørning",Mesing,8362,0746,Skanderborg,1082,"Region Midtjylland"
"Mesing, 8660 Skanderborg",Mesing,8660,0615,Horsens,1082,"Region Midtjylland"
"Nr Hjarup, 6230 Rødekro","Nr Hjarup",6230,0580,Aabenraa,1083,"Region Syddanmark"
"Bovrup, 6200 Aabenraa",Bovrup,6200,0580,Aabenraa,1083,"Region Syddanmark"
"Hårby, 8660 Skanderborg",Hårby,8660,0615,Horsens,1082,"Region Midtjylland"
"Vitved, 8660 Skanderborg",Vitved,8660,0615,Horsens,1082,"Region Midtjylland"
"Møldrup, 8660 Skanderborg",Møldrup,8660,0615,Horsens,1082,"Region Midtjylland"
"Bjarup Mose, 8600 Silkeborg","Bjarup Mose",8600,0740,Silkeborg,1082,"Region Midtjylland"
"Skanderborg Bakker, 8660 Skanderborg","Skanderborg Bakker",8660,0615,Horsens,1082,"Region Midtjylland"
"Tåning, 8660 Skanderborg",Tåning,8660,0615,Horsens,1082,"Region Midtjylland"
"Blegind, 8362 Hørning",Blegind,8362,0746,Skanderborg,1082,"Region Midtjylland"
"Kollensmølle, 8362 Hørning",Kollensmølle,8362,0746,Skanderborg,1082,"Region Midtjylland"
"Hvolbæk, 8660 Skanderborg",Hvolbæk,8660,0615,Horsens,1082,"Region Midtjylland"
"Tøndborg, 8620 Kjellerup",Tøndborg,8620,0740,Silkeborg,1082,"Region Midtjylland"
"Roe, 8643 Ans By",Roe,8643,0740,Silkeborg,1082,"Region Midtjylland"
"Sjelle, 8464 Galten",Sjelle,8464,0746,Skanderborg,1082,"Region Midtjylland"
"Skivholme, 8464 Galten",Skivholme,8464,0746,Skanderborg,1082,"Region Midtjylland"
"Skivholme, 8471 Sabro",Skivholme,8471,0710,Favrskov,1082,"Region Midtjylland"
"Gjesing, 8660 Skanderborg",Gjesing,8660,0615,Horsens,1082,"Region Midtjylland"
"Ans Mark, 8643 Ans By","Ans Mark",8643,0740,Silkeborg,1082,"Region Midtjylland"
"Fruerlund, 8620 Kjellerup",Fruerlund,8620,0740,Silkeborg,1082,"Region Midtjylland"
"Vium Mark, 8620 Kjellerup","Vium Mark",8620,0740,Silkeborg,1082,"Region Midtjylland"
"Sangild, 7470 Karup J",Sangild,7470,0657,Herning,1082,"Region Midtjylland"
"Sangild, 8620 Kjellerup",Sangild,8620,0740,Silkeborg,1082,"Region Midtjylland"
"Horn, 8882 Fårvang",Horn,8882,0710,Favrskov,1082,"Region Midtjylland"
"Linde, 8653 Them",Linde,8653,0740,Silkeborg,1082,"Region Midtjylland"
"Hedegård, 8653 Them",Hedegård,8653,0740,Silkeborg,1082,"Region Midtjylland"
"Thorning, 8620 Kjellerup",Thorning,8620,0740,Silkeborg,1082,"Region Midtjylland"
"Duelund, 8620 Kjellerup",Duelund,8620,0740,Silkeborg,1082,"Region Midtjylland"
"Rustrup, 8600 Silkeborg",Rustrup,8600,0740,Silkeborg,1082,"Region Midtjylland"
"Rustrup, 8653 Them",Rustrup,8653,0740,Silkeborg,1082,"Region Midtjylland"
"Løgager, 8600 Silkeborg",Løgager,8600,0740,Silkeborg,1082,"Region Midtjylland"
"Vinding, 8654 Bryrup",Vinding,8654,0615,Horsens,1082,"Region Midtjylland"
"Vinding, 8740 Brædstrup",Vinding,8740,0615,Horsens,1082,"Region Midtjylland"
"Hauge, 8620 Kjellerup",Hauge,8620,0740,Silkeborg,1082,"Region Midtjylland"
"Grågårde, 8620 Kjellerup",Grågårde,8620,0740,Silkeborg,1082,"Region Midtjylland"
"Stenrøgel, 8620 Kjellerup",Stenrøgel,8620,0740,Silkeborg,1082,"Region Midtjylland"
"Voel, 8600 Silkeborg",Voel,8600,0740,Silkeborg,1082,"Region Midtjylland"
"Voel, 8883 Gjern",Voel,8883,0740,Silkeborg,1082,"Region Midtjylland"
"Grauballe, 8600 Silkeborg",Grauballe,8600,0740,Silkeborg,1082,"Region Midtjylland"
"Toustrup St, 8472 Sporup","Toustrup St",8472,0710,Favrskov,1082,"Region Midtjylland"
"Iller, 8643 Ans By",Iller,8643,0740,Silkeborg,1082,"Region Midtjylland"
"Skovsborg, 8620 Kjellerup",Skovsborg,8620,0740,Silkeborg,1082,"Region Midtjylland"
"Skovsborg, 8840 Rødkærsbro",Skovsborg,8840,0740,Silkeborg,1082,"Region Midtjylland"
"Ulvedal, 7470 Karup J",Ulvedal,7470,0657,Herning,1082,"Region Midtjylland"
"Brunemark, 3490 Kvistgård",Brunemark,3490,0210,Fredensborg,1084,"Region Hovedstaden"
"Vejenbrød, 2980 Kokkedal",Vejenbrød,2980,0210,Fredensborg,1084,"Region Hovedstaden"
"Vejenbrød, 2990 Nivå",Vejenbrød,2990,0210,Fredensborg,1084,"Region Hovedstaden"
"Dageløkke, 3050 Humlebæk",Dageløkke,3050,0210,Fredensborg,1084,"Region Hovedstaden"
"Søholm, 3480 Fredensborg",Søholm,3480,0210,Fredensborg,1084,"Region Hovedstaden"
"Langballe, 8740 Brædstrup",Langballe,8740,0615,Horsens,1082,"Region Midtjylland"
"Bredlund, 7362 Hampen",Bredlund,7362,0740,Silkeborg,1082,"Region Midtjylland"
"Sørup, 3480 Fredensborg",Sørup,3480,0210,Fredensborg,1084,"Region Hovedstaden"
"Gl Ejby, 5592 Ejby","Gl Ejby",5592,0410,Middelfart,1083,"Region Syddanmark"
"Ørslev, 5592 Ejby",Ørslev,5592,0410,Middelfart,1083,"Region Syddanmark"
"Baaring, 5466 Asperup",Baaring,5466,0410,Middelfart,1083,"Region Syddanmark"
"Tybrind, 5592 Ejby",Tybrind,5592,0410,Middelfart,1083,"Region Syddanmark"
"Kauslunde, 5500 Middelfart",Kauslunde,5500,0410,Middelfart,1083,"Region Syddanmark"
"Holmene, 5463 Harndrup",Holmene,5463,0410,Middelfart,1083,"Region Syddanmark"
"Køstrup Mk, 5464 Brenderup Fyn","Køstrup Mk",5464,0410,Middelfart,1083,"Region Syddanmark"
"Køstrup Mk, 5592 Ejby","Køstrup Mk",5592,0410,Middelfart,1083,"Region Syddanmark"
"Rolund, 5580 Nørre Aaby",Rolund,5580,0410,Middelfart,1083,"Region Syddanmark"
"Gelstedskov, 5591 Gelsted",Gelstedskov,5591,0410,Middelfart,1083,"Region Syddanmark"
"Kustrup, 5500 Middelfart",Kustrup,5500,0410,Middelfart,1083,"Region Syddanmark"
"Gelsted, 5591 Gelsted",Gelsted,5591,0410,Middelfart,1083,"Region Syddanmark"
"Wedellsborg, 5592 Ejby",Wedellsborg,5592,0410,Middelfart,1083,"Region Syddanmark"
"Tårup Dam, 5591 Gelsted","Tårup Dam",5591,0410,Middelfart,1083,"Region Syddanmark"
"Risum, 5466 Asperup",Risum,5466,0410,Middelfart,1083,"Region Syddanmark"
"Fjellerup, 5463 Harndrup",Fjellerup,5463,0410,Middelfart,1083,"Region Syddanmark"
"Lundsgårde, 5463 Harndrup",Lundsgårde,5463,0410,Middelfart,1083,"Region Syddanmark"
"Vanløse, 4296 Nyrup",Vanløse,4296,0316,Holbæk,1085,"Region Sjælland"
"Vanløse, 4370 Store Merløse",Vanløse,4370,0316,Holbæk,1085,"Region Sjælland"
"Assentorp, 4295 Stenlille",Assentorp,4295,0316,Holbæk,1085,"Region Sjælland"
"Torslunde, 2635 Ishøj",Torslunde,2635,0183,Ishøj,1084,"Region Hovedstaden"
"Torslunde, 2640 Hedehusene",Torslunde,2640,0169,Høje-Taastrup,1084,"Region Hovedstaden"
"Tander, 8320 Mårslet",Tander,8320,0751,Aarhus,1082,"Region Midtjylland"
"Kejlstrup, 7361 Ejstrupholm",Kejlstrup,7361,0630,Vejle,1083,"Region Syddanmark"
"Kejlstrup, 7362 Hampen",Kejlstrup,7362,0740,Silkeborg,1082,"Region Midtjylland"
"Kejlstrup, 8766 Nørre Snede",Kejlstrup,8766,0756,Ikast-Brande,1082,"Region Midtjylland"
"Næsby, 9681 Ranum",Næsby,9681,0820,Vesthimmerlands,1081,"Region Nordjylland"
"St Nørlund, 7361 Ejstrupholm","St Nørlund",7361,0630,Vejle,1083,"Region Syddanmark"
"Brendstrup, 8200 Aarhus N",Brendstrup,8200,0751,Aarhus,1082,"Region Midtjylland"
"Fulden, 8330 Beder",Fulden,8330,0751,Aarhus,1082,"Region Midtjylland"
"Brandholm, 7330 Brande",Brandholm,7330,0630,Vejle,1083,"Region Syddanmark"
"Lundfod, 7330 Brande",Lundfod,7330,0630,Vejle,1083,"Region Syddanmark"
"Jelstrup, 9600 Aars",Jelstrup,9600,0820,Vesthimmerlands,1081,"Region Nordjylland"
"Gedsted Mark, 9631 Gedsted","Gedsted Mark",9631,0791,Viborg,1082,"Region Midtjylland"
"Voldbæk, 8220 Brabrand",Voldbæk,8220,0751,Aarhus,1082,"Region Midtjylland"
"Battrup, 8320 Mårslet",Battrup,8320,0751,Aarhus,1082,"Region Midtjylland"
"Tåstrup, 8362 Hørning",Tåstrup,8362,0746,Skanderborg,1082,"Region Midtjylland"
"Tåstrup, 8462 Harlev J",Tåstrup,8462,0751,Aarhus,1082,"Region Midtjylland"
"Hvanstrup, 9640 Farsø",Hvanstrup,9640,0820,Vesthimmerlands,1081,"Region Nordjylland"
"Morum, 9600 Aars",Morum,9600,0820,Vesthimmerlands,1081,"Region Nordjylland"
"Holme, 9640 Farsø",Holme,9640,0820,Vesthimmerlands,1081,"Region Nordjylland"
"Ertebølle, 9640 Farsø",Ertebølle,9640,0820,Vesthimmerlands,1081,"Region Nordjylland"
"Krondal, 8766 Nørre Snede",Krondal,8766,0756,Ikast-Brande,1082,"Region Midtjylland"
"Bjørnskov, 8766 Nørre Snede",Bjørnskov,8766,0756,Ikast-Brande,1082,"Region Midtjylland"
"Virkelyst, 7361 Ejstrupholm",Virkelyst,7361,0630,Vejle,1083,"Region Syddanmark"
"Palsgård, 7362 Hampen",Palsgård,7362,0740,Silkeborg,1082,"Region Midtjylland"
"Palsgård, 8766 Nørre Snede",Palsgård,8766,0756,Ikast-Brande,1082,"Region Midtjylland"
"Fruergård, 7361 Ejstrupholm",Fruergård,7361,0630,Vejle,1083,"Region Syddanmark"
"Grønnerup, 9640 Farsø",Grønnerup,9640,0820,Vesthimmerlands,1081,"Region Nordjylland"
"Hårup, 8530 Hjortshøj",Hårup,8530,0751,Aarhus,1082,"Region Midtjylland"
"Øster Ørbæk, 9670 Løgstør","Øster Ørbæk",9670,0820,Vesthimmerlands,1081,"Region Nordjylland"
"Fredsholt, 9631 Gedsted",Fredsholt,9631,0791,Viborg,1082,"Region Midtjylland"
"Tavdal, 9600 Aars",Tavdal,9600,0820,Vesthimmerlands,1081,"Region Nordjylland"
"Åstedbro, 8763 Rask Mølle",Åstedbro,8763,0766,Hedensted,1082,"Region Midtjylland"
"Hammer, 7160 Tørring",Hammer,7160,0630,Vejle,1083,"Region Syddanmark"
"Åbo, 8260 Viby J",Åbo,8260,0751,Aarhus,1082,"Region Midtjylland"
"Ullits, 9640 Farsø",Ullits,9640,0820,Vesthimmerlands,1081,"Region Nordjylland"
"Giver, 9600 Aars",Giver,9600,0820,Vesthimmerlands,1081,"Region Nordjylland"
"Lindå, 8541 Skødstrup",Lindå,8541,0751,Aarhus,1082,"Region Midtjylland"
"Lindå, 8543 Hornslet",Lindå,8543,0706,Syddjurs,1082,"Region Midtjylland"
"Øster Falde, 9670 Løgstør","Øster Falde",9670,0820,Vesthimmerlands,1081,"Region Nordjylland"
"Brøttrup, 9681 Ranum",Brøttrup,9681,0820,Vesthimmerlands,1081,"Region Nordjylland"
"Vindblæs, 9670 Løgstør",Vindblæs,9670,0820,Vesthimmerlands,1081,"Region Nordjylland"
"Korsø, 9620 Aalestrup",Korsø,9620,0791,Viborg,1082,"Region Midtjylland"
"Vegger, 9240 Nibe",Vegger,9240,0820,Vesthimmerlands,1081,"Region Nordjylland"
"Skivum, 9240 Nibe",Skivum,9240,0820,Vesthimmerlands,1081,"Region Nordjylland"
"Skivum, 9541 Suldrup",Skivum,9541,0820,Vesthimmerlands,1081,"Region Nordjylland"
"Hørslev, 8462 Harlev J",Hørslev,8462,0751,Aarhus,1082,"Region Midtjylland"
"Hørslev, 8464 Galten",Hørslev,8464,0746,Skanderborg,1082,"Region Midtjylland"
"Balle, 8530 Hjortshøj",Balle,8530,0751,Aarhus,1082,"Region Midtjylland"
"Balle, 8541 Skødstrup",Balle,8541,0751,Aarhus,1082,"Region Midtjylland"
"Balle, 8543 Hornslet",Balle,8543,0706,Syddjurs,1082,"Region Midtjylland"
"Torup, 9640 Farsø",Torup,9640,0820,Vesthimmerlands,1081,"Region Nordjylland"
"Ranum, 9681 Ranum",Ranum,9681,0820,Vesthimmerlands,1081,"Region Nordjylland"
"Engelstrup, 9670 Løgstør",Engelstrup,9670,0820,Vesthimmerlands,1081,"Region Nordjylland"
"R Eskilstrup, 4180 Sorø","R Eskilstrup",4180,0329,Ringsted,1085,"Region Sjælland"
"Nyvang, 4100 Ringsted",Nyvang,4100,0259,Køge,1085,"Region Sjælland"
"Fastrup, 8355 Solbjerg",Fastrup,8355,0751,Aarhus,1082,"Region Midtjylland"
"Alsted, 4173 Fjenneslev",Alsted,4173,0329,Ringsted,1085,"Region Sjælland"
"Hvilsted, 8355 Solbjerg",Hvilsted,8355,0751,Aarhus,1082,"Region Midtjylland"
"Ølsted, 8723 Løsning",Ølsted,8723,0766,Hedensted,1082,"Region Midtjylland"
"Tørring, 7160 Tørring",Tørring,7160,0630,Vejle,1083,"Region Syddanmark"
"Lyngs Drag, 7760 Hurup Thy","Lyngs Drag",7760,0671,Struer,1082,"Region Midtjylland"
"Bremersvold, 4960 Holeby",Bremersvold,4960,0360,Lolland,1085,"Region Sjælland"
"Ll Utterslev, 4913 Horslunde","Ll Utterslev",4913,0360,Lolland,1085,"Region Sjælland"
"Nyborg, 7160 Tørring",Nyborg,7160,0630,Vejle,1083,"Region Syddanmark"
"Skørringe, 4930 Maribo",Skørringe,4930,0360,Lolland,1085,"Region Sjælland"
"Skørringe, 4970 Rødby",Skørringe,4970,0360,Lolland,1085,"Region Sjælland"
"Vrigsted, 7140 Stouby",Vrigsted,7140,0766,Hedensted,1082,"Region Midtjylland"
"Bursø, 4930 Maribo",Bursø,4930,0360,Lolland,1085,"Region Sjælland"
"Sørup, 4952 Stokkemarke",Sørup,4952,0360,Lolland,1085,"Region Sjælland"
"Skovby, 8763 Rask Mølle",Skovby,8763,0766,Hedensted,1082,"Region Midtjylland"
"Ørum, 8721 Daugård",Ørum,8721,0630,Vejle,1083,"Region Syddanmark"
"Ørum, 8722 Hedensted",Ørum,8722,0766,Hedensted,1082,"Region Midtjylland"
"Nr Aldum, 8722 Hedensted","Nr Aldum",8722,0766,Hedensted,1082,"Region Midtjylland"
"Tåstrup, 4672 Klippinge",Tåstrup,4672,0336,Stevns,1085,"Region Sjælland"
"Vesterlund, 7160 Tørring",Vesterlund,7160,0630,Vejle,1083,"Region Syddanmark"
"Bjælkerup, 4660 Store Heddinge",Bjælkerup,4660,0336,Stevns,1085,"Region Sjælland"
"Rødvig, 4673 Rødvig Stevns",Rødvig,4673,0336,Stevns,1085,"Region Sjælland"
"Maglemer, 4930 Maribo",Maglemer,4930,0360,Lolland,1085,"Region Sjælland"
"Errindlev, 4895 Errindlev",Errindlev,4895,0360,Lolland,1085,"Region Sjælland"
"Tjennemarke, 4920 Søllested",Tjennemarke,4920,0360,Lolland,1085,"Region Sjælland"
"Tjennemarke, 4952 Stokkemarke",Tjennemarke,4952,0360,Lolland,1085,"Region Sjælland"
"Korning Klak, 8700 Horsens","Korning Klak",8700,0615,Horsens,1082,"Region Midtjylland"
"Råby, 4660 Store Heddinge",Råby,4660,0336,Stevns,1085,"Region Sjælland"
"Råby, 4672 Klippinge",Råby,4672,0336,Stevns,1085,"Region Sjælland"
"Havnelev, 4673 Rødvig Stevns",Havnelev,4673,0336,Stevns,1085,"Region Sjælland"
"Østofte, 4930 Maribo",Østofte,4930,0360,Lolland,1085,"Region Sjælland"
"Østofte, 4951 Nørreballe",Østofte,4951,0360,Lolland,1085,"Region Sjælland"
"Honum Skov, 8762 Flemming","Honum Skov",8762,0615,Horsens,1082,"Region Midtjylland"
"Honum Skov, 8763 Rask Mølle","Honum Skov",8763,0766,Hedensted,1082,"Region Midtjylland"
"Gram, 7130 Juelsminde",Gram,7130,0766,Hedensted,1082,"Region Midtjylland"
"Gram, 8783 Hornsyld",Gram,8783,0615,Horsens,1082,"Region Midtjylland"
"Gevnø, 4660 Store Heddinge",Gevnø,4660,0336,Stevns,1085,"Region Sjælland"
"Gevnø, 4673 Rødvig Stevns",Gevnø,4673,0336,Stevns,1085,"Region Sjælland"
"Vestenskov, 4900 Nakskov",Vestenskov,4900,0360,Lolland,1085,"Region Sjælland"
"Torpe, 4900 Nakskov",Torpe,4900,0360,Lolland,1085,"Region Sjælland"
"Røde Mølle, 8722 Hedensted","Røde Mølle",8722,0766,Hedensted,1082,"Region Midtjylland"
"Lyngs Torp, 7790 Thyholm","Lyngs Torp",7790,0671,Struer,1082,"Region Midtjylland"
"Ø Bisholt, 7130 Juelsminde","Ø Bisholt",7130,0766,Hedensted,1082,"Region Midtjylland"
"Egeballe, 8763 Rask Mølle",Egeballe,8763,0766,Hedensted,1082,"Region Midtjylland"
"Styvel, 7790 Thyholm",Styvel,7790,0671,Struer,1082,"Region Midtjylland"
"Kragelund, 8723 Løsning",Kragelund,8723,0766,Hedensted,1082,"Region Midtjylland"
"Lille Linde, 4652 Hårlev","Lille Linde",4652,0320,Faxe,1085,"Region Sjælland"
"Knubbeløkke, 4900 Nakskov",Knubbeløkke,4900,0360,Lolland,1085,"Region Sjælland"
"Hellested, 4652 Hårlev",Hellested,4652,0320,Faxe,1085,"Region Sjælland"
"Skrosbjerg, 4682 Tureby",Skrosbjerg,4682,0259,Køge,1085,"Region Sjælland"
"Erikstrup, 4930 Maribo",Erikstrup,4930,0360,Lolland,1085,"Region Sjælland"
"R Grundvad, 7860 Spøttrup","R Grundvad",7860,0779,Skive,1082,"Region Midtjylland"
"True, 9550 Mariager",True,9550,0730,Randers,1082,"Region Midtjylland"
"Krogstrup, 3630 Jægerspris",Krogstrup,3630,0250,Frederikssund,1084,"Region Hovedstaden"
"Krogstrup, 4050 Skibby",Krogstrup,4050,0250,Frederikssund,1084,"Region Hovedstaden"
"Dalby, 3630 Jægerspris",Dalby,3630,0250,Frederikssund,1084,"Region Hovedstaden"
"Korsøgaard, 9620 Aalestrup",Korsøgaard,9620,0791,Viborg,1082,"Region Midtjylland"
"Østergårde, 9560 Hadsund",Østergårde,9560,0840,Rebild,1081,"Region Nordjylland"
"Thyrashøj, 3630 Jægerspris",Thyrashøj,3630,0250,Frederikssund,1084,"Region Hovedstaden"
"Rærup, 7870 Roslev",Rærup,7870,0779,Skive,1082,"Region Midtjylland"
"Stouby, 7870 Roslev",Stouby,7870,0779,Skive,1082,"Region Midtjylland"
"Grønning, 7870 Roslev",Grønning,7870,0779,Skive,1082,"Region Midtjylland"
"Helberskov, 9560 Hadsund",Helberskov,9560,0840,Rebild,1081,"Region Nordjylland"
"Overdrevet, 3630 Jægerspris",Overdrevet,3630,0250,Frederikssund,1084,"Region Hovedstaden"
"Over Draaby Strand, 3630 Jægerspris","Over Draaby Strand",3630,0250,Frederikssund,1084,"Region Hovedstaden"
"Strandetmark, 7840 Højslev",Strandetmark,7840,0779,Skive,1082,"Region Midtjylland"
"Ferslev, 4050 Skibby",Ferslev,4050,0250,Frederikssund,1084,"Region Hovedstaden"
"Dalby Huse, 3630 Jægerspris","Dalby Huse",3630,0250,Frederikssund,1084,"Region Hovedstaden"
"Hadsund Syd, 9560 Hadsund","Hadsund Syd",9560,0840,Rebild,1081,"Region Nordjylland"
"Kvinderup, 3550 Slangerup",Kvinderup,3550,0201,Allerød,1084,"Region Hovedstaden"
"Gerlev Strandpark, 3630 Jægerspris","Gerlev Strandpark",3630,0250,Frederikssund,1084,"Region Hovedstaden"
"Håsum Torp, 7860 Spøttrup","Håsum Torp",7860,0779,Skive,1082,"Region Midtjylland"
"Vejlgårde, 7800 Skive",Vejlgårde,7800,0661,Holstebro,1082,"Region Midtjylland"
"Reersø Havn, 4281 Gørlev","Reersø Havn",4281,0326,Kalundborg,1085,"Region Sjælland"
"Holm, 7884 Fur",Holm,7884,0779,Skive,1082,"Region Midtjylland"
"Lund, 7800 Skive",Lund,7800,0661,Holstebro,1082,"Region Midtjylland"
"Saugstrup, 7860 Spøttrup",Saugstrup,7860,0779,Skive,1082,"Region Midtjylland"
"V Løve, 4270 Høng","V Løve",4270,0326,Kalundborg,1085,"Region Sjælland"
"Langesgård, 7870 Roslev",Langesgård,7870,0779,Skive,1082,"Region Midtjylland"
"Frammerslev, 7860 Spøttrup",Frammerslev,7860,0779,Skive,1082,"Region Midtjylland"
"Stisager, 7884 Fur",Stisager,7884,0779,Skive,1082,"Region Midtjylland"
"Keldsømade, 4270 Høng",Keldsømade,4270,0326,Kalundborg,1085,"Region Sjælland"
"Durupgårde, 7870 Roslev",Durupgårde,7870,0779,Skive,1082,"Region Midtjylland"
"Sdr. Onsild Kirkeby, 9500 Hobro","Sdr. Onsild Kirkeby",9500,0791,Viborg,1082,"Region Midtjylland"
"Ny Damstedgd, 9510 Arden","Ny Damstedgd",9510,0840,Rebild,1081,"Region Nordjylland"
"Rye, 4281 Gørlev",Rye,4281,0326,Kalundborg,1085,"Region Sjælland"
"Brøndumbæk, 7800 Skive",Brøndumbæk,7800,0661,Holstebro,1082,"Region Midtjylland"
"Hallebyore, 4450 Jyderup",Hallebyore,4450,0316,Holbæk,1085,"Region Sjælland"
"Nebstrup, 8970 Havndal",Nebstrup,8970,0730,Randers,1082,"Region Midtjylland"
"Gørlev, 4281 Gørlev",Gørlev,4281,0326,Kalundborg,1085,"Region Sjælland"
"Onsved, 4050 Skibby",Onsved,4050,0250,Frederikssund,1084,"Region Hovedstaden"
"Bajlum, 7870 Roslev",Bajlum,7870,0779,Skive,1082,"Region Midtjylland"
"Ejstrup, 7860 Spøttrup",Ejstrup,7860,0779,Skive,1082,"Region Midtjylland"
"V. Breum, 7870 Roslev","V. Breum",7870,0779,Skive,1082,"Region Midtjylland"
"Vebbestrup, 9500 Hobro",Vebbestrup,9500,0791,Viborg,1082,"Region Midtjylland"
"V Helsinge, 4281 Gørlev","V Helsinge",4281,0326,Kalundborg,1085,"Region Sjælland"
"Gammelrand, 4470 Svebølle",Gammelrand,4470,0316,Holbæk,1085,"Region Sjælland"
"Dalby Mark, 3630 Jægerspris","Dalby Mark",3630,0250,Frederikssund,1084,"Region Hovedstaden"
"Majgårde, 7840 Højslev",Majgårde,7840,0779,Skive,1082,"Region Midtjylland"
"Folmentoft, 7800 Skive",Folmentoft,7800,0661,Holstebro,1082,"Region Midtjylland"
"Frendved, 4291 Ruds Vedby",Frendved,4291,0326,Kalundborg,1085,"Region Sjælland"
"Ugerløse, 4400 Kalundborg",Ugerløse,4400,0326,Kalundborg,1085,"Region Sjælland"
"Koblerne, 3630 Jægerspris",Koblerne,3630,0250,Frederikssund,1084,"Region Hovedstaden"
"Vente, 4050 Skibby",Vente,4050,0250,Frederikssund,1084,"Region Hovedstaden"
"Fruerlund, 9560 Hadsund",Fruerlund,9560,0840,Rebild,1081,"Region Nordjylland"
"Stenstrup, 9500 Hobro",Stenstrup,9500,0791,Viborg,1082,"Region Midtjylland"
"Stenstrup, 9510 Arden",Stenstrup,9510,0840,Rebild,1081,"Region Nordjylland"
"Hindskov, 7323 Give",Hindskov,7323,0630,Vejle,1083,"Region Syddanmark"
"Tremhuse, 7300 Jelling",Tremhuse,7300,0630,Vejle,1083,"Region Syddanmark"
"Høllsgårde, 7080 Børkop",Høllsgårde,7080,0630,Vejle,1083,"Region Syddanmark"
"Møldrup, 9510 Arden",Møldrup,9510,0840,Rebild,1081,"Region Nordjylland"
"Vejle Enge, 7100 Vejle","Vejle Enge",7100,0630,Vejle,1083,"Region Syddanmark"
"Jerlev, 7100 Vejle",Jerlev,7100,0630,Vejle,1083,"Region Syddanmark"
"Højen, 7100 Vejle",Højen,7100,0630,Vejle,1083,"Region Syddanmark"
"Gauerslund, 7080 Børkop",Gauerslund,7080,0630,Vejle,1083,"Region Syddanmark"
"Skovbølling, 7300 Jelling",Skovbølling,7300,0630,Vejle,1083,"Region Syddanmark"
"Uhe Mark, 7190 Billund","Uhe Mark",7190,0530,Billund,1083,"Region Syddanmark"
"Uhe Mark, 7321 Gadbjerg","Uhe Mark",7321,0630,Vejle,1083,"Region Syddanmark"
"Uhe Mark, 7323 Give","Uhe Mark",7323,0630,Vejle,1083,"Region Syddanmark"
"Farre Mark, 7323 Give","Farre Mark",7323,0630,Vejle,1083,"Region Syddanmark"
"Finderup, 9500 Hobro",Finderup,9500,0791,Viborg,1082,"Region Midtjylland"
"Sdr Onsild, 9500 Hobro","Sdr Onsild",9500,0791,Viborg,1082,"Region Midtjylland"
"Egeskov, 7323 Give",Egeskov,7323,0630,Vejle,1083,"Region Syddanmark"
"Sdr. Kollemorten, 7173 Vonge","Sdr. Kollemorten",7173,0630,Vejle,1083,"Region Syddanmark"
"Sdr. Kollemorten, 7323 Give","Sdr. Kollemorten",7323,0630,Vejle,1083,"Region Syddanmark"
"V. Skovhuse, 9510 Arden","V. Skovhuse",9510,0840,Rebild,1081,"Region Nordjylland"
"Glenstrup, 8990 Fårup",Glenstrup,8990,0730,Randers,1082,"Region Midtjylland"
"Glenstrup, 9550 Mariager",Glenstrup,9550,0730,Randers,1082,"Region Midtjylland"
"Tolstrup, 9700 Brønderslev",Tolstrup,9700,0810,Brønderslev,1081,"Region Nordjylland"
"Jelling Mark, 7300 Jelling","Jelling Mark",7300,0630,Vejle,1083,"Region Syddanmark"
"Knude, 7173 Vonge",Knude,7173,0630,Vejle,1083,"Region Syddanmark"
"Hvidbjerg, 7080 Børkop",Hvidbjerg,7080,0630,Vejle,1083,"Region Syddanmark"
"Tofte, 9500 Hobro",Tofte,9500,0791,Viborg,1082,"Region Midtjylland"
"Ørnsholt, 7173 Vonge",Ørnsholt,7173,0630,Vejle,1083,"Region Syddanmark"
"Hastrup, 7323 Give",Hastrup,7323,0630,Vejle,1083,"Region Syddanmark"
"Tolstrup, 9320 Hjallerup",Tolstrup,9320,0810,Brønderslev,1081,"Region Nordjylland"
"V Melholt, 9340 Asaa","V Melholt",9340,0810,Brønderslev,1081,"Region Nordjylland"
"Kærgård, 7323 Give",Kærgård,7323,0630,Vejle,1083,"Region Syddanmark"
"Rands, 7000 Fredericia",Rands,7000,0607,Fredericia,1083,"Region Syddanmark"
"Rands, 7080 Børkop",Rands,7080,0630,Vejle,1083,"Region Syddanmark"
"Grejs, 7100 Vejle",Grejs,7100,0630,Vejle,1083,"Region Syddanmark"
"Jonstrup, 3500 Værløse",Jonstrup,3500,0151,Ballerup,1084,"Region Hovedstaden"
"Grejsdal, 7100 Vejle",Grejsdal,7100,0630,Vejle,1083,"Region Syddanmark"
"Rugsted, 7100 Vejle",Rugsted,7100,0630,Vejle,1083,"Region Syddanmark"
"Oksenbjerge, 7323 Give",Oksenbjerge,7323,0630,Vejle,1083,"Region Syddanmark"
"Rønhøjgård, 2750 Ballerup",Rønhøjgård,2750,0151,Ballerup,1084,"Region Hovedstaden"
"Rostrup, 9500 Hobro",Rostrup,9500,0791,Viborg,1082,"Region Midtjylland"
"Rostrup, 9510 Arden",Rostrup,9510,0840,Rebild,1081,"Region Nordjylland"
"Borup, 9510 Arden",Borup,9510,0840,Rebild,1081,"Region Nordjylland"
"Butterup, 4420 Regstrup",Butterup,4420,0316,Holbæk,1085,"Region Sjælland"
"Grydsted, 9240 Nibe",Grydsted,9240,0820,Vesthimmerlands,1081,"Region Nordjylland"
"Ulsted, 9370 Hals",Ulsted,9370,0810,Brønderslev,1081,"Region Nordjylland"
"Dokkedal, 9280 Storvorde",Dokkedal,9280,0851,Aalborg,1081,"Region Nordjylland"
"Dokkedal, 9574 Bælum",Dokkedal,9574,0840,Rebild,1081,"Region Nordjylland"
"Hou, 9370 Hals",Hou,9370,0810,Brønderslev,1081,"Region Nordjylland"
"Langetved, 6630 Rødding",Langetved,6630,0510,Haderslev,1083,"Region Syddanmark"
"Faurskov, 6670 Holsted",Faurskov,6670,0561,Esbjerg,1083,"Region Syddanmark"
"Klæstruplund, 9240 Nibe",Klæstruplund,9240,0820,Vesthimmerlands,1081,"Region Nordjylland"
"Fællesmark, 6690 Gørding",Fællesmark,6690,0561,Esbjerg,1083,"Region Syddanmark"
"Ny Bjergby, 4440 Mørkøv","Ny Bjergby",4440,0316,Holbæk,1085,"Region Sjælland"
"Fæsted, 6630 Rødding",Fæsted,6630,0510,Haderslev,1083,"Region Syddanmark"
"Jonstrup, 4350 Ugerløse",Jonstrup,4350,0316,Holbæk,1085,"Region Sjælland"
"Nr Lourup, 6690 Gørding","Nr Lourup",6690,0561,Esbjerg,1083,"Region Syddanmark"
"Allerup, 4300 Holbæk",Allerup,4300,0316,Holbæk,1085,"Region Sjælland"
"Tømmerup, 4440 Mørkøv",Tømmerup,4440,0316,Holbæk,1085,"Region Sjælland"
"Skibelund, 6600 Vejen",Skibelund,6600,0575,Vejen,1083,"Region Syddanmark"
"Skodborgmark, 6630 Rødding",Skodborgmark,6630,0510,Haderslev,1083,"Region Syddanmark"
"Hulkjær, 6650 Brørup",Hulkjær,6650,0575,Vejen,1083,"Region Syddanmark"
"Hulkjær, 6670 Holsted",Hulkjær,6670,0561,Esbjerg,1083,"Region Syddanmark"
"Helle, 6800 Varde",Helle,6800,0573,Varde,1083,"Region Syddanmark"
"Skodborgskov, 6630 Rødding",Skodborgskov,6630,0510,Haderslev,1083,"Region Syddanmark"
"Vrøgum, 6840 Oksbøl",Vrøgum,6840,0573,Varde,1083,"Region Syddanmark"
"Sdr. Holsted, 6670 Holsted","Sdr. Holsted",6670,0561,Esbjerg,1083,"Region Syddanmark"
"Lindknud, 6600 Vejen",Lindknud,6600,0575,Vejen,1083,"Region Syddanmark"
"Lindknud, 6650 Brørup",Lindknud,6650,0575,Vejen,1083,"Region Syddanmark"
"Lykkeskær, 6670 Holsted",Lykkeskær,6670,0561,Esbjerg,1083,"Region Syddanmark"
"Marup, 4340 Tølløse",Marup,4340,0316,Holbæk,1085,"Region Sjælland"
"St. Grandløse, 4300 Holbæk","St. Grandløse",4300,0316,Holbæk,1085,"Region Sjælland"
"Brokøb, 4440 Mørkøv",Brokøb,4440,0316,Holbæk,1085,"Region Sjælland"
"Brokøb, 4450 Jyderup",Brokøb,4450,0316,Holbæk,1085,"Region Sjælland"
"Stae, 9310 Vodskov",Stae,9310,0851,Aalborg,1081,"Region Nordjylland"
"Gjettrup, 6670 Holsted",Gjettrup,6670,0561,Esbjerg,1083,"Region Syddanmark"
"Gjettrup, 6752 Glejbjerg",Gjettrup,6752,0575,Vejen,1083,"Region Syddanmark"
"Hundebøl, 6630 Rødding",Hundebøl,6630,0510,Haderslev,1083,"Region Syddanmark"
"Dønnerup, 4450 Jyderup",Dønnerup,4450,0316,Holbæk,1085,"Region Sjælland"
"Sdr. Jernløse, 4420 Regstrup","Sdr. Jernløse",4420,0316,Holbæk,1085,"Region Sjælland"
"Møgelmose, 6630 Rødding",Møgelmose,6630,0510,Haderslev,1083,"Region Syddanmark"
"Eskelund, 6650 Brørup",Eskelund,6650,0575,Vejen,1083,"Region Syddanmark"
"Tornved, 4440 Mørkøv",Tornved,4440,0316,Holbæk,1085,"Region Sjælland"
"Tornved, 4450 Jyderup",Tornved,4450,0316,Holbæk,1085,"Region Sjælland"
"Tårup, 9240 Nibe",Tårup,9240,0820,Vesthimmerlands,1081,"Region Nordjylland"
"Nørre Stænge, 4305 Orø","Nørre Stænge",4305,0316,Holbæk,1085,"Region Sjælland"
"Salvig, 4305 Orø",Salvig,4305,0316,Holbæk,1085,"Region Sjælland"
"Erkildstrup, 9240 Nibe",Erkildstrup,9240,0820,Vesthimmerlands,1081,"Region Nordjylland"
"Bolding, 6752 Glejbjerg",Bolding,6752,0575,Vejen,1083,"Region Syddanmark"
"Høed, 4450 Jyderup",Høed,4450,0316,Holbæk,1085,"Region Sjælland"
"Østeregnen, 5935 Bagenkop",Østeregnen,5935,0482,Langeland,1083,"Region Syddanmark"
"Østerskov, 5932 Humble",Østerskov,5932,0482,Langeland,1083,"Region Syddanmark"
"Emmerbølle, 5953 Tranekær",Emmerbølle,5953,0482,Langeland,1083,"Region Syddanmark"
"Mogenstrup, 7870 Roslev",Mogenstrup,7870,0779,Skive,1082,"Region Midtjylland"
"Hejlskov, 7840 Højslev",Hejlskov,7840,0779,Skive,1082,"Region Midtjylland"
"Astrup, 7870 Roslev",Astrup,7870,0779,Skive,1082,"Region Midtjylland"
"Bjergby, 7950 Erslev",Bjergby,7950,0773,Morsø,1081,"Region Nordjylland"
"Snaremose, 5900 Rudkøbing",Snaremose,5900,0482,Langeland,1083,"Region Syddanmark"
"Longelse Sønderskov, 5900 Rudkøbing","Longelse Sønderskov",5900,0482,Langeland,1083,"Region Syddanmark"
"Lødderup, 7900 Nykøbing M",Lødderup,7900,0773,Morsø,1081,"Region Nordjylland"
"Fredsø, 7900 Nykøbing M",Fredsø,7900,0773,Morsø,1081,"Region Nordjylland"
"Spodsbjerg, 5900 Rudkøbing",Spodsbjerg,5900,0482,Langeland,1083,"Region Syddanmark"
"Skove, 7870 Roslev",Skove,7870,0779,Skive,1082,"Region Midtjylland"
"Vendal, 7860 Spøttrup",Vendal,7860,0779,Skive,1082,"Region Midtjylland"
"Engelst Syd, 7884 Fur","Engelst Syd",7884,0779,Skive,1082,"Region Midtjylland"
"Tjebberup, 4300 Holbæk",Tjebberup,4300,0316,Holbæk,1085,"Region Sjælland"
"Rifbjerg, 5900 Rudkøbing",Rifbjerg,5900,0482,Langeland,1083,"Region Syddanmark"
"Illebølle, 5900 Rudkøbing",Illebølle,5900,0482,Langeland,1083,"Region Syddanmark"
"Trønninge, 4420 Regstrup",Trønninge,4420,0316,Holbæk,1085,"Region Sjælland"
"Bærsholm, 7800 Skive",Bærsholm,7800,0661,Holstebro,1082,"Region Midtjylland"
"Skallerup, 7950 Erslev",Skallerup,7950,0773,Morsø,1081,"Region Nordjylland"
"Rådbjerg, 4450 Jyderup",Rådbjerg,4450,0316,Holbæk,1085,"Region Sjælland"
"Kaarup, 7900 Nykøbing M",Kaarup,7900,0773,Morsø,1081,"Region Nordjylland"
"Kønsberg, 7884 Fur",Kønsberg,7884,0779,Skive,1082,"Region Midtjylland"
"Sallingsund, 7900 Nykøbing M",Sallingsund,7900,0773,Morsø,1081,"Region Nordjylland"
"Nr. Ørum, 7840 Højslev","Nr. Ørum",7840,0779,Skive,1082,"Region Midtjylland"
"Astrup Vig, 7870 Roslev","Astrup Vig",7870,0779,Skive,1082,"Region Midtjylland"
"Øster Assels, 7990 Øster Assels","Øster Assels",7990,0773,Morsø,1081,"Region Nordjylland"
"Karby, 7960 Karby",Karby,7960,0773,Morsø,1081,"Region Nordjylland"
"Fodslette, 5932 Humble",Fodslette,5932,0482,Langeland,1083,"Region Syddanmark"
"Engelst, 7884 Fur",Engelst,7884,0779,Skive,1082,"Region Midtjylland"
"Sillerslev, 7990 Øster Assels",Sillerslev,7990,0773,Morsø,1081,"Region Nordjylland"
"Faarevejle, 5900 Rudkøbing",Faarevejle,5900,0482,Langeland,1083,"Region Syddanmark"
"Østerhuse, 5953 Tranekær",Østerhuse,5953,0482,Langeland,1083,"Region Syddanmark"
"Lykkesholm, 5932 Humble",Lykkesholm,5932,0482,Langeland,1083,"Region Syddanmark"
"Sletø, 5953 Tranekær",Sletø,5953,0482,Langeland,1083,"Region Syddanmark"
"Mileskov, 5953 Tranekær",Mileskov,5953,0482,Langeland,1083,"Region Syddanmark"
"Nedergård, 5953 Tranekær",Nedergård,5953,0482,Langeland,1083,"Region Syddanmark"
"Grønning Øre, 7870 Roslev","Grønning Øre",7870,0779,Skive,1082,"Region Midtjylland"
"Selde, 7870 Roslev",Selde,7870,0779,Skive,1082,"Region Midtjylland"
"Keldsnor, 5935 Bagenkop",Keldsnor,5935,0482,Langeland,1083,"Region Syddanmark"
"Hougårdene, 5953 Tranekær",Hougårdene,5953,0482,Langeland,1083,"Region Syddanmark"
"Fakkemose, 5935 Bagenkop",Fakkemose,5935,0482,Langeland,1083,"Region Syddanmark"
"Kjeldgård, 7870 Roslev",Kjeldgård,7870,0779,Skive,1082,"Region Midtjylland"
"Erslev, 7900 Nykøbing M",Erslev,7900,0773,Morsø,1081,"Region Nordjylland"
"Erslev, 7950 Erslev",Erslev,7950,0773,Morsø,1081,"Region Nordjylland"
"Bøsseløkke, 5932 Humble",Bøsseløkke,5932,0482,Langeland,1083,"Region Syddanmark"
"Øster Jølby, 7950 Erslev","Øster Jølby",7950,0773,Morsø,1081,"Region Nordjylland"
"Fæbæk, 5953 Tranekær",Fæbæk,5953,0482,Langeland,1083,"Region Syddanmark"
"Egenæs, 4571 Grevinge",Egenæs,4571,0306,Odsherred,1085,"Region Sjælland"
"Indelukket, 4550 Asnæs",Indelukket,4550,0306,Odsherred,1085,"Region Sjælland"
"Kårup Skov, 4540 Fårevejle","Kårup Skov",4540,0306,Odsherred,1085,"Region Sjælland"
"Klint Str V, 4500 Nykøbing Sj","Klint Str V",4500,0306,Odsherred,1085,"Region Sjælland"
"Vestre Vig, 4560 Vig","Vestre Vig",4560,0306,Odsherred,1085,"Region Sjælland"
"Plejerup, 4571 Grevinge",Plejerup,4571,0306,Odsherred,1085,"Region Sjælland"
"Stenvad, 8585 Glesborg",Stenvad,8585,0707,Norddjurs,1082,"Region Midtjylland"
"Stenvad, 8586 Ørum Djurs",Stenvad,8586,0707,Norddjurs,1082,"Region Midtjylland"
"Tangkjær, 8950 Ørsted",Tangkjær,8950,0707,Norddjurs,1082,"Region Midtjylland"
"Hallendrup, 8560 Kolind",Hallendrup,8560,0706,Syddjurs,1082,"Region Midtjylland"
"Hallendrup, 8570 Trustrup",Hallendrup,8570,0706,Syddjurs,1082,"Region Midtjylland"
"Tengslemrk L, 4573 Højby","Tengslemrk L",4573,0306,Odsherred,1085,"Region Sjælland"
"Yderby Lyng, 4583 Sjællands Odde","Yderby Lyng",4583,0306,Odsherred,1085,"Region Sjælland"
"Tøjstrup, 8961 Allingåbro",Tøjstrup,8961,0707,Norddjurs,1082,"Region Midtjylland"
"Hevring, 8950 Ørsted",Hevring,8950,0707,Norddjurs,1082,"Region Midtjylland"
"Lumsås, 4500 Nykøbing Sj",Lumsås,4500,0306,Odsherred,1085,"Region Sjælland"
"Lumsås, 4573 Højby",Lumsås,4573,0306,Odsherred,1085,"Region Sjælland"
"Tårup, 8963 Auning",Tårup,8963,0706,Syddjurs,1082,"Region Midtjylland"
"Langby, 8581 Nimtofte",Langby,8581,0706,Syddjurs,1082,"Region Midtjylland"
"Høve Pindal, 4550 Asnæs","Høve Pindal",4550,0306,Odsherred,1085,"Region Sjælland"
"Asnæs Lmfj, 4550 Asnæs","Asnæs Lmfj",4550,0306,Odsherred,1085,"Region Sjælland"
"Tørslev, 8950 Ørsted",Tørslev,8950,0707,Norddjurs,1082,"Region Midtjylland"
"Ramten, 8586 Ørum Djurs",Ramten,8586,0707,Norddjurs,1082,"Region Midtjylland"
"Næsdal, 4550 Asnæs",Næsdal,4550,0306,Odsherred,1085,"Region Sjælland"
"Villersø, 8500 Grenaa",Villersø,8500,0707,Norddjurs,1082,"Region Midtjylland"
"Sorvad, 8961 Allingåbro",Sorvad,8961,0707,Norddjurs,1082,"Region Midtjylland"
"Nørager Mk, 8581 Nimtofte","Nørager Mk",8581,0706,Syddjurs,1082,"Region Midtjylland"
"Nørager Mk, 8961 Allingåbro","Nørager Mk",8961,0707,Norddjurs,1082,"Region Midtjylland"
"Bredstrup, 8500 Grenaa",Bredstrup,8500,0707,Norddjurs,1082,"Region Midtjylland"
"Vejlby, 8961 Allingåbro",Vejlby,8961,0707,Norddjurs,1082,"Region Midtjylland"
"Hjarbæk, 8831 Løgstrup",Hjarbæk,8831,0791,Viborg,1082,"Region Midtjylland"
"Vig Lyng, 4560 Vig","Vig Lyng",4560,0306,Odsherred,1085,"Region Sjælland"
"Katholm Skov, 8500 Grenaa","Katholm Skov",8500,0707,Norddjurs,1082,"Region Midtjylland"
"Klint, 4500 Nykøbing Sj",Klint,4500,0306,Odsherred,1085,"Region Sjælland"
"Rimsø, 8500 Grenaa",Rimsø,8500,0707,Norddjurs,1082,"Region Midtjylland"
"Ø Maskine, 8500 Grenaa","Ø Maskine",8500,0707,Norddjurs,1082,"Region Midtjylland"
"Rimsø Mark, 8500 Grenaa","Rimsø Mark",8500,0707,Norddjurs,1082,"Region Midtjylland"
"Rimsø Mark, 8585 Glesborg","Rimsø Mark",8585,0707,Norddjurs,1082,"Region Midtjylland"
"Søby, 8560 Kolind",Søby,8560,0706,Syddjurs,1082,"Region Midtjylland"
"Søby, 8570 Trustrup",Søby,8570,0706,Syddjurs,1082,"Region Midtjylland"
"Dalstrup, 8500 Grenaa",Dalstrup,8500,0707,Norddjurs,1082,"Region Midtjylland"
"Nykøbing S, 4500 Nykøbing Sj","Nykøbing S",4500,0306,Odsherred,1085,"Region Sjælland"
"Rygårde, 8961 Allingåbro",Rygårde,8961,0707,Norddjurs,1082,"Region Midtjylland"
"Gårde, 6870 Ølgod",Gårde,6870,0573,Varde,1083,"Region Syddanmark"
"Grønderup, 5600 Faaborg",Grønderup,5600,0430,Faaborg-Midtfyn,1083,"Region Syddanmark"
"Viskum, 8830 Tjele",Viskum,8830,0791,Viborg,1082,"Region Midtjylland"
"Kjærgaard, 6840 Oksbøl",Kjærgaard,6840,0573,Varde,1083,"Region Syddanmark"
"Brobyværk, 5672 Broby",Brobyværk,5672,0430,Faaborg-Midtfyn,1083,"Region Syddanmark"
"Pederstrup, 5750 Ringe",Pederstrup,5750,0430,Faaborg-Midtfyn,1083,"Region Syddanmark"
"Pederstrup, 5792 Årslev",Pederstrup,5792,0430,Faaborg-Midtfyn,1083,"Region Syddanmark"
"Klejtrup, 9500 Hobro",Klejtrup,9500,0791,Viborg,1082,"Region Midtjylland"
"Oved, 6800 Varde",Oved,6800,0573,Varde,1083,"Region Syddanmark"
"Rousthøje, 6800 Varde",Rousthøje,6800,0573,Varde,1083,"Region Syddanmark"
"Rousthøje, 6818 Årre",Rousthøje,6818,0561,Esbjerg,1083,"Region Syddanmark"
"Eskilstrup, 5750 Ringe",Eskilstrup,5750,0430,Faaborg-Midtfyn,1083,"Region Syddanmark"
"Lund, 9632 Møldrup",Lund,9632,0791,Viborg,1082,"Region Midtjylland"
"Åstrup, 8830 Tjele",Åstrup,8830,0791,Viborg,1082,"Region Midtjylland"
"Åstrup, 8832 Skals",Åstrup,8832,0791,Viborg,1082,"Region Midtjylland"
"Radby, 5672 Broby",Radby,5672,0430,Faaborg-Midtfyn,1083,"Region Syddanmark"
"Tarup Hede, 5792 Årslev","Tarup Hede",5792,0430,Faaborg-Midtfyn,1083,"Region Syddanmark"
"Gørup, 8832 Skals",Gørup,8832,0791,Viborg,1082,"Region Midtjylland"
"Hammershøj, 8830 Tjele",Hammershøj,8830,0791,Viborg,1082,"Region Midtjylland"
"Snarup, 5750 Ringe",Snarup,5750,0430,Faaborg-Midtfyn,1083,"Region Syddanmark"
"Sparkær, 7850 Stoholm Jyll",Sparkær,7850,0791,Viborg,1082,"Region Midtjylland"
"Sparkær, 8800 Viborg",Sparkær,8800,0740,Silkeborg,1082,"Region Midtjylland"
"Hærup, 9500 Hobro",Hærup,9500,0791,Viborg,1082,"Region Midtjylland"
"Skovlund, 6823 Ansager",Skovlund,6823,0530,Billund,1083,"Region Syddanmark"
"Galstho, 6682 Hovborg",Galstho,6682,0530,Billund,1083,"Region Syddanmark"
"Galstho, 6753 Agerbæk",Galstho,6753,0573,Varde,1083,"Region Syddanmark"
"Galstho, 7200 Grindsted",Galstho,7200,0530,Billund,1083,"Region Syddanmark"
"Iglsø, 7850 Stoholm Jyll",Iglsø,7850,0791,Viborg,1082,"Region Midtjylland"
"Støttrup, 9620 Aalestrup",Støttrup,9620,0791,Viborg,1082,"Region Midtjylland"
"Hald Ege, 8800 Viborg","Hald Ege",8800,0740,Silkeborg,1082,"Region Midtjylland"
"Vantinge, 5750 Ringe",Vantinge,5750,0430,Faaborg-Midtfyn,1083,"Region Syddanmark"
"Stiftshøje, 6851 Janderup Vestj",Stiftshøje,6851,0573,Varde,1083,"Region Syddanmark"
"Boltinge, 5750 Ringe",Boltinge,5750,0430,Faaborg-Midtfyn,1083,"Region Syddanmark"
"Korshavn, 5602 Avernakø",Korshavn,5602,0430,Faaborg-Midtfyn,1083,"Region Syddanmark"
"Kærup, 6851 Janderup Vestj",Kærup,6851,0573,Varde,1083,"Region Syddanmark"
"Nørholm,Sig, 6800 Varde","Nørholm,Sig",6800,0573,Varde,1083,"Region Syddanmark"
"Vittinge, 5672 Broby",Vittinge,5672,0430,Faaborg-Midtfyn,1083,"Region Syddanmark"
"Orten, 6800 Varde",Orten,6800,0573,Varde,1083,"Region Syddanmark"
"Orten, 6855 Outrup",Orten,6855,0573,Varde,1083,"Region Syddanmark"
"Boltinggård, 5750 Ringe",Boltinggård,5750,0430,Faaborg-Midtfyn,1083,"Region Syddanmark"
"Skamris, 9632 Møldrup",Skamris,9632,0791,Viborg,1082,"Region Midtjylland"
"Viborg, 8800 Viborg",Viborg,8800,0740,Silkeborg,1082,"Region Midtjylland"
"Thorstrup, 6800 Varde",Thorstrup,6800,0573,Varde,1083,"Region Syddanmark"
"Havris, 8830 Tjele",Havris,8830,0791,Viborg,1082,"Region Midtjylland"
"Møldrupgårde, 9632 Møldrup",Møldrupgårde,9632,0791,Viborg,1082,"Region Midtjylland"
"Lervad, 6862 Tistrup",Lervad,6862,0573,Varde,1083,"Region Syddanmark"
"Tastrup Sig, 6800 Varde","Tastrup Sig",6800,0573,Varde,1083,"Region Syddanmark"
"Gl Stenderup, 5672 Broby","Gl Stenderup",5672,0430,Faaborg-Midtfyn,1083,"Region Syddanmark"
"Gammelstrup, 7850 Stoholm Jyll",Gammelstrup,7850,0791,Viborg,1082,"Region Midtjylland"
"Nederhede, 8832 Skals",Nederhede,8832,0791,Viborg,1082,"Region Midtjylland"
"Sødinge, 5750 Ringe",Sødinge,5750,0430,Faaborg-Midtfyn,1083,"Region Syddanmark"
"Volstrup, 5750 Ringe",Volstrup,5750,0430,Faaborg-Midtfyn,1083,"Region Syddanmark"
"Søsted, 5792 Årslev",Søsted,5792,0430,Faaborg-Midtfyn,1083,"Region Syddanmark"
"Bjerrede, 4682 Tureby",Bjerrede,4682,0259,Køge,1085,"Region Sjælland"
"Lønnerup, 7700 Thisted",Lønnerup,7700,0787,Thisted,1081,"Region Nordjylland"
"Højstrup, 7741 Frøstrup",Højstrup,7741,0787,Thisted,1081,"Region Nordjylland"
"Simmendrup, 4690 Haslev",Simmendrup,4690,0320,Faxe,1085,"Region Sjælland"
"Gettrup, 7760 Hurup Thy",Gettrup,7760,0671,Struer,1082,"Region Midtjylland"
"Febbersted, 7730 Hanstholm",Febbersted,7730,0787,Thisted,1081,"Region Nordjylland"
"Birkede, 4130 Viby Sjælland",Birkede,4130,0259,Køge,1085,"Region Sjælland"
"St Torøje, 4640 Faxe","St Torøje",4640,0320,Faxe,1085,"Region Sjælland"
"St Torøje, 4653 Karise","St Torøje",4653,0320,Faxe,1085,"Region Sjælland"
"Amtoft, 7742 Vesløs",Amtoft,7742,0787,Thisted,1081,"Region Nordjylland"
"Rønnede, 4683 Rønnede",Rønnede,4683,0320,Faxe,1085,"Region Sjælland"
"Haslev, 4690 Haslev",Haslev,4690,0320,Faxe,1085,"Region Sjælland"
"Vivede, 4640 Faxe",Vivede,4640,0320,Faxe,1085,"Region Sjælland"
"Aas, 4640 Faxe",Aas,4640,0320,Faxe,1085,"Region Sjælland"
"Teestrup, 4690 Haslev",Teestrup,4690,0320,Faxe,1085,"Region Sjælland"
"Hemmingstrup, 3200 Helsinge",Hemmingstrup,3200,0219,Hillerød,1084,"Region Hovedstaden"
"Kæderup, 3200 Helsinge",Kæderup,3200,0219,Hillerød,1084,"Region Hovedstaden"
"Ll Favrby, 4654 Faxe Ladeplads","Ll Favrby",4654,0320,Faxe,1085,"Region Sjælland"
"Frenderup, 4640 Faxe",Frenderup,4640,0320,Faxe,1085,"Region Sjælland"
"Helligsø, 7760 Hurup Thy",Helligsø,7760,0671,Struer,1082,"Region Midtjylland"
"Dalby-B Ovdr, 4682 Tureby","Dalby-B Ovdr",4682,0259,Køge,1085,"Region Sjælland"
"Sindrup, 7760 Hurup Thy",Sindrup,7760,0671,Struer,1082,"Region Midtjylland"
"Tuehusene, 4653 Karise",Tuehusene,4653,0320,Faxe,1085,"Region Sjælland"
"Hårlev Ovdr, 4653 Karise","Hårlev Ovdr",4653,0320,Faxe,1085,"Region Sjælland"
"Hårlev Ovdr, 4682 Tureby","Hårlev Ovdr",4682,0259,Køge,1085,"Region Sjælland"
"Mørdrup, 3060 Espergærde",Mørdrup,3060,0210,Fredensborg,1084,"Region Hovedstaden"
"Mørdrup, 3070 Snekkersten",Mørdrup,3070,0217,Helsingør,1084,"Region Hovedstaden"
"Øster Vandet, 7700 Thisted","Øster Vandet",7700,0787,Thisted,1081,"Region Nordjylland"
"Bregentved, 4690 Haslev",Bregentved,4690,0320,Faxe,1085,"Region Sjælland"
"Hejede, 4640 Faxe",Hejede,4640,0320,Faxe,1085,"Region Sjælland"
"Brandskov, 4654 Faxe Ladeplads",Brandskov,4654,0320,Faxe,1085,"Region Sjælland"
"Kallerup, 7700 Thisted",Kallerup,7700,0787,Thisted,1081,"Region Nordjylland"
"Kallerup, 7752 Snedsted",Kallerup,7752,0787,Thisted,1081,"Region Nordjylland"
"Ullerup, 7760 Hurup Thy",Ullerup,7760,0671,Struer,1082,"Region Midtjylland"
"Agger, 7770 Vestervig",Agger,7770,0787,Thisted,1081,"Region Nordjylland"
"Dale, 3080 Tikøb",Dale,3080,0217,Helsingør,1084,"Region Hovedstaden"
"Sommariva, 3000 Helsingør",Sommariva,3000,0217,Helsingør,1084,"Region Hovedstaden"
"Bubbel, 7760 Hurup Thy",Bubbel,7760,0671,Struer,1082,"Region Midtjylland"
"Ulse, 4690 Haslev",Ulse,4690,0320,Faxe,1085,"Region Sjælland"
"Bonderød, 4640 Faxe",Bonderød,4640,0320,Faxe,1085,"Region Sjælland"
"Turebylille, 4682 Tureby",Turebylille,4682,0259,Køge,1085,"Region Sjælland"
"Vibberstoft, 7752 Snedsted",Vibberstoft,7752,0787,Thisted,1081,"Region Nordjylland"
"Tandsskov, 6470 Sydals",Tandsskov,6470,0540,Sønderborg,1083,"Region Syddanmark"
"Købingsmark, 6430 Nordborg",Købingsmark,6430,0540,Sønderborg,1083,"Region Syddanmark"
"Skærsig, 7260 Sønder Omme",Skærsig,7260,0530,Billund,1083,"Region Syddanmark"
"Hf. Skovly, 6400 Sønderborg","Hf. Skovly",6400,0540,Sønderborg,1083,"Region Syddanmark"
"Stolbro, 6430 Nordborg",Stolbro,6430,0540,Sønderborg,1083,"Region Syddanmark"
"Asserballeskov, 6440 Augustenborg",Asserballeskov,6440,0540,Sønderborg,1083,"Region Syddanmark"
"Sebbelev, 6440 Augustenborg",Sebbelev,6440,0540,Sønderborg,1083,"Region Syddanmark"
"Rinkenæs, 6300 Gråsten",Rinkenæs,6300,0540,Sønderborg,1083,"Region Syddanmark"
"Englerup, 4100 Ringsted",Englerup,4100,0259,Køge,1085,"Region Sjælland"
"Bjerre, 7700 Thisted",Bjerre,7700,0787,Thisted,1081,"Region Nordjylland"
"Bjerre, 7730 Hanstholm",Bjerre,7730,0787,Thisted,1081,"Region Nordjylland"
"Vang, 7700 Thisted",Vang,7700,0787,Thisted,1081,"Region Nordjylland"
"Malle, 7700 Thisted",Malle,7700,0787,Thisted,1081,"Region Nordjylland"
"Skinnerup, 7700 Thisted",Skinnerup,7700,0787,Thisted,1081,"Region Nordjylland"
"Engbo, 6300 Gråsten",Engbo,6300,0540,Sønderborg,1083,"Region Syddanmark"
"Østerholm, 6430 Nordborg",Østerholm,6430,0540,Sønderborg,1083,"Region Syddanmark"
"Østerholm, 6440 Augustenborg",Østerholm,6440,0540,Sønderborg,1083,"Region Syddanmark"
"Østerby, 6470 Sydals",Østerby,6470,0540,Sønderborg,1083,"Region Syddanmark"
"Havnbjerg, 6430 Nordborg",Havnbjerg,6430,0540,Sønderborg,1083,"Region Syddanmark"
"Skovby, 6470 Sydals",Skovby,6470,0540,Sønderborg,1083,"Region Syddanmark"
"Gildbro, 6430 Nordborg",Gildbro,6430,0540,Sønderborg,1083,"Region Syddanmark"
"Skovbygård, 6470 Sydals",Skovbygård,6470,0540,Sønderborg,1083,"Region Syddanmark"
"Gilsager, 4100 Ringsted",Gilsager,4100,0259,Køge,1085,"Region Sjælland"
"Bringstrup, 4100 Ringsted",Bringstrup,4100,0259,Køge,1085,"Region Sjælland"
"Mintebjerg, 6470 Sydals",Mintebjerg,6470,0540,Sønderborg,1083,"Region Syddanmark"
"Gilbjerg, 6623 Vorbasse",Gilbjerg,6623,0530,Billund,1083,"Region Syddanmark"
"Gilbjerg, 7250 Hejnsvig",Gilbjerg,7250,0530,Billund,1083,"Region Syddanmark"
"Osbæk, 6440 Augustenborg",Osbæk,6440,0540,Sønderborg,1083,"Region Syddanmark"
"Dyndved, 6430 Nordborg",Dyndved,6430,0540,Sønderborg,1083,"Region Syddanmark"
"Vesterhede, 7200 Grindsted",Vesterhede,7200,0530,Billund,1083,"Region Syddanmark"
"Vesterhede, 7250 Hejnsvig",Vesterhede,7250,0530,Billund,1083,"Region Syddanmark"
"Langesø, 6430 Nordborg",Langesø,6430,0540,Sønderborg,1083,"Region Syddanmark"
"Mjels Mark, 6430 Nordborg","Mjels Mark",6430,0540,Sønderborg,1083,"Region Syddanmark"
"Snekkerup, 4100 Ringsted",Snekkerup,4100,0259,Køge,1085,"Region Sjælland"
"Snekkerup, 4140 Borup",Snekkerup,4140,0259,Køge,1085,"Region Sjælland"
"Snekkerup, 4174 Jystrup Midtsj",Snekkerup,4174,0259,Køge,1085,"Region Sjælland"
"Lillevang, 4690 Haslev",Lillevang,4690,0320,Faxe,1085,"Region Sjælland"
"Filsk Sdr Mk, 7200 Grindsted","Filsk Sdr Mk",7200,0530,Billund,1083,"Region Syddanmark"
"Utoft, 7200 Grindsted",Utoft,7200,0530,Billund,1083,"Region Syddanmark"
"Utoft, 7250 Hejnsvig",Utoft,7250,0530,Billund,1083,"Region Syddanmark"
"Hf. Sundeved, 6400 Sønderborg","Hf. Sundeved",6400,0540,Sønderborg,1083,"Region Syddanmark"
"Humleore, 4100 Ringsted",Humleore,4100,0259,Køge,1085,"Region Sjælland"
"Humleore, 4140 Borup",Humleore,4140,0259,Køge,1085,"Region Sjælland"
"Stillinge, 4200 Slagelse",Stillinge,4200,0326,Kalundborg,1085,"Region Sjælland"
"Oksebro, 4200 Slagelse",Oksebro,4200,0326,Kalundborg,1085,"Region Sjælland"
"Lyngbygård, 4242 Boeslunde",Lyngbygård,4242,0330,Slagelse,1085,"Region Sjælland"
"Råsted, 8920 Randers NV",Råsted,8920,0730,Randers,1082,"Region Midtjylland"
"Ilsted, 6740 Bramming",Ilsted,6740,0561,Esbjerg,1083,"Region Syddanmark"
"Ørslev, 4230 Skælskør",Ørslev,4230,0330,Slagelse,1085,"Region Sjælland"
"Gimlinge, 4200 Slagelse",Gimlinge,4200,0326,Kalundborg,1085,"Region Sjælland"
"Gimlinge, 4261 Dalmose",Gimlinge,4261,0330,Slagelse,1085,"Region Sjælland"
"Bildsø, 4200 Slagelse",Bildsø,4200,0326,Kalundborg,1085,"Region Sjælland"
"Gedehave, 4230 Skælskør",Gedehave,4230,0330,Slagelse,1085,"Region Sjælland"
"Vestrup, 8930 Randers NØ",Vestrup,8930,0730,Randers,1082,"Region Midtjylland"
"Allestrupgrd, 8983 Gjerlev J",Allestrupgrd,8983,0730,Randers,1082,"Region Midtjylland"
"Brokær, 6760 Ribe",Brokær,6760,0561,Esbjerg,1083,"Region Syddanmark"
"Brokær, 6771 Gredstedbro",Brokær,6771,0561,Esbjerg,1083,"Region Syddanmark"
"Vemmeløse, 4261 Dalmose",Vemmeløse,4261,0330,Slagelse,1085,"Region Sjælland"
"Svanehøj, 4220 Korsør",Svanehøj,4220,0330,Slagelse,1085,"Region Sjælland"
"Næsby Huse, 4200 Slagelse","Næsby Huse",4200,0326,Kalundborg,1085,"Region Sjælland"
"Høm Vesterl, 6760 Ribe","Høm Vesterl",6760,0561,Esbjerg,1083,"Region Syddanmark"
"Tjæreby, 4230 Skælskør",Tjæreby,4230,0330,Slagelse,1085,"Region Sjælland"
"Glænø, 4230 Skælskør",Glænø,4230,0330,Slagelse,1085,"Region Sjælland"
"Assentoft Mark, 8960 Randers SØ","Assentoft Mark",8960,0710,Favrskov,1082,"Region Midtjylland"
"Roager Ømark, 6760 Ribe","Roager Ømark",6760,0561,Esbjerg,1083,"Region Syddanmark"
"Støvring, 8930 Randers NØ",Støvring,8930,0730,Randers,1082,"Region Midtjylland"
"Gredsted, 6740 Bramming",Gredsted,6740,0561,Esbjerg,1083,"Region Syddanmark"
"Gredsted, 6771 Gredstedbro",Gredsted,6771,0561,Esbjerg,1083,"Region Syddanmark"
"Stouby, 8983 Gjerlev J",Stouby,8983,0730,Randers,1082,"Region Midtjylland"
"Floes Mark, 8960 Randers SØ","Floes Mark",8960,0710,Favrskov,1082,"Region Midtjylland"
"Marbæk, 6710 Esbjerg V",Marbæk,6710,0561,Esbjerg,1083,"Region Syddanmark"
"Høm, 6760 Ribe",Høm,6760,0561,Esbjerg,1083,"Region Syddanmark"
"Fjersted, 6760 Ribe",Fjersted,6760,0561,Esbjerg,1083,"Region Syddanmark"
"Langkastrup, 8960 Randers SØ",Langkastrup,8960,0710,Favrskov,1082,"Region Midtjylland"
"Brorup, 4200 Slagelse",Brorup,4200,0326,Kalundborg,1085,"Region Sjælland"
"Ottestrup, 4200 Slagelse",Ottestrup,4200,0326,Kalundborg,1085,"Region Sjælland"
"Gassum, 8981 Spentrup",Gassum,8981,0730,Randers,1082,"Region Midtjylland"
"Egerup, 4230 Skælskør",Egerup,4230,0330,Slagelse,1085,"Region Sjælland"
"Kærby, 8983 Gjerlev J",Kærby,8983,0730,Randers,1082,"Region Midtjylland"
"Slagstrup, 4200 Slagelse",Slagstrup,4200,0326,Kalundborg,1085,"Region Sjælland"
"Krogsager, 8960 Randers SØ",Krogsager,8960,0710,Favrskov,1082,"Region Midtjylland"
"Åstrup-Tvede, 8930 Randers NØ",Åstrup-Tvede,8930,0730,Randers,1082,"Region Midtjylland"
"Næsby Ved Stranden, 4200 Slagelse","Næsby Ved Stranden",4200,0326,Kalundborg,1085,"Region Sjælland"
"Gerdrup, 4230 Skælskør",Gerdrup,4230,0330,Slagelse,1085,"Region Sjælland"
"Langebjerg, 4250 Fuglebjerg",Langebjerg,4250,0330,Slagelse,1085,"Region Sjælland"
"Østrup-Albæk, 8930 Randers NØ",Østrup-Albæk,8930,0730,Randers,1082,"Region Midtjylland"
"Langkastr Mk, 8960 Randers SØ","Langkastr Mk",8960,0710,Favrskov,1082,"Region Midtjylland"
"Tustrup, 8960 Randers SØ",Tustrup,8960,0710,Favrskov,1082,"Region Midtjylland"
"Thorup, 5220 Odense SØ",Thorup,5220,0461,Odense,1083,"Region Syddanmark"
"Tollestrup, 9760 Vrå",Tollestrup,9760,0810,Brønderslev,1081,"Region Nordjylland"
"Nr Vrå, 9760 Vrå","Nr Vrå",9760,0810,Brønderslev,1081,"Region Nordjylland"
"Gilbjerg, 3250 Gilleleje",Gilbjerg,3250,0270,Gribskov,1084,"Region Hovedstaden"
"Dyregravvæde, 5491 Blommenslyst",Dyregravvæde,5491,0461,Odense,1083,"Region Syddanmark"
"Alsønderup, 3400 Hillerød",Alsønderup,3400,0201,Allerød,1084,"Region Hovedstaden"
"Nødebo, 3480 Fredensborg",Nødebo,3480,0210,Fredensborg,1084,"Region Hovedstaden"
"Lumby-Torp, 5270 Odense N",Lumby-Torp,5270,0461,Odense,1083,"Region Syddanmark"
"Sejlstrup, 9480 Løkken",Sejlstrup,9480,0810,Brønderslev,1081,"Region Nordjylland"
"Sejlstrup, 9800 Hjørring",Sejlstrup,9800,0860,Hjørring,1081,"Region Nordjylland"
"Tystofte, 4230 Skælskør",Tystofte,4230,0330,Slagelse,1085,"Region Sjælland"
"Paarup, 5210 Odense NV",Paarup,5210,0461,Odense,1083,"Region Syddanmark"
"Dalum, 5250 Odense SV",Dalum,5250,0461,Odense,1083,"Region Syddanmark"
"Smidstrup, 4230 Skælskør",Smidstrup,4230,0330,Slagelse,1085,"Region Sjælland"
"Højelt, 3230 Græsted",Højelt,3230,0217,Helsingør,1084,"Region Hovedstaden"
"Ø Horne, 9850 Hirtshals","Ø Horne",9850,0860,Hjørring,1081,"Region Nordjylland"
"Ilbjerge, 9800 Hjørring",Ilbjerge,9800,0860,Hjørring,1081,"Region Nordjylland"
"Holløselund, 3210 Vejby",Holløselund,3210,0270,Gribskov,1084,"Region Hovedstaden"
"Aggebo, 3230 Græsted",Aggebo,3230,0217,Helsingør,1084,"Region Hovedstaden"
"Hørmested, 9870 Sindal",Hørmested,9870,0813,Frederikshavn,1081,"Region Nordjylland"
"Rødkilde, 3120 Dronningmølle",Rødkilde,3120,0270,Gribskov,1084,"Region Hovedstaden"
"Rødkilde, 3250 Gilleleje",Rødkilde,3250,0270,Gribskov,1084,"Region Hovedstaden"
"Gølstrup, 9480 Løkken",Gølstrup,9480,0810,Brønderslev,1081,"Region Nordjylland"
"Valby, 3200 Helsinge",Valby,3200,0219,Hillerød,1084,"Region Hovedstaden"
"Linderum, 9870 Sindal",Linderum,9870,0813,Frederikshavn,1081,"Region Nordjylland"
"Ny Hammersholt, 3400 Hillerød","Ny Hammersholt",3400,0201,Allerød,1084,"Region Hovedstaden"
"Borup, 3320 Skævinge",Borup,3320,0219,Hillerød,1084,"Region Hovedstaden"
"Borup, 3330 Gørløse",Borup,3330,0219,Hillerød,1084,"Region Hovedstaden"
"Skibsby, 9800 Hjørring",Skibsby,9800,0860,Hjørring,1081,"Region Nordjylland"
"Skævinge, 3320 Skævinge",Skævinge,3320,0219,Hillerød,1084,"Region Hovedstaden"
"Æbelholtsvang, 3400 Hillerød",Æbelholtsvang,3400,0201,Allerød,1084,"Region Hovedstaden"
"Ullerød, 3400 Hillerød",Ullerød,3400,0201,Allerød,1084,"Region Hovedstaden"
"Beldringe, 5270 Odense N",Beldringe,5270,0461,Odense,1083,"Region Syddanmark"
"Masnedø, 4760 Vordingborg",Masnedø,4760,0390,Vordingborg,1085,"Region Sjælland"
"Råby, 4791 Borre",Råby,4791,0390,Vordingborg,1085,"Region Sjælland"
"Meelse, 4800 Nykøbing F",Meelse,4800,0376,Guldborgsund,1085,"Region Sjælland"
"Meelse, 4871 Horbelev",Meelse,4871,0376,Guldborgsund,1085,"Region Sjælland"
"Eldrup, 8751 Gedved",Eldrup,8751,0615,Horsens,1082,"Region Midtjylland"
"Stødstrup, 4840 Nørre Alslev",Stødstrup,4840,0376,Guldborgsund,1085,"Region Sjælland"
"Stødstrup, 4863 Eskilstrup",Stødstrup,4863,0376,Guldborgsund,1085,"Region Sjælland"
"Majbølle, 4862 Guldborg",Majbølle,4862,0376,Guldborgsund,1085,"Region Sjælland"
"Katrinedal, 4780 Stege",Katrinedal,4780,0390,Vordingborg,1085,"Region Sjælland"
"Musse, 4880 Nysted",Musse,4880,0376,Guldborgsund,1085,"Region Sjælland"
"Sullerup, 4850 Stubbekøbing",Sullerup,4850,0376,Guldborgsund,1085,"Region Sjælland"
"Truelstrup, 4850 Stubbekøbing",Truelstrup,4850,0376,Guldborgsund,1085,"Region Sjælland"
"Truelstrup, 4871 Horbelev",Truelstrup,4871,0376,Guldborgsund,1085,"Region Sjælland"
"Nyhusene, 4840 Nørre Alslev",Nyhusene,4840,0376,Guldborgsund,1085,"Region Sjælland"
"Særslev, 4850 Stubbekøbing",Særslev,4850,0376,Guldborgsund,1085,"Region Sjælland"
"Særslev, 4871 Horbelev",Særslev,4871,0376,Guldborgsund,1085,"Region Sjælland"
"Voervadsbro, 8660 Skanderborg",Voervadsbro,8660,0615,Horsens,1082,"Region Midtjylland"
"Vrænge, 8752 Østbirk",Vrænge,8752,0615,Horsens,1082,"Region Midtjylland"
"Føvling, 8740 Brædstrup",Føvling,8740,0615,Horsens,1082,"Region Midtjylland"
"Keldbylille, 4780 Stege",Keldbylille,4780,0390,Vordingborg,1085,"Region Sjælland"
"Bøged Strand, 4720 Præstø","Bøged Strand",4720,0390,Vordingborg,1085,"Region Sjælland"
"Oreby, 4990 Sakskøbing",Oreby,4990,0376,Guldborgsund,1085,"Region Sjælland"
"Tolstrup, 8700 Horsens",Tolstrup,8700,0615,Horsens,1082,"Region Midtjylland"
"Tolstrup, 8751 Gedved",Tolstrup,8751,0615,Horsens,1082,"Region Midtjylland"
"Gantrup, 8752 Østbirk",Gantrup,8752,0615,Horsens,1082,"Region Midtjylland"
"Olstrup, 4930 Maribo",Olstrup,4930,0360,Lolland,1085,"Region Sjælland"
"Naldal, 8740 Brædstrup",Naldal,8740,0615,Horsens,1082,"Region Midtjylland"
"Naldal, 8752 Østbirk",Naldal,8752,0615,Horsens,1082,"Region Midtjylland"
"Listrup, 4800 Nykøbing F",Listrup,4800,0376,Guldborgsund,1085,"Region Sjælland"
"Listrup, 4863 Eskilstrup",Listrup,4863,0376,Guldborgsund,1085,"Region Sjælland"
"Ebbelnæs, 4780 Stege",Ebbelnæs,4780,0390,Vordingborg,1085,"Region Sjælland"
"Magleby, 4791 Borre",Magleby,4791,0390,Vordingborg,1085,"Region Sjælland"
"Damme, 4792 Askeby",Damme,4792,0390,Vordingborg,1085,"Region Sjælland"
"Torupvolde, 8700 Horsens",Torupvolde,8700,0615,Horsens,1082,"Region Midtjylland"
"Gundslevholm, 4840 Nørre Alslev",Gundslevholm,4840,0376,Guldborgsund,1085,"Region Sjælland"
"Østbirk, 8752 Østbirk",Østbirk,8752,0615,Horsens,1082,"Region Midtjylland"
"Elling Mark, 8752 Østbirk","Elling Mark",8752,0615,Horsens,1082,"Region Midtjylland"
"Torp, 8740 Brædstrup",Torp,8740,0615,Horsens,1082,"Region Midtjylland"
"Torp, 8752 Østbirk",Torp,8752,0615,Horsens,1082,"Region Midtjylland"
"Sønderby, 4791 Borre",Sønderby,4791,0390,Vordingborg,1085,"Region Sjælland"
"Karleby, 4800 Nykøbing F",Karleby,4800,0376,Guldborgsund,1085,"Region Sjælland"
"Halskov, 4871 Horbelev",Halskov,4871,0376,Guldborgsund,1085,"Region Sjælland"
"Tjæreby Tang, 4800 Nykøbing F","Tjæreby Tang",4800,0376,Guldborgsund,1085,"Region Sjælland"
"Krårup, 4930 Maribo",Krårup,4930,0360,Lolland,1085,"Region Sjælland"
"Liselund, 4850 Stubbekøbing",Liselund,4850,0376,Guldborgsund,1085,"Region Sjælland"
"Stenbjerg, 8752 Østbirk",Stenbjerg,8752,0615,Horsens,1082,"Region Midtjylland"
"Hjertebjerg, 4780 Stege",Hjertebjerg,4780,0390,Vordingborg,1085,"Region Sjælland"
"Sømarke, 4791 Borre",Sømarke,4791,0390,Vordingborg,1085,"Region Sjælland"
"Ø Egesborg, 4735 Mern","Ø Egesborg",4735,0390,Vordingborg,1085,"Region Sjælland"
"Marienborg, 4780 Stege",Marienborg,4780,0390,Vordingborg,1085,"Region Sjælland"
"Nordbyen, 4800 Nykøbing F",Nordbyen,4800,0376,Guldborgsund,1085,"Region Sjælland"
"Blæsbjerg, 4850 Stubbekøbing",Blæsbjerg,4850,0376,Guldborgsund,1085,"Region Sjælland"
"Jenslev, 4060 Kirke Såby",Jenslev,4060,0350,Lejre,1085,"Region Sjælland"
"Jenslev, 4070 Kirke Hyllinge",Jenslev,4070,0350,Lejre,1085,"Region Sjælland"
"Tokkerup, 4320 Lejre",Tokkerup,4320,0259,Køge,1085,"Region Sjælland"
"Kirkeby Østm, 6760 Ribe","Kirkeby Østm",6760,0561,Esbjerg,1083,"Region Syddanmark"
"Søbylund, 7400 Herning",Søbylund,7400,0657,Herning,1082,"Region Midtjylland"
"Sonnerup, 4060 Kirke Såby",Sonnerup,4060,0350,Lejre,1085,"Region Sjælland"
"Vintre Mølle, 4060 Kirke Såby","Vintre Mølle",4060,0350,Lejre,1085,"Region Sjælland"
"Holing, 7400 Herning",Holing,7400,0657,Herning,1082,"Region Midtjylland"
"Kisserup, 4320 Lejre",Kisserup,4320,0259,Køge,1085,"Region Sjælland"
"Kisserup, 4330 Hvalsø",Kisserup,4330,0316,Holbæk,1085,"Region Sjælland"
"Yder Bjerrum, 6760 Ribe","Yder Bjerrum",6760,0561,Esbjerg,1083,"Region Syddanmark"
"Houlbjerg, 8870 Langå",Houlbjerg,8870,0710,Favrskov,1082,"Region Midtjylland"
"Kyndeløse, 4070 Kirke Hyllinge",Kyndeløse,4070,0350,Lejre,1085,"Region Sjælland"
"Egholm, 4070 Kirke Hyllinge",Egholm,4070,0350,Lejre,1085,"Region Sjælland"
"Krabbesholm, 4070 Kirke Hyllinge",Krabbesholm,4070,0350,Lejre,1085,"Region Sjælland"
"Gevninge, 4000 Roskilde",Gevninge,4000,0169,Høje-Taastrup,1084,"Region Hovedstaden"
"Horslund, 6760 Ribe",Horslund,6760,0561,Esbjerg,1083,"Region Syddanmark"
"Guldager, 6710 Esbjerg V",Guldager,6710,0561,Esbjerg,1083,"Region Syddanmark"
"Plougstrup, 6771 Gredstedbro",Plougstrup,6771,0561,Esbjerg,1083,"Region Syddanmark"
"Skads, 6705 Esbjerg Ø",Skads,6705,0561,Esbjerg,1083,"Region Syddanmark"
"Skads, 6715 Esbjerg N",Skads,6715,0561,Esbjerg,1083,"Region Syddanmark"
"Skads, 6731 Tjæreborg",Skads,6731,0561,Esbjerg,1083,"Region Syddanmark"
"Ødum, 8370 Hadsten",Ødum,8370,0710,Favrskov,1082,"Region Midtjylland"
"Nybo, 7400 Herning",Nybo,7400,0657,Herning,1082,"Region Midtjylland"
"Nybo, 7451 Sunds",Nybo,7451,0657,Herning,1082,"Region Midtjylland"
"Borridsø, 8850 Bjerringbro",Borridsø,8850,0710,Favrskov,1082,"Region Midtjylland"
"Borridsø, 8881 Thorsø",Borridsø,8881,0710,Favrskov,1082,"Region Midtjylland"
"Glim, 4000 Roskilde",Glim,4000,0169,Høje-Taastrup,1084,"Region Hovedstaden"
"Grisbæk, 6740 Bramming",Grisbæk,6740,0561,Esbjerg,1083,"Region Syddanmark"
"Lerbjerg, 4330 Hvalsø",Lerbjerg,4330,0316,Holbæk,1085,"Region Sjælland"
"Boruphuse, 4320 Lejre",Boruphuse,4320,0259,Køge,1085,"Region Sjælland"
"Boruphuse, 4330 Hvalsø",Boruphuse,4330,0316,Holbæk,1085,"Region Sjælland"
"Osted, 4320 Lejre",Osted,4320,0259,Køge,1085,"Region Sjælland"
"Erslev, 8370 Hadsten",Erslev,8370,0710,Favrskov,1082,"Region Midtjylland"
"Sdr Gørding, 6690 Gørding","Sdr Gørding",6690,0561,Esbjerg,1083,"Region Syddanmark"
"Sdr Gørding, 6740 Bramming","Sdr Gørding",6740,0561,Esbjerg,1083,"Region Syddanmark"
"Lading, 8471 Sabro",Lading,8471,0710,Favrskov,1082,"Region Midtjylland"
"Hodsager, 7490 Aulum",Hodsager,7490,0657,Herning,1082,"Region Midtjylland"
"Hodsager, 7540 Haderup",Hodsager,7540,0657,Herning,1082,"Region Midtjylland"
"Lundsmark, 6760 Ribe",Lundsmark,6760,0561,Esbjerg,1083,"Region Syddanmark"
"Hvorslev, 8860 Ulstrup",Hvorslev,8860,0710,Favrskov,1082,"Region Midtjylland"
"V Velling, 8860 Ulstrup","V Velling",8860,0710,Favrskov,1082,"Region Midtjylland"
"Hallendrup, 8370 Hadsten",Hallendrup,8370,0710,Favrskov,1082,"Region Midtjylland"
"Puggård, 6690 Gørding",Puggård,6690,0561,Esbjerg,1083,"Region Syddanmark"
"Skjoldelev, 8471 Sabro",Skjoldelev,8471,0710,Favrskov,1082,"Region Midtjylland"
"Tømmerby, 6740 Bramming",Tømmerby,6740,0561,Esbjerg,1083,"Region Syddanmark"
"Linå, 7451 Sunds",Linå,7451,0657,Herning,1082,"Region Midtjylland"
"Amstrup, 8860 Ulstrup",Amstrup,8860,0710,Favrskov,1082,"Region Midtjylland"
"Jedsted Mark, 6760 Ribe","Jedsted Mark",6760,0561,Esbjerg,1083,"Region Syddanmark"
"Jedsted Mark, 6771 Gredstedbro","Jedsted Mark",6771,0561,Esbjerg,1083,"Region Syddanmark"
"Kollund, 7400 Herning",Kollund,7400,0657,Herning,1082,"Region Midtjylland"
"Markusminde, 8471 Sabro",Markusminde,8471,0710,Favrskov,1082,"Region Midtjylland"
"Erholm, 5560 Aarup",Erholm,5560,0410,Middelfart,1083,"Region Syddanmark"
"Højrupled, 5620 Glamsbjerg",Højrupled,5620,0420,Assens,1083,"Region Syddanmark"
"Søholt, 9750 Østervrå",Søholt,9750,0810,Brønderslev,1081,"Region Nordjylland"
"Fløe, 9530 Støvring",Fløe,9530,0840,Rebild,1081,"Region Nordjylland"
"Bækager, 5610 Assens",Bækager,5610,0410,Middelfart,1083,"Region Syddanmark"
"Bred, 5492 Vissenbjerg",Bred,5492,0420,Assens,1083,"Region Syddanmark"
"Aarestrup, 9520 Skørping",Aarestrup,9520,0840,Rebild,1081,"Region Nordjylland"
"Ersted, 9520 Skørping",Ersted,9520,0840,Rebild,1081,"Region Nordjylland"
"Kragskov, 9981 Jerup",Kragskov,9981,0813,Frederikshavn,1081,"Region Nordjylland"
"Tommerup Mae, 5690 Tommerup","Tommerup Mae",5690,0420,Assens,1083,"Region Syddanmark"
"Understed, 9300 Sæby",Understed,9300,0813,Frederikshavn,1081,"Region Nordjylland"
"Understed, 9900 Frederikshavn",Understed,9900,0813,Frederikshavn,1081,"Region Nordjylland"
"Sekshøj, 9530 Støvring",Sekshøj,9530,0840,Rebild,1081,"Region Nordjylland"
"Vestby, 9610 Nørager",Vestby,9610,0820,Vesthimmerlands,1081,"Region Nordjylland"
"Gåsemosedam, 5610 Assens",Gåsemosedam,5610,0410,Middelfart,1083,"Region Syddanmark"
"Moselund, 5560 Aarup",Moselund,5560,0410,Middelfart,1083,"Region Syddanmark"
"Volstrup, 9230 Svenstrup J",Volstrup,9230,0840,Rebild,1081,"Region Nordjylland"
"Solbjerg, 9560 Hadsund",Solbjerg,9560,0840,Rebild,1081,"Region Nordjylland"
"Solbjerg, 9574 Bælum",Solbjerg,9574,0840,Rebild,1081,"Region Nordjylland"
"Langedil, 5683 Haarby",Langedil,5683,0420,Assens,1083,"Region Syddanmark"
"Hestehavegrd, 5690 Tommerup",Hestehavegrd,5690,0420,Assens,1083,"Region Syddanmark"
"Lindebjerg, 5560 Aarup",Lindebjerg,5560,0410,Middelfart,1083,"Region Syddanmark"
"Napstjert, 9981 Jerup",Napstjert,9981,0813,Frederikshavn,1081,"Region Nordjylland"
"Napstjert, 9982 Ålbæk",Napstjert,9982,0813,Frederikshavn,1081,"Region Nordjylland"
"Vøvelholm, 9620 Aalestrup",Vøvelholm,9620,0791,Viborg,1082,"Region Midtjylland"
"Stihøj, 5620 Glamsbjerg",Stihøj,5620,0420,Assens,1083,"Region Syddanmark"
"Røde Led, 5560 Aarup","Røde Led",5560,0410,Middelfart,1083,"Region Syddanmark"
"Lindenborg, 9260 Gistrup",Lindenborg,9260,0840,Rebild,1081,"Region Nordjylland"
"Randrup Mark, 9293 Kongerslev","Randrup Mark",9293,0840,Rebild,1081,"Region Nordjylland"
"Sorthat-Muleby, 3700 Rønne",Sorthat-Muleby,3700,0400,Bornholm,1084,"Region Hovedstaden"
"Sorthat-Muleby, 3790 Hasle",Sorthat-Muleby,3790,0400,Bornholm,1084,"Region Hovedstaden"
"Ypnasted, 3751 Østermarie",Ypnasted,3751,0400,Bornholm,1084,"Region Hovedstaden"
"Egeby, 5450 Otterup",Egeby,5450,0480,Nordfyns,1083,"Region Syddanmark"
"Albæk, 9520 Skørping",Albæk,9520,0840,Rebild,1081,"Region Nordjylland"
"Albæk, 9530 Støvring",Albæk,9530,0840,Rebild,1081,"Region Nordjylland"
"Albæk, 9541 Suldrup",Albæk,9541,0820,Vesthimmerlands,1081,"Region Nordjylland"
"Beldringe, 5270 Odense N",Beldringe,5270,0461,Odense,1083,"Region Syddanmark"
"Ottruphuse, 9520 Skørping",Ottruphuse,9520,0840,Rebild,1081,"Region Nordjylland"
"Fræer Purker, 9520 Skørping","Fræer Purker",9520,0840,Rebild,1081,"Region Nordjylland"
"Jordløse Mk, 5683 Haarby","Jordløse Mk",5683,0420,Assens,1083,"Region Syddanmark"
"Møllegaard, 5462 Morud",Møllegaard,5462,0480,Nordfyns,1083,"Region Syddanmark"
"Møllegaard, 5491 Blommenslyst",Møllegaard,5491,0461,Odense,1083,"Region Syddanmark"
"Gudskov, 5270 Odense N",Gudskov,5270,0461,Odense,1083,"Region Syddanmark"
"Gudskov, 5450 Otterup",Gudskov,5450,0480,Nordfyns,1083,"Region Syddanmark"
"Buderupholm, 9530 Støvring",Buderupholm,9530,0840,Rebild,1081,"Region Nordjylland"
"Gamtofte, 5610 Assens",Gamtofte,5610,0410,Middelfart,1083,"Region Syddanmark"
"Filstruplund, 5683 Haarby",Filstruplund,5683,0420,Assens,1083,"Region Syddanmark"
"Langerod, 5620 Glamsbjerg",Langerod,5620,0420,Assens,1083,"Region Syddanmark"
"Trads, 9610 Nørager",Trads,9610,0820,Vesthimmerlands,1081,"Region Nordjylland"
"Wiffertsholm, 9560 Hadsund",Wiffertsholm,9560,0840,Rebild,1081,"Region Nordjylland"
"Sejlstrup, 9520 Skørping",Sejlstrup,9520,0840,Rebild,1081,"Region Nordjylland"
"Ravnkilde, 9610 Nørager",Ravnkilde,9610,0820,Vesthimmerlands,1081,"Region Nordjylland"
"Ruerne, 5620 Glamsbjerg",Ruerne,5620,0420,Assens,1083,"Region Syddanmark"
"Holevad, 5610 Assens",Holevad,5610,0410,Middelfart,1083,"Region Syddanmark"
"Nørremarken, 5690 Tommerup",Nørremarken,5690,0420,Assens,1083,"Region Syddanmark"
"Vrangbæk, 9900 Frederikshavn",Vrangbæk,9900,0813,Frederikshavn,1081,"Region Nordjylland"
"Skalsminde, 9520 Skørping",Skalsminde,9520,0840,Rebild,1081,"Region Nordjylland"
"St Appe, 5690 Tommerup","St Appe",5690,0420,Assens,1083,"Region Syddanmark"
"Mølholt, 9300 Sæby",Mølholt,9300,0813,Frederikshavn,1081,"Region Nordjylland"
"Ny Overvad, 9610 Nørager","Ny Overvad",9610,0820,Vesthimmerlands,1081,"Region Nordjylland"
"Åved, 6780 Skærbæk",Åved,6780,0550,Tønder,1083,"Region Syddanmark"
"Skovby Sand, 5400 Bogense","Skovby Sand",5400,0480,Nordfyns,1083,"Region Syddanmark"
"Rostrup, 5485 Skamby",Rostrup,5485,0480,Nordfyns,1083,"Region Syddanmark"
"Himmelstrup, 5462 Morud",Himmelstrup,5462,0480,Nordfyns,1083,"Region Syddanmark"
"Stokkebro, 6270 Tønder",Stokkebro,6270,0550,Tønder,1083,"Region Syddanmark"
"Vongshøj, 6240 Løgumkloster",Vongshøj,6240,0550,Tønder,1083,"Region Syddanmark"
"Vennemose, 6270 Tønder",Vennemose,6270,0550,Tønder,1083,"Region Syddanmark"
"Jerstrup, 5400 Bogense",Jerstrup,5400,0480,Nordfyns,1083,"Region Syddanmark"
"Nr Nærå, 5450 Otterup","Nr Nærå",5450,0480,Nordfyns,1083,"Region Syddanmark"
"Slotsmarken, 6270 Tønder",Slotsmarken,6270,0550,Tønder,1083,"Region Syddanmark"
"Gøttrup, 6520 Toftlund",Gøttrup,6520,0510,Haderslev,1083,"Region Syddanmark"
"Farstrup, 5462 Morud",Farstrup,5462,0480,Nordfyns,1083,"Region Syddanmark"
"Farstrup, 5471 Søndersø",Farstrup,5471,0480,Nordfyns,1083,"Region Syddanmark"
"Farstrup, 5474 Veflinge",Farstrup,5474,0480,Nordfyns,1083,"Region Syddanmark"
"Bække, 5471 Søndersø",Bække,5471,0480,Nordfyns,1083,"Region Syddanmark"
"Egense Mark, 5450 Otterup","Egense Mark",5450,0480,Nordfyns,1083,"Region Syddanmark"
"Østerø, 5400 Bogense",Østerø,5400,0480,Nordfyns,1083,"Region Syddanmark"
"Mølby, 6792 Rømø",Mølby,6792,0550,Tønder,1083,"Region Syddanmark"
"Travsted, 6270 Tønder",Travsted,6270,0550,Tønder,1083,"Region Syddanmark"
"Tohede, 6240 Løgumkloster",Tohede,6240,0550,Tønder,1083,"Region Syddanmark"
"Lunde, 5450 Otterup",Lunde,5450,0480,Nordfyns,1083,"Region Syddanmark"
"Gl Haugsted, 5462 Morud","Gl Haugsted",5462,0480,Nordfyns,1083,"Region Syddanmark"
"Alslev, 6240 Løgumkloster",Alslev,6240,0550,Tønder,1083,"Region Syddanmark"
"Hostrup, 6270 Tønder",Hostrup,6270,0550,Tønder,1083,"Region Syddanmark"
"Rurup, 6520 Toftlund",Rurup,6520,0510,Haderslev,1083,"Region Syddanmark"
"Grøngårdmark, 6270 Tønder",Grøngårdmark,6270,0550,Tønder,1083,"Region Syddanmark"
"Ørbæk, 5400 Bogense",Ørbæk,5400,0480,Nordfyns,1083,"Region Syddanmark"
"Kvindlund, 6240 Løgumkloster",Kvindlund,6240,0550,Tønder,1083,"Region Syddanmark"
"Løgumgårde, 6240 Løgumkloster",Løgumgårde,6240,0550,Tønder,1083,"Region Syddanmark"
"Gammelskov, 6534 Agerskov",Gammelskov,6534,0510,Haderslev,1083,"Region Syddanmark"
"Gammelskov, 6541 Bevtoft",Gammelskov,6541,0510,Haderslev,1083,"Region Syddanmark"
"Bastrup, 5485 Skamby",Bastrup,5485,0480,Nordfyns,1083,"Region Syddanmark"
"Emmelev, 5450 Otterup",Emmelev,5450,0480,Nordfyns,1083,"Region Syddanmark"
"Roerslev, 5450 Otterup",Roerslev,5450,0480,Nordfyns,1083,"Region Syddanmark"
"Skamby, 5485 Skamby",Skamby,5485,0480,Nordfyns,1083,"Region Syddanmark"
"Kalhave, 6240 Løgumkloster",Kalhave,6240,0550,Tønder,1083,"Region Syddanmark"
"Tørresø, 5450 Otterup",Tørresø,5450,0480,Nordfyns,1083,"Region Syddanmark"
"Goldbæk, 6534 Agerskov",Goldbæk,6534,0510,Haderslev,1083,"Region Syddanmark"
"Skovlund, 6520 Toftlund",Skovlund,6520,0510,Haderslev,1083,"Region Syddanmark"
"Damhus, 6240 Løgumkloster",Damhus,6240,0550,Tønder,1083,"Region Syddanmark"
"Damhus, 6270 Tønder",Damhus,6270,0550,Tønder,1083,"Region Syddanmark"
"Bolilmark, 6792 Rømø",Bolilmark,6792,0550,Tønder,1083,"Region Syddanmark"
"Muspøt, 6534 Agerskov",Muspøt,6534,0510,Haderslev,1083,"Region Syddanmark"
"Stavelsager, 5400 Bogense",Stavelsager,5400,0480,Nordfyns,1083,"Region Syddanmark"
"Kragelund, 5400 Bogense",Kragelund,5400,0480,Nordfyns,1083,"Region Syddanmark"
"Faurby, 6240 Løgumkloster",Faurby,6240,0550,Tønder,1083,"Region Syddanmark"
"Visby, 6261 Bredebro",Visby,6261,0550,Tønder,1083,"Region Syddanmark"
"Galsted, 6541 Bevtoft",Galsted,6541,0510,Haderslev,1083,"Region Syddanmark"
"Egense, 5450 Otterup",Egense,5450,0480,Nordfyns,1083,"Region Syddanmark"
"Klintholm Havn, 4791 Borre","Klintholm Havn",4791,0390,Vordingborg,1085,"Region Sjælland"
"Hf. Haverne Anno 1927, 2000 Frederiksberg","Hf. Haverne Anno 1927",2000,0101,København,1084,"Region Hovedstaden"
"Branderup Mark, 6535 Branderup J","Branderup Mark",6535,0550,Tønder,1083,"Region Syddanmark"
"Ballum, 6261 Bredebro",Ballum,6261,0550,Tønder,1083,"Region Syddanmark"
"Hjorslev, 5450 Otterup",Hjorslev,5450,0480,Nordfyns,1083,"Region Syddanmark"
"Gl Kappendrup, 5450 Otterup","Gl Kappendrup",5450,0480,Nordfyns,1083,"Region Syddanmark"
"Østerhede, 6792 Rømø",Østerhede,6792,0550,Tønder,1083,"Region Syddanmark"
"Galsted Mark, 6534 Agerskov","Galsted Mark",6534,0510,Haderslev,1083,"Region Syddanmark"
"Ellehus, 6240 Løgumkloster",Ellehus,6240,0550,Tønder,1083,"Region Syddanmark"
"Kærborg, 6270 Tønder",Kærborg,6270,0550,Tønder,1083,"Region Syddanmark"
"Langesø, 5462 Morud",Langesø,5462,0480,Nordfyns,1083,"Region Syddanmark"
"Ullerup, 5485 Skamby",Ullerup,5485,0480,Nordfyns,1083,"Region Syddanmark"
"Nørretoft, 6270 Tønder",Nørretoft,6270,0550,Tønder,1083,"Region Syddanmark"
"Gravlund, 6240 Løgumkloster",Gravlund,6240,0550,Tønder,1083,"Region Syddanmark"
"Hjadstrup, 5450 Otterup",Hjadstrup,5450,0480,Nordfyns,1083,"Region Syddanmark"
"Vedbæk, 6240 Løgumkloster",Vedbæk,6240,0550,Tønder,1083,"Region Syddanmark"
"Solvig, 6270 Tønder",Solvig,6270,0550,Tønder,1083,"Region Syddanmark"
"Abild, 6270 Tønder",Abild,6270,0550,Tønder,1083,"Region Syddanmark"
"Bremsbøl, 6270 Tønder",Bremsbøl,6270,0550,Tønder,1083,"Region Syddanmark"
"Trøjborg, 5450 Otterup",Trøjborg,5450,0480,Nordfyns,1083,"Region Syddanmark"
"Teglgård, 6240 Løgumkloster",Teglgård,6240,0550,Tønder,1083,"Region Syddanmark"
"V Åbølling, 6780 Skærbæk","V Åbølling",6780,0550,Tønder,1083,"Region Syddanmark"
"Bederslev Mark, 5450 Otterup","Bederslev Mark",5450,0480,Nordfyns,1083,"Region Syddanmark"
"Sofienhøj, 5471 Søndersø",Sofienhøj,5471,0480,Nordfyns,1083,"Region Syddanmark"
"Overby, 6780 Skærbæk",Overby,6780,0550,Tønder,1083,"Region Syddanmark"
"Aaspe, 6261 Bredebro",Aaspe,6261,0550,Tønder,1083,"Region Syddanmark"
"Gånsager, 6780 Skærbæk",Gånsager,6780,0550,Tønder,1083,"Region Syddanmark"
"Hjortebjerg, 5400 Bogense",Hjortebjerg,5400,0480,Nordfyns,1083,"Region Syddanmark"
"Hjortebjerg, 5471 Søndersø",Hjortebjerg,5471,0480,Nordfyns,1083,"Region Syddanmark"
"Klinte, 5400 Bogense",Klinte,5400,0480,Nordfyns,1083,"Region Syddanmark"
"Bladstrup, 5450 Otterup",Bladstrup,5450,0480,Nordfyns,1083,"Region Syddanmark"
"Bladstrup, 5485 Skamby",Bladstrup,5485,0480,Nordfyns,1083,"Region Syddanmark"
"Gøttrup Mark, 9690 Fjerritslev","Gøttrup Mark",9690,0849,Jammerbugt,1081,"Region Nordjylland"
"Klim Kær, 9690 Fjerritslev","Klim Kær",9690,0849,Jammerbugt,1081,"Region Nordjylland"
"Knagstrup, 8543 Hornslet",Knagstrup,8543,0706,Syddjurs,1082,"Region Midtjylland"
"Sjellebro, 8544 Mørke",Sjellebro,8544,0706,Syddjurs,1082,"Region Midtjylland"
"Egsmark, 8400 Ebeltoft",Egsmark,8400,0706,Syddjurs,1082,"Region Midtjylland"
"Lime, 8544 Mørke",Lime,8544,0706,Syddjurs,1082,"Region Midtjylland"
"Mou Kær, 9460 Brovst","Mou Kær",9460,0849,Jammerbugt,1081,"Region Nordjylland"
"Nr Bratbjerg, 9460 Brovst","Nr Bratbjerg",9460,0849,Jammerbugt,1081,"Region Nordjylland"
"Klim Odde, 9690 Fjerritslev","Klim Odde",9690,0849,Jammerbugt,1081,"Region Nordjylland"
"Telling, 9460 Brovst",Telling,9460,0849,Jammerbugt,1081,"Region Nordjylland"
"Gøttrup Strand, 9690 Fjerritslev","Gøttrup Strand",9690,0849,Jammerbugt,1081,"Region Nordjylland"
"Sivested, 8560 Kolind",Sivested,8560,0706,Syddjurs,1082,"Region Midtjylland"
"Øslev Mark, 9690 Fjerritslev","Øslev Mark",9690,0849,Jammerbugt,1081,"Region Nordjylland"
"Bækken, 9460 Brovst",Bækken,9460,0849,Jammerbugt,1081,"Region Nordjylland"
"Tirstrup, 8400 Ebeltoft",Tirstrup,8400,0706,Syddjurs,1082,"Region Midtjylland"
"Bjerager, 8300 Odder",Bjerager,8300,0727,Odder,1082,"Region Midtjylland"
"Ingstrup, 9480 Løkken",Ingstrup,9480,0810,Brønderslev,1081,"Region Nordjylland"
"Nørhalne, 9381 Sulsted",Nørhalne,9381,0849,Jammerbugt,1081,"Region Nordjylland"
"Nørhalne, 9430 Vadum",Nørhalne,9430,0849,Jammerbugt,1081,"Region Nordjylland"
"Nørhalne, 9440 Aabybro",Nørhalne,9440,0810,Brønderslev,1081,"Region Nordjylland"
"Hyl Skovgård, 8400 Ebeltoft","Hyl Skovgård",8400,0706,Syddjurs,1082,"Region Midtjylland"
"Rathlousdal, 8300 Odder",Rathlousdal,8300,0727,Odder,1082,"Region Midtjylland"
"Falling, 8300 Odder",Falling,8300,0727,Odder,1082,"Region Midtjylland"
"Malskær, 8300 Odder",Malskær,8300,0727,Odder,1082,"Region Midtjylland"
"Krogen, 9460 Brovst",Krogen,9460,0849,Jammerbugt,1081,"Region Nordjylland"
"Hassig, 9690 Fjerritslev",Hassig,9690,0849,Jammerbugt,1081,"Region Nordjylland"
"Kirkedal, 9690 Fjerritslev",Kirkedal,9690,0849,Jammerbugt,1081,"Region Nordjylland"
"Manstrupmark, 9670 Løgstør",Manstrupmark,9670,0820,Vesthimmerlands,1081,"Region Nordjylland"
"Manstrupmark, 9690 Fjerritslev",Manstrupmark,9690,0849,Jammerbugt,1081,"Region Nordjylland"
"Udklit, 9690 Fjerritslev",Udklit,9690,0849,Jammerbugt,1081,"Region Nordjylland"
"Alsbjerg, 9460 Brovst",Alsbjerg,9460,0849,Jammerbugt,1081,"Region Nordjylland"
"Skader, 8543 Hornslet",Skader,8543,0706,Syddjurs,1082,"Region Midtjylland"
"Horslev, 9690 Fjerritslev",Horslev,9690,0849,Jammerbugt,1081,"Region Nordjylland"
"Klim Fjordholme, 9690 Fjerritslev","Klim Fjordholme",9690,0849,Jammerbugt,1081,"Region Nordjylland"
"Klitterne, 9480 Løkken",Klitterne,9480,0810,Brønderslev,1081,"Region Nordjylland"
"Skovsgård, 9460 Brovst",Skovsgård,9460,0849,Jammerbugt,1081,"Region Nordjylland"
"Rodskov, 8410 Rønde",Rodskov,8410,0706,Syddjurs,1082,"Region Midtjylland"
"Rodskov, 8543 Hornslet",Rodskov,8543,0706,Syddjurs,1082,"Region Midtjylland"
"Brunmose, 8550 Ryomgård",Brunmose,8550,0706,Syddjurs,1082,"Region Midtjylland"
"Brunmose, 8963 Auning",Brunmose,8963,0706,Syddjurs,1082,"Region Midtjylland"
"Øslev, 9690 Fjerritslev",Øslev,9690,0849,Jammerbugt,1081,"Region Nordjylland"
"Kokkedal, 9460 Brovst",Kokkedal,9460,0849,Jammerbugt,1081,"Region Nordjylland"
"Ørebro, 9690 Fjerritslev",Ørebro,9690,0849,Jammerbugt,1081,"Region Nordjylland"
"Ulstrup, 8410 Rønde",Ulstrup,8410,0706,Syddjurs,1082,"Region Midtjylland"
"Koed Mark, 8581 Nimtofte","Koed Mark",8581,0706,Syddjurs,1082,"Region Midtjylland"
"Bjergene, 8550 Ryomgård",Bjergene,8550,0706,Syddjurs,1082,"Region Midtjylland"
"Hadrup, 8350 Hundslund",Hadrup,8350,0727,Odder,1082,"Region Midtjylland"
"Hingelbjerg, 9690 Fjerritslev",Hingelbjerg,9690,0849,Jammerbugt,1081,"Region Nordjylland"
"Kysing, 8300 Odder",Kysing,8300,0727,Odder,1082,"Region Midtjylland"
"Engesgaard, 9490 Pandrup",Engesgaard,9490,0849,Jammerbugt,1081,"Region Nordjylland"
"Rodholm, 8963 Auning",Rodholm,8963,0706,Syddjurs,1082,"Region Midtjylland"
"Fasmalie, 9690 Fjerritslev",Fasmalie,9690,0849,Jammerbugt,1081,"Region Nordjylland"
"Kolstrup, 8581 Nimtofte",Kolstrup,8581,0706,Syddjurs,1082,"Region Midtjylland"
"Stagsted, 9460 Brovst",Stagsted,9460,0849,Jammerbugt,1081,"Region Nordjylland"
"Holmegaard, 9690 Fjerritslev",Holmegaard,9690,0849,Jammerbugt,1081,"Region Nordjylland"
"Korslund, 8410 Rønde",Korslund,8410,0706,Syddjurs,1082,"Region Midtjylland"
"Ebeltoft, 8400 Ebeltoft",Ebeltoft,8400,0706,Syddjurs,1082,"Region Midtjylland"
"Marie Magdalene, 8550 Ryomgård","Marie Magdalene",8550,0706,Syddjurs,1082,"Region Midtjylland"
"Dreslette, 5683 Haarby",Dreslette,5683,0420,Assens,1083,"Region Syddanmark"
"Tranebjerg, 8305 Samsø",Tranebjerg,8305,0741,Samsø,1082,"Region Midtjylland"
"Margr Lund, 8550 Ryomgård","Margr Lund",8550,0706,Syddjurs,1082,"Region Midtjylland"
"Sønderby Bj, 5631 Ebberup","Sønderby Bj",5631,0420,Assens,1083,"Region Syddanmark"
"Måbjerg, 7500 Holstebro",Måbjerg,7500,0657,Herning,1082,"Region Midtjylland"
"Idom, 7500 Holstebro",Idom,7500,0657,Herning,1082,"Region Midtjylland"
"Idom, 7570 Vemb",Idom,7570,0661,Holstebro,1082,"Region Midtjylland"
"Torup, 8305 Samsø",Torup,8305,0741,Samsø,1082,"Region Midtjylland"
"Bugtrup, 8560 Kolind",Bugtrup,8560,0706,Syddjurs,1082,"Region Midtjylland"
"Skramsø, 8400 Ebeltoft",Skramsø,8400,0706,Syddjurs,1082,"Region Midtjylland"
"Madum, 6990 Ulfborg",Madum,6990,0657,Herning,1082,"Region Midtjylland"
"Rostved, 8410 Rønde",Rostved,8410,0706,Syddjurs,1082,"Region Midtjylland"
"Sundby, 8560 Kolind",Sundby,8560,0706,Syddjurs,1082,"Region Midtjylland"
"Langsted, 5690 Tommerup",Langsted,5690,0420,Assens,1083,"Region Syddanmark"
"Mejrup, 7500 Holstebro",Mejrup,7500,0657,Herning,1082,"Region Midtjylland"
"Ålskov, 7830 Vinderup",Ålskov,7830,0657,Herning,1082,"Region Midtjylland"
"Felde, 7830 Vinderup",Felde,7830,0657,Herning,1082,"Region Midtjylland"
"Skallebølle, 5492 Vissenbjerg",Skallebølle,5492,0420,Assens,1083,"Region Syddanmark"
"Kokborg, 7830 Vinderup",Kokborg,7830,0657,Herning,1082,"Region Midtjylland"
"Møgelvang, 7830 Vinderup",Møgelvang,7830,0657,Herning,1082,"Region Midtjylland"
"Lilletofte, 5610 Assens",Lilletofte,5610,0410,Middelfart,1083,"Region Syddanmark"
"Bukkerup, 5620 Glamsbjerg",Bukkerup,5620,0420,Assens,1083,"Region Syddanmark"
"Faurskov, 5560 Aarup",Faurskov,5560,0410,Middelfart,1083,"Region Syddanmark"
"Kolindbro, 8560 Kolind",Kolindbro,8560,0706,Syddjurs,1082,"Region Midtjylland"
"Snave, 5683 Haarby",Snave,5683,0420,Assens,1083,"Region Syddanmark"
"Kirke Søby, 5610 Assens","Kirke Søby",5610,0410,Middelfart,1083,"Region Syddanmark"
"Kirke Søby, 5631 Ebberup","Kirke Søby",5631,0420,Assens,1083,"Region Syddanmark"
"Nautrup, 7830 Vinderup",Nautrup,7830,0657,Herning,1082,"Region Midtjylland"
"Ugelb Strand, 8410 Rønde","Ugelb Strand",8410,0706,Syddjurs,1082,"Region Midtjylland"
"Brahesborg, 5610 Assens",Brahesborg,5610,0410,Middelfart,1083,"Region Syddanmark"
"Strandby Mk, 5683 Haarby","Strandby Mk",5683,0420,Assens,1083,"Region Syddanmark"
"Mellemballe, 5620 Glamsbjerg",Mellemballe,5620,0420,Assens,1083,"Region Syddanmark"
"Brylle, 5690 Tommerup",Brylle,5690,0420,Assens,1083,"Region Syddanmark"
"Sevelskov, 7830 Vinderup",Sevelskov,7830,0657,Herning,1082,"Region Midtjylland"
"Lemmer, 8544 Mørke",Lemmer,8544,0706,Syddjurs,1082,"Region Midtjylland"
"Vrå, 8420 Knebel",Vrå,8420,0706,Syddjurs,1082,"Region Midtjylland"
"Dagstrup, 8544 Mørke",Dagstrup,8544,0706,Syddjurs,1082,"Region Midtjylland"
"Verninge, 5690 Tommerup",Verninge,5690,0420,Assens,1083,"Region Syddanmark"
"Skovmølle, 4700 Næstved",Skovmølle,4700,0370,Næstved,1085,"Region Sjælland"
"Fovslet, 6580 Vamdrup",Fovslet,6580,0621,Kolding,1083,"Region Syddanmark"
"Højrup Mark, 7000 Fredericia","Højrup Mark",7000,0607,Fredericia,1083,"Region Syddanmark"
"Dybe, 7620 Lemvig",Dybe,7620,0665,Lemvig,1082,"Region Midtjylland"
"Meng, 6070 Christiansfeld",Meng,6070,0510,Haderslev,1083,"Region Syddanmark"
"Nr Bjert, 6000 Kolding","Nr Bjert",6000,0621,Kolding,1083,"Region Syddanmark"
"Pjedsted, 7000 Fredericia",Pjedsted,7000,0607,Fredericia,1083,"Region Syddanmark"
"Flintemose, 4733 Tappernøje",Flintemose,4733,0320,Faxe,1085,"Region Sjælland"
"Store Røttinge, 4733 Tappernøje","Store Røttinge",4733,0320,Faxe,1085,"Region Sjælland"
"Nørre Nissum, 7620 Lemvig","Nørre Nissum",7620,0665,Lemvig,1082,"Region Midtjylland"
"Skalstrup, 7570 Vemb",Skalstrup,7570,0661,Holstebro,1082,"Region Midtjylland"
"Bøvling, 6990 Ulfborg",Bøvling,6990,0657,Herning,1082,"Region Midtjylland"
"Bøvling, 7650 Bøvlingbjerg",Bøvling,7650,0665,Lemvig,1082,"Region Midtjylland"
"Menstrup, 4700 Næstved",Menstrup,4700,0370,Næstved,1085,"Region Sjælland"
"Sanddal, 7000 Fredericia",Sanddal,7000,0607,Fredericia,1083,"Region Syddanmark"
"Høje Taastrup, 2630 Taastrup","Høje Taastrup",2630,0165,Albertslund,1084,"Region Hovedstaden"
"Ravnstrup, 4160 Herlufmagle",Ravnstrup,4160,0320,Faxe,1085,"Region Sjælland"
"Vallensved, 4700 Næstved",Vallensved,4700,0370,Næstved,1085,"Region Sjælland"
"Anderup, 6070 Christiansfeld",Anderup,6070,0510,Haderslev,1083,"Region Syddanmark"
"Taastrup, 2630 Taastrup",Taastrup,2630,0165,Albertslund,1084,"Region Hovedstaden"
"Baldersbrønde, 2640 Hedehusene",Baldersbrønde,2640,0169,Høje-Taastrup,1084,"Region Hovedstaden"
"Stærkende, 2640 Hedehusene",Stærkende,2640,0169,Høje-Taastrup,1084,"Region Hovedstaden"
"Førslev, 4700 Næstved",Førslev,4700,0370,Næstved,1085,"Region Sjælland"
"Herluflille, 4160 Herlufmagle",Herluflille,4160,0320,Faxe,1085,"Region Sjælland"
"Hundstrup, 4700 Næstved",Hundstrup,4700,0370,Næstved,1085,"Region Sjælland"
"Viby, 5300 Kerteminde",Viby,5300,0440,Kerteminde,1083,"Region Syddanmark"
"Viby, 5370 Mesinge",Viby,5370,0440,Kerteminde,1083,"Region Syddanmark"
"Viby, 5380 Dalby",Viby,5380,0440,Kerteminde,1083,"Region Syddanmark"
"Måle, 5300 Kerteminde",Måle,5300,0440,Kerteminde,1083,"Region Syddanmark"
"Måle, 5370 Mesinge",Måle,5370,0440,Kerteminde,1083,"Region Syddanmark"
"Måle, 5380 Dalby",Måle,5380,0440,Kerteminde,1083,"Region Syddanmark"
"Bonderup, 4700 Næstved",Bonderup,4700,0370,Næstved,1085,"Region Sjælland"
"Ganløse Hessel, 3660 Stenløse","Ganløse Hessel",3660,0240,Egedal,1084,"Region Hovedstaden"
"Udlejre, 3650 Ølstykke",Udlejre,3650,0240,Egedal,1084,"Region Hovedstaden"
"Egensø, 5390 Martofte",Egensø,5390,0440,Kerteminde,1083,"Region Syddanmark"
"Bramdrup, 6000 Kolding",Bramdrup,6000,0621,Kolding,1083,"Region Syddanmark"
"Nyskov, 6580 Vamdrup",Nyskov,6580,0621,Kolding,1083,"Region Syddanmark"
"Eltang, 6000 Kolding",Eltang,6000,0621,Kolding,1083,"Region Syddanmark"
"Hf. Møllevang, 2791 Dragør","Hf. Møllevang",2791,0155,Dragør,1084,"Region Hovedstaden"
"Herslev Mark, 7000 Fredericia","Herslev Mark",7000,0607,Fredericia,1083,"Region Syddanmark"
"Dybvadbro, 6040 Egtved",Dybvadbro,6040,0621,Kolding,1083,"Region Syddanmark"
"Pjedst.Spang, 7000 Fredericia",Pjedst.Spang,7000,0607,Fredericia,1083,"Region Syddanmark"
"Jørlunde, 3550 Slangerup",Jørlunde,3550,0201,Allerød,1084,"Region Hovedstaden"
"Knardrup, 3660 Stenløse",Knardrup,3660,0240,Egedal,1084,"Region Hovedstaden"
"Midskov, 5370 Mesinge",Midskov,5370,0440,Kerteminde,1083,"Region Syddanmark"
"Egeskov Mark, 7000 Fredericia","Egeskov Mark",7000,0607,Fredericia,1083,"Region Syddanmark"
"Pjedsted Spang, 7000 Fredericia","Pjedsted Spang",7000,0607,Fredericia,1083,"Region Syddanmark"
"Klinkby, 7620 Lemvig",Klinkby,7620,0665,Lemvig,1082,"Region Midtjylland"
"Sølperup, 4733 Tappernøje",Sølperup,4733,0320,Faxe,1085,"Region Sjælland"
"Trelde Mark, 7000 Fredericia","Trelde Mark",7000,0607,Fredericia,1083,"Region Syddanmark"
"Bistrup, 4700 Næstved",Bistrup,4700,0370,Næstved,1085,"Region Sjælland"
"Ny Prøve, 4733 Tappernøje","Ny Prøve",4733,0320,Faxe,1085,"Region Sjælland"
"Stenstrup, 4700 Næstved",Stenstrup,4700,0370,Næstved,1085,"Region Sjælland"
"Skovbølling, 6100 Haderslev",Skovbølling,6100,0510,Haderslev,1083,"Region Syddanmark"
"Tåsinge, 5700 Svendborg",Tåsinge,5700,0479,Svendborg,1083,"Region Syddanmark"
"Lunde, 5771 Stenstrup",Lunde,5771,0430,Faaborg-Midtfyn,1083,"Region Syddanmark"
"Gundestrup, 5762 Vester Skerninge",Gundestrup,5762,0430,Faaborg-Midtfyn,1083,"Region Syddanmark"
"Hf. Formosa, 2300 København S","Hf. Formosa",2300,0101,København,1084,"Region Hovedstaden"
"Over Lerte, 6560 Sommersted","Over Lerte",6560,0510,Haderslev,1083,"Region Syddanmark"
"Egeris, 6920 Videbæk",Egeris,6920,0760,Ringkøbing-Skjern,1082,"Region Midtjylland"
"Ellerup, 5892 Gudbjerg Sydfyn",Ellerup,5892,0479,Svendborg,1083,"Region Syddanmark"
"Hundstrup, 5762 Vester Skerninge",Hundstrup,5762,0430,Faaborg-Midtfyn,1083,"Region Syddanmark"
"Hf. Emdrupvænge, 2400 København NV","Hf. Emdrupvænge",2400,0101,København,1084,"Region Hovedstaden"
"Hf. 1907, 2300 København S","Hf. 1907",2300,0101,København,1084,"Region Hovedstaden"
"Knud, 6100 Haderslev",Knud,6100,0510,Haderslev,1083,"Region Syddanmark"
"Ølstrup, 6950 Ringkøbing",Ølstrup,6950,0760,Ringkøbing-Skjern,1082,"Region Midtjylland"
"Evetofte, 3370 Melby",Evetofte,3370,0260,Halsnæs,1084,"Region Hovedstaden"
"Kregme, 3300 Frederiksværk",Kregme,3300,0260,Halsnæs,1084,"Region Hovedstaden"
"Hf. Odinshaven, 6500 Vojens","Hf. Odinshaven",6500,0510,Haderslev,1083,"Region Syddanmark"
"Viftrupgård, 6971 Spjald",Viftrupgård,6971,0760,Ringkøbing-Skjern,1082,"Region Midtjylland"
"Selskær, 6560 Sommersted",Selskær,6560,0510,Haderslev,1083,"Region Syddanmark"
"Mosgård, 6971 Spjald",Mosgård,6971,0760,Ringkøbing-Skjern,1082,"Region Midtjylland"
"Lerte, 6560 Sommersted",Lerte,6560,0510,Haderslev,1083,"Region Syddanmark"
"Hf. Humlehaven, 6100 Haderslev","Hf. Humlehaven",6100,0510,Haderslev,1083,"Region Syddanmark"
"Hejsager Str, 6100 Haderslev","Hejsager Str",6100,0510,Haderslev,1083,"Region Syddanmark"
"Tørning, 6500 Vojens",Tørning,6500,0510,Haderslev,1083,"Region Syddanmark"
"Borris, 6900 Skjern",Borris,6900,0760,Ringkøbing-Skjern,1082,"Region Midtjylland"
"Borris, 7280 Sønder Felding",Borris,7280,0657,Herning,1082,"Region Midtjylland"
"Sdr Vium, 6880 Tarm","Sdr Vium",6880,0573,Varde,1083,"Region Syddanmark"
"Sdr Vium, 6893 Hemmet","Sdr Vium",6893,0760,Ringkøbing-Skjern,1082,"Region Midtjylland"
"Haversl Vang, 9690 Fjerritslev","Haversl Vang",9690,0849,Jammerbugt,1081,"Region Nordjylland"
"Sdr Saltum, 9493 Saltum","Sdr Saltum",9493,0849,Jammerbugt,1081,"Region Nordjylland"
"Thorup Fjordholme, 9690 Fjerritslev","Thorup Fjordholme",9690,0849,Jammerbugt,1081,"Region Nordjylland"
"Kestrup, 6500 Vojens",Kestrup,6500,0510,Haderslev,1083,"Region Syddanmark"
"Kestrup, 6560 Sommersted",Kestrup,6560,0510,Haderslev,1083,"Region Syddanmark"
"Ellidsbøl, 9690 Fjerritslev",Ellidsbøl,9690,0849,Jammerbugt,1081,"Region Nordjylland"
"Ustrup, 6500 Vojens",Ustrup,6500,0510,Haderslev,1083,"Region Syddanmark"
"Fole, 6510 Gram",Fole,6510,0510,Haderslev,1083,"Region Syddanmark"
"Kodal, 6971 Spjald",Kodal,6971,0760,Ringkøbing-Skjern,1082,"Region Midtjylland"
"Stokkerhoved, 6500 Vojens",Stokkerhoved,6500,0510,Haderslev,1083,"Region Syddanmark"
"Arnum, 6510 Gram",Arnum,6510,0510,Haderslev,1083,"Region Syddanmark"
"Stursbøl, 6560 Sommersted",Stursbøl,6560,0510,Haderslev,1083,"Region Syddanmark"
"Årup, 6510 Gram",Årup,6510,0510,Haderslev,1083,"Region Syddanmark"
"Skovby, 6920 Videbæk",Skovby,6920,0760,Ringkøbing-Skjern,1082,"Region Midtjylland"
"Velling, 6940 Lem St",Velling,6940,0760,Ringkøbing-Skjern,1082,"Region Midtjylland"
"Velling, 6950 Ringkøbing",Velling,6950,0760,Ringkøbing-Skjern,1082,"Region Midtjylland"
"Rådhuset, 6950 Ringkøbing",Rådhuset,6950,0760,Ringkøbing-Skjern,1082,"Region Midtjylland"
"Holmsland, 6950 Ringkøbing",Holmsland,6950,0760,Ringkøbing-Skjern,1082,"Region Midtjylland"
"Aargab, 6960 Hvide Sande",Aargab,6960,0760,Ringkøbing-Skjern,1082,"Region Midtjylland"
"Vedbøl, 6500 Vojens",Vedbøl,6500,0510,Haderslev,1083,"Region Syddanmark"
"Lønborg, 6880 Tarm",Lønborg,6880,0573,Varde,1083,"Region Syddanmark"
"Sandbæk, 6971 Spjald",Sandbæk,6971,0760,Ringkøbing-Skjern,1082,"Region Midtjylland"
"Søndervig, 6950 Ringkøbing",Søndervig,6950,0760,Ringkøbing-Skjern,1082,"Region Midtjylland"
"Troldhede, 6900 Skjern",Troldhede,6900,0760,Ringkøbing-Skjern,1082,"Region Midtjylland"
"Troldhede, 6920 Videbæk",Troldhede,6920,0760,Ringkøbing-Skjern,1082,"Region Midtjylland"
"Ahle, 6920 Videbæk",Ahle,6920,0760,Ringkøbing-Skjern,1082,"Region Midtjylland"
"Hf. Fremtiden, 2100 København Ø","Hf. Fremtiden",2100,0101,København,1084,"Region Hovedstaden"
"Kællerød, 4250 Fuglebjerg",Kællerød,4250,0330,Slagelse,1085,"Region Sjælland"
"Vejlø Skov, 4700 Næstved","Vejlø Skov",4700,0370,Næstved,1085,"Region Sjælland"
"Sjolte, 4733 Tappernøje",Sjolte,4733,0320,Faxe,1085,"Region Sjælland"
"Tybjerglille, 4160 Herlufmagle",Tybjerglille,4160,0320,Faxe,1085,"Region Sjælland"
"Tybjerglille, 4690 Haslev",Tybjerglille,4690,0320,Faxe,1085,"Region Sjælland"
"Basnæs, 4700 Næstved",Basnæs,4700,0370,Næstved,1085,"Region Sjælland"
"Tyvelse, 4171 Glumsø",Tyvelse,4171,0370,Næstved,1085,"Region Sjælland"
"Snesere, 4733 Tappernøje",Snesere,4733,0320,Faxe,1085,"Region Sjælland"
"Snesere, 4750 Lundby",Snesere,4750,0370,Næstved,1085,"Region Sjælland"
"Viborggård, 4160 Herlufmagle",Viborggård,4160,0320,Faxe,1085,"Region Sjælland"
"Nåby, 4160 Herlufmagle",Nåby,4160,0320,Faxe,1085,"Region Sjælland"
"Nåby, 4700 Næstved",Nåby,4700,0370,Næstved,1085,"Region Sjælland"
"Torpe, 4160 Herlufmagle",Torpe,4160,0320,Faxe,1085,"Region Sjælland"
"Sludebakken, 5800 Nyborg",Sludebakken,5800,0450,Nyborg,1083,"Region Syddanmark"
"Mullerup, 5540 Ullerslev",Mullerup,5540,0440,Kerteminde,1083,"Region Syddanmark"
"Gl Fjellerup, 5853 Ørbæk","Gl Fjellerup",5853,0430,Faaborg-Midtfyn,1083,"Region Syddanmark"
"Strandtved, 5800 Nyborg",Strandtved,5800,0450,Nyborg,1083,"Region Syddanmark"
"Slipshavn, 5800 Nyborg",Slipshavn,5800,0450,Nyborg,1083,"Region Syddanmark"
"Bommerlund, 6330 Padborg",Bommerlund,6330,0580,Aabenraa,1083,"Region Syddanmark"
"Årslev Skov, 6230 Rødekro","Årslev Skov",6230,0580,Aabenraa,1083,"Region Syddanmark"
"Bov Mark, 6330 Padborg","Bov Mark",6330,0580,Aabenraa,1083,"Region Syddanmark"
"Bov Mark, 6372 Bylderup-Bov","Bov Mark",6372,0580,Aabenraa,1083,"Region Syddanmark"
"Øksendrup, 5871 Frørup",Øksendrup,5871,0450,Nyborg,1083,"Region Syddanmark"
"Ingebøl, 6392 Bolderslev",Ingebøl,6392,0580,Aabenraa,1083,"Region Syddanmark"
"Kiskelund, 6340 Kruså",Kiskelund,6340,0580,Aabenraa,1083,"Region Syddanmark"
"Årup, 6200 Aabenraa",Årup,6200,0580,Aabenraa,1083,"Region Syddanmark"
"Stubbæk, 6200 Aabenraa",Stubbæk,6200,0580,Aabenraa,1083,"Region Syddanmark"
"Rødebæk, 6360 Tinglev",Rødebæk,6360,0580,Aabenraa,1083,"Region Syddanmark"
"Bolderslev, 6392 Bolderslev",Bolderslev,6392,0580,Aabenraa,1083,"Region Syddanmark"
"Hajstrup, 6372 Bylderup-Bov",Hajstrup,6372,0580,Aabenraa,1083,"Region Syddanmark"
"Broderup, 6360 Tinglev",Broderup,6360,0580,Aabenraa,1083,"Region Syddanmark"
"Uge, 6360 Tinglev",Uge,6360,0580,Aabenraa,1083,"Region Syddanmark"
"Uge, 6392 Bolderslev",Uge,6392,0580,Aabenraa,1083,"Region Syddanmark"
"Felstedskov, 6200 Aabenraa",Felstedskov,6200,0580,Aabenraa,1083,"Region Syddanmark"
"Ø Løgum Mark, 6230 Rødekro","Ø Løgum Mark",6230,0580,Aabenraa,1083,"Region Syddanmark"
"Dybvad, 6230 Rødekro",Dybvad,6230,0580,Aabenraa,1083,"Region Syddanmark"
"Brunde, 6230 Rødekro",Brunde,6230,0580,Aabenraa,1083,"Region Syddanmark"
"Gl Skovbøl, 6200 Aabenraa","Gl Skovbøl",6200,0580,Aabenraa,1083,"Region Syddanmark"
"Korup, 6372 Bylderup-Bov",Korup,6372,0580,Aabenraa,1083,"Region Syddanmark"
"Skelbæk, 6360 Tinglev",Skelbæk,6360,0580,Aabenraa,1083,"Region Syddanmark"
"Bremmerholm, 6230 Rødekro",Bremmerholm,6230,0580,Aabenraa,1083,"Region Syddanmark"
"Lundtoft, 6200 Aabenraa",Lundtoft,6200,0580,Aabenraa,1083,"Region Syddanmark"
"Loddenhøj, 6200 Aabenraa",Loddenhøj,6200,0580,Aabenraa,1083,"Region Syddanmark"
"Ørslev, 6230 Rødekro",Ørslev,6230,0580,Aabenraa,1083,"Region Syddanmark"
"Kopsholt, 6230 Rødekro",Kopsholt,6230,0580,Aabenraa,1083,"Region Syddanmark"
"Hovslund By, 6230 Rødekro","Hovslund By",6230,0580,Aabenraa,1083,"Region Syddanmark"
"Vrold, 8660 Skanderborg",Vrold,8660,0615,Horsens,1082,"Region Midtjylland"
"Rønshoved, 6340 Kruså",Rønshoved,6340,0580,Aabenraa,1083,"Region Syddanmark"
"Hynding, 6372 Bylderup-Bov",Hynding,6372,0580,Aabenraa,1083,"Region Syddanmark"
"Skovby, 8464 Galten",Skovby,8464,0746,Skanderborg,1082,"Region Midtjylland"
"Svinsager, 8660 Skanderborg",Svinsager,8660,0615,Horsens,1082,"Region Midtjylland"
"Høver, 8464 Galten",Høver,8464,0746,Skanderborg,1082,"Region Midtjylland"
"Hingeballe, 8620 Kjellerup",Hingeballe,8620,0740,Silkeborg,1082,"Region Midtjylland"
"Voldbygård, 8653 Them",Voldbygård,8653,0740,Silkeborg,1082,"Region Midtjylland"
"Kjellerup, 8620 Kjellerup",Kjellerup,8620,0740,Silkeborg,1082,"Region Midtjylland"
"Fogstrup, 8653 Them",Fogstrup,8653,0740,Silkeborg,1082,"Region Midtjylland"
"Aunsbjerg, 8620 Kjellerup",Aunsbjerg,8620,0740,Silkeborg,1082,"Region Midtjylland"
"Nipgård, 8620 Kjellerup",Nipgård,8620,0740,Silkeborg,1082,"Region Midtjylland"
"Nebel, 8600 Silkeborg",Nebel,8600,0740,Silkeborg,1082,"Region Midtjylland"
"Loudal, 8653 Them",Loudal,8653,0740,Silkeborg,1082,"Region Midtjylland"
"Kolpensig, 7362 Hampen",Kolpensig,7362,0740,Silkeborg,1082,"Region Midtjylland"
"Marsvinslund, 8620 Kjellerup",Marsvinslund,8620,0740,Silkeborg,1082,"Region Midtjylland"
"Godrum, 7362 Hampen",Godrum,7362,0740,Silkeborg,1082,"Region Midtjylland"
"Salten Skov, 8653 Them","Salten Skov",8653,0740,Silkeborg,1082,"Region Midtjylland"
"Salten, 8653 Them",Salten,8653,0740,Silkeborg,1082,"Region Midtjylland"
"Højsager, 3480 Fredensborg",Højsager,3480,0210,Fredensborg,1084,"Region Hovedstaden"
"Båstrup, 3480 Fredensborg",Båstrup,3480,0210,Fredensborg,1084,"Region Hovedstaden"
"Sejet, 8654 Bryrup",Sejet,8654,0615,Horsens,1082,"Region Midtjylland"
"Sepstrup, 7441 Bording",Sepstrup,7441,0740,Silkeborg,1082,"Region Midtjylland"
"Sepstrup, 8653 Them",Sepstrup,8653,0740,Silkeborg,1082,"Region Midtjylland"
"Limose, 5580 Nørre Aaby",Limose,5580,0410,Middelfart,1083,"Region Syddanmark"
"Kirkelte, 3450 Allerød",Kirkelte,3450,0201,Allerød,1084,"Region Hovedstaden"
"Nybo, 3050 Humlebæk",Nybo,3050,0210,Fredensborg,1084,"Region Hovedstaden"
"Nybo, 3490 Kvistgård",Nybo,3490,0210,Fredensborg,1084,"Region Hovedstaden"
"Langerød, 3480 Fredensborg",Langerød,3480,0210,Fredensborg,1084,"Region Hovedstaden"
"Ullerød, 2980 Kokkedal",Ullerød,2980,0210,Fredensborg,1084,"Region Hovedstaden"
"Viby Mark, 5580 Nørre Aaby","Viby Mark",5580,0410,Middelfart,1083,"Region Syddanmark"
"Billeshave, 5500 Middelfart",Billeshave,5500,0410,Middelfart,1083,"Region Syddanmark"
"Vestermarken, 5466 Asperup",Vestermarken,5466,0410,Middelfart,1083,"Region Syddanmark"
"Hygind, 5592 Ejby",Hygind,5592,0410,Middelfart,1083,"Region Syddanmark"
"Bubbel, 5464 Brenderup Fyn",Bubbel,5464,0410,Middelfart,1083,"Region Syddanmark"
"Bubbel, 5592 Ejby",Bubbel,5592,0410,Middelfart,1083,"Region Syddanmark"
"Egelund, 5464 Brenderup Fyn",Egelund,5464,0410,Middelfart,1083,"Region Syddanmark"
"Gadstrup, 5580 Nørre Aaby",Gadstrup,5580,0410,Middelfart,1083,"Region Syddanmark"
"Gadstrup, 5592 Ejby",Gadstrup,5592,0410,Middelfart,1083,"Region Syddanmark"
"Åbjerg, 5464 Brenderup Fyn",Åbjerg,5464,0410,Middelfart,1083,"Region Syddanmark"
"Serup Strand, 7790 Thyholm","Serup Strand",7790,0671,Struer,1082,"Region Midtjylland"
"Ørsbjerg Skov, 5591 Gelsted","Ørsbjerg Skov",5591,0410,Middelfart,1083,"Region Syddanmark"
"Bro Skov, 5464 Brenderup Fyn","Bro Skov",5464,0410,Middelfart,1083,"Region Syddanmark"
"Hallundbæk, 7330 Brande",Hallundbæk,7330,0630,Vejle,1083,"Region Syddanmark"
"Hallundbæk, 7361 Ejstrupholm",Hallundbæk,7361,0630,Vejle,1083,"Region Syddanmark"
"Elsted, 8520 Lystrup",Elsted,8520,0751,Aarhus,1082,"Region Midtjylland"
"Grøttrup, 8530 Hjortshøj",Grøttrup,8530,0751,Aarhus,1082,"Region Midtjylland"
"Trend, 9640 Farsø",Trend,9640,0820,Vesthimmerlands,1081,"Region Nordjylland"
"Trend, 9670 Løgstør",Trend,9670,0820,Vesthimmerlands,1081,"Region Nordjylland"
"Dollerup, 9640 Farsø",Dollerup,9640,0820,Vesthimmerlands,1081,"Region Nordjylland"
"Yderup, 8381 Tilst",Yderup,8381,0751,Aarhus,1082,"Region Midtjylland"
"Åle, 9681 Ranum",Åle,9681,0820,Vesthimmerlands,1081,"Region Nordjylland"
"Gundersted, 9240 Nibe",Gundersted,9240,0820,Vesthimmerlands,1081,"Region Nordjylland"
"Gundersted, 9600 Aars",Gundersted,9600,0820,Vesthimmerlands,1081,"Region Nordjylland"
"Overlade, 9670 Løgstør",Overlade,9670,0820,Vesthimmerlands,1081,"Region Nordjylland"
"Overlade, 9681 Ranum",Overlade,9681,0820,Vesthimmerlands,1081,"Region Nordjylland"
"Bording, 7441 Bording",Bording,7441,0740,Silkeborg,1082,"Region Midtjylland"
"Skærlund, 7330 Brande",Skærlund,7330,0630,Vejle,1083,"Region Syddanmark"
"Marsb.Skov, 8000 Aarhus C",Marsb.Skov,8000,0751,Aarhus,1082,"Region Midtjylland"
"Terp, 8200 Aarhus N",Terp,8200,0751,Aarhus,1082,"Region Midtjylland"
"Terp, 8240 Risskov",Terp,8240,0751,Aarhus,1082,"Region Midtjylland"
"Terp, 8520 Lystrup",Terp,8520,0751,Aarhus,1082,"Region Midtjylland"
"Kasted, 8200 Aarhus N",Kasted,8200,0751,Aarhus,1082,"Region Midtjylland"
"Kasted, 8381 Tilst",Kasted,8381,0751,Aarhus,1082,"Region Midtjylland"
"Ask Mark, 8355 Solbjerg","Ask Mark",8355,0751,Aarhus,1082,"Region Midtjylland"
"Holmstrup, 8210 Aarhus V",Holmstrup,8210,0751,Aarhus,1082,"Region Midtjylland"
"Holmstrup, 8220 Brabrand",Holmstrup,8220,0751,Aarhus,1082,"Region Midtjylland"
"Bystrup, 9631 Gedsted",Bystrup,9631,0791,Viborg,1082,"Region Midtjylland"
"Ll Restrup, 9620 Aalestrup","Ll Restrup",9620,0791,Viborg,1082,"Region Midtjylland"
"Nortvig, 8765 Klovborg",Nortvig,8765,0615,Horsens,1082,"Region Midtjylland"
"Nortvig, 8766 Nørre Snede",Nortvig,8766,0756,Ikast-Brande,1082,"Region Midtjylland"
"Donnerup, 7160 Tørring",Donnerup,7160,0630,Vejle,1083,"Region Syddanmark"
"Stavtrup, 8260 Viby J",Stavtrup,8260,0751,Aarhus,1082,"Region Midtjylland"
"Risgårde, 9640 Farsø",Risgårde,9640,0820,Vesthimmerlands,1081,"Region Nordjylland"
"Hygild, 7361 Ejstrupholm",Hygild,7361,0630,Vejle,1083,"Region Syddanmark"
"Hornum Bro, 9640 Farsø","Hornum Bro",9640,0820,Vesthimmerlands,1081,"Region Nordjylland"
"Hvam, 9620 Aalestrup",Hvam,9620,0791,Viborg,1082,"Region Midtjylland"
"Skibby, 8462 Harlev J",Skibby,8462,0751,Aarhus,1082,"Region Midtjylland"
"Løgten, 8541 Skødstrup",Løgten,8541,0751,Aarhus,1082,"Region Midtjylland"
"Løgten, 8543 Hornslet",Løgten,8543,0706,Syddjurs,1082,"Region Midtjylland"
"Hemdrup, 9670 Løgstør",Hemdrup,9670,0820,Vesthimmerlands,1081,"Region Nordjylland"
"Tilst, 8200 Aarhus N",Tilst,8200,0751,Aarhus,1082,"Region Midtjylland"
"Kattrup, 8361 Hasselager",Kattrup,8361,0751,Aarhus,1082,"Region Midtjylland"
"Tandrup, 9640 Farsø",Tandrup,9640,0820,Vesthimmerlands,1081,"Region Nordjylland"
"Bonderup, 9640 Farsø",Bonderup,9640,0820,Vesthimmerlands,1081,"Region Nordjylland"
"Aale, 7160 Tørring",Aale,7160,0630,Vejle,1083,"Region Syddanmark"
"Borup, 9240 Nibe",Borup,9240,0820,Vesthimmerlands,1081,"Region Nordjylland"
"Guldager, 9620 Aalestrup",Guldager,9620,0791,Viborg,1082,"Region Midtjylland"
"Lolholm, 9240 Nibe",Lolholm,9240,0820,Vesthimmerlands,1081,"Region Nordjylland"
"Hvalpsund, 9640 Farsø",Hvalpsund,9640,0820,Vesthimmerlands,1081,"Region Nordjylland"
"Stenkelstrup, 4140 Borup",Stenkelstrup,4140,0259,Køge,1085,"Region Sjælland"
"Stenkelstrup, 4623 Lille Skensved",Stenkelstrup,4623,0259,Køge,1085,"Region Sjælland"
"Tersløse, 4293 Dianalund",Tersløse,4293,0326,Kalundborg,1085,"Region Sjælland"
"Bjæverskov, 4632 Bjæverskov",Bjæverskov,4632,0259,Køge,1085,"Region Sjælland"
"Tandrup, 9600 Aars",Tandrup,9600,0820,Vesthimmerlands,1081,"Region Nordjylland"
"Østerbølle, 9620 Aalestrup",Østerbølle,9620,0791,Viborg,1082,"Region Midtjylland"
"Alkestrup, 4682 Tureby",Alkestrup,4682,0259,Køge,1085,"Region Sjælland"
"Bøgede, 4100 Ringsted",Bøgede,4100,0259,Køge,1085,"Region Sjælland"
"Mejlstrup, 9600 Aars",Mejlstrup,9600,0820,Vesthimmerlands,1081,"Region Nordjylland"
"Tygestrup, 4180 Sorø",Tygestrup,4180,0329,Ringsted,1085,"Region Sjælland"
"Studstrup, 8541 Skødstrup",Studstrup,8541,0751,Aarhus,1082,"Region Midtjylland"
"Nørre Havbro, 9600 Aars","Nørre Havbro",9600,0820,Vesthimmerlands,1081,"Region Nordjylland"
"Lerkenfeld, 9600 Aars",Lerkenfeld,9600,0820,Vesthimmerlands,1081,"Region Nordjylland"
"Lerkenfeld, 9620 Aalestrup",Lerkenfeld,9620,0791,Viborg,1082,"Region Midtjylland"
"Lerkenfeld, 9640 Farsø",Lerkenfeld,9640,0820,Vesthimmerlands,1081,"Region Nordjylland"
"Eveldrup, 9620 Aalestrup",Eveldrup,9620,0791,Viborg,1082,"Region Midtjylland"
"Stenmagle, 4295 Stenlille",Stenmagle,4295,0316,Holbæk,1085,"Region Sjælland"
"Stenmagle, 4296 Nyrup",Stenmagle,4296,0316,Holbæk,1085,"Region Sjælland"
"Kallerup, 7790 Thyholm",Kallerup,7790,0671,Struer,1082,"Region Midtjylland"
"Hjelmholt, 4913 Horslunde",Hjelmholt,4913,0360,Lolland,1085,"Region Sjælland"
"Hjelmholt, 4943 Torrig L",Hjelmholt,4943,0360,Lolland,1085,"Region Sjælland"
"Købelev Skov, 4900 Nakskov","Købelev Skov",4900,0360,Lolland,1085,"Region Sjælland"
"Kærstrup, 4960 Holeby",Kærstrup,4960,0360,Lolland,1085,"Region Sjælland"
"Rohden, 7140 Stouby",Rohden,7140,0766,Hedensted,1082,"Region Midtjylland"
"Koutrup, 7160 Tørring",Koutrup,7160,0630,Vejle,1083,"Region Syddanmark"
"Rødbyhavn, 4970 Rødby",Rødbyhavn,4970,0360,Lolland,1085,"Region Sjælland"
"Jestrup, 7790 Thyholm",Jestrup,7790,0671,Struer,1082,"Region Midtjylland"
"Grejs Øst, 7100 Vejle","Grejs Øst",7100,0630,Vejle,1083,"Region Syddanmark"
"Sunddraget, 7790 Thyholm",Sunddraget,7790,0671,Struer,1082,"Region Midtjylland"
"Ydø, 4900 Nakskov",Ydø,4900,0360,Lolland,1085,"Region Sjælland"
"Stubberup, 8723 Løsning",Stubberup,8723,0766,Hedensted,1082,"Region Midtjylland"
"Bjerrelide, 8783 Hornsyld",Bjerrelide,8783,0615,Horsens,1082,"Region Midtjylland"
"Resen, 7600 Struer",Resen,7600,0661,Holstebro,1082,"Region Midtjylland"
"Lungholm, 4970 Rødby",Lungholm,4970,0360,Lolland,1085,"Region Sjælland"
"Tirsted, 4970 Rødby",Tirsted,4970,0360,Lolland,1085,"Region Sjælland"
"Barrit, 7150 Barrit",Barrit,7150,0766,Hedensted,1082,"Region Midtjylland"
"Brund-Sejet, 7130 Juelsminde",Brund-Sejet,7130,0766,Hedensted,1082,"Region Midtjylland"
"Gl Sole, 8722 Hedensted","Gl Sole",8722,0766,Hedensted,1082,"Region Midtjylland"
"Lyderslev, 4660 Store Heddinge",Lyderslev,4660,0336,Stevns,1085,"Region Sjælland"
"Brå, 8781 Stenderup",Brå,8781,0615,Horsens,1082,"Region Midtjylland"
"Brå, 8783 Hornsyld",Brå,8783,0615,Horsens,1082,"Region Midtjylland"
"Nyby, 4652 Hårlev",Nyby,4652,0320,Faxe,1085,"Region Sjælland"
"Nyby, 4653 Karise",Nyby,4653,0320,Faxe,1085,"Region Sjælland"
"Stolpehuse, 4652 Hårlev",Stolpehuse,4652,0320,Faxe,1085,"Region Sjælland"
"Nebel, 7130 Juelsminde",Nebel,7130,0766,Hedensted,1082,"Region Midtjylland"
"Flovlev, 7790 Thyholm",Flovlev,7790,0671,Struer,1082,"Region Midtjylland"
"Breth, 7150 Barrit",Breth,7150,0766,Hedensted,1082,"Region Midtjylland"
"Langskov, 7160 Tørring",Langskov,7160,0630,Vejle,1083,"Region Syddanmark"
"Gramrode, 7130 Juelsminde",Gramrode,7130,0766,Hedensted,1082,"Region Midtjylland"
"Skrodsbjerg, 4682 Tureby",Skrodsbjerg,4682,0259,Køge,1085,"Region Sjælland"
"Sigerslev, 4660 Store Heddinge",Sigerslev,4660,0336,Stevns,1085,"Region Sjælland"
"Aggerup, 4652 Hårlev",Aggerup,4652,0320,Faxe,1085,"Region Sjælland"
"Svinsbjerg, 4913 Horslunde",Svinsbjerg,4913,0360,Lolland,1085,"Region Sjælland"
"Ny Sebberup, 8723 Løsning","Ny Sebberup",8723,0766,Hedensted,1082,"Region Midtjylland"
"Torup, 8722 Hedensted",Torup,8722,0766,Hedensted,1082,"Region Midtjylland"
"Honum, 8762 Flemming",Honum,8762,0615,Horsens,1082,"Region Midtjylland"
"Honum, 8763 Rask Mølle",Honum,8763,0766,Hedensted,1082,"Region Midtjylland"
"Strøby Egede, 4600 Køge","Strøby Egede",4600,0259,Køge,1085,"Region Sjælland"
"Kragelund Mk, 8723 Løsning","Kragelund Mk",8723,0766,Hedensted,1082,"Region Midtjylland"
"Krollerup, 8723 Løsning",Krollerup,8723,0766,Hedensted,1082,"Region Midtjylland"
"Hostrup, 7140 Stouby",Hostrup,7140,0766,Hedensted,1082,"Region Midtjylland"
"Stødby, 4983 Dannemare",Stødby,4983,0360,Lolland,1085,"Region Sjælland"
"Thise Torp, 7870 Roslev","Thise Torp",7870,0779,Skive,1082,"Region Midtjylland"
"Søndergårde, 9500 Hobro",Søndergårde,9500,0791,Viborg,1082,"Region Midtjylland"
"Kongstrup, 4592 Sejerø",Kongstrup,4592,0326,Kalundborg,1085,"Region Sjælland"
"Ny Krogstrup, 4050 Skibby","Ny Krogstrup",4050,0250,Frederikssund,1084,"Region Hovedstaden"
"Slotshegnet, 3630 Jægerspris",Slotshegnet,3630,0250,Frederikssund,1084,"Region Hovedstaden"
"Nr Andrup, 7860 Spøttrup","Nr Andrup",7860,0779,Skive,1082,"Region Midtjylland"
"Vester, 4592 Sejerø",Vester,4592,0326,Kalundborg,1085,"Region Sjælland"
"Vinge, 3600 Frederikssund",Vinge,3600,0219,Hillerød,1084,"Region Hovedstaden"
"Als, 9560 Hadsund",Als,9560,0840,Rebild,1081,"Region Nordjylland"
"Skovbo, 9500 Hobro",Skovbo,9500,0791,Viborg,1082,"Region Midtjylland"
"Reersø By, 4281 Gørlev","Reersø By",4281,0326,Kalundborg,1085,"Region Sjælland"
"Bjerge Os, 4480 Store Fuglede","Bjerge Os",4480,0326,Kalundborg,1085,"Region Sjælland"
"Hagerup, 3550 Slangerup",Hagerup,3550,0201,Allerød,1084,"Region Hovedstaden"
"Færgelunden, 3630 Jægerspris",Færgelunden,3630,0250,Frederikssund,1084,"Region Hovedstaden"
"Nissum, 7870 Roslev",Nissum,7870,0779,Skive,1082,"Region Midtjylland"
"Sundhøj, 7870 Roslev",Sundhøj,7870,0779,Skive,1082,"Region Midtjylland"
"Tisted, 9510 Arden",Tisted,9510,0840,Rebild,1081,"Region Nordjylland"
"Hannerup, 9500 Hobro",Hannerup,9500,0791,Viborg,1082,"Region Midtjylland"
"True, 9500 Hobro",True,9500,0791,Viborg,1082,"Region Midtjylland"
"Reersø Str, 4281 Gørlev","Reersø Str",4281,0326,Kalundborg,1085,"Region Sjælland"
"Lindholm, 3550 Slangerup",Lindholm,3550,0201,Allerød,1084,"Region Hovedstaden"
"Rold, 9510 Arden",Rold,9510,0840,Rebild,1081,"Region Nordjylland"
"Handest, 8990 Fårup",Handest,8990,0730,Randers,1082,"Region Midtjylland"
"Øster Hurup, 9560 Hadsund","Øster Hurup",9560,0840,Rebild,1081,"Region Nordjylland"
"Vinde Helsinge, 4281 Gørlev","Vinde Helsinge",4281,0326,Kalundborg,1085,"Region Sjælland"
"Bysted, 7870 Roslev",Bysted,7870,0779,Skive,1082,"Region Midtjylland"
"Ilbjerg, 7870 Roslev",Ilbjerg,7870,0779,Skive,1082,"Region Midtjylland"
"Torpegavn, 4270 Høng",Torpegavn,4270,0326,Kalundborg,1085,"Region Sjælland"
"Bjerge, 4281 Gørlev",Bjerge,4281,0326,Kalundborg,1085,"Region Sjælland"
"Bjerge, 4400 Kalundborg",Bjerge,4400,0326,Kalundborg,1085,"Region Sjælland"
"Bjerge, 4480 Store Fuglede",Bjerge,4480,0326,Kalundborg,1085,"Region Sjælland"
"Lundbro, 7800 Skive",Lundbro,7800,0661,Holstebro,1082,"Region Midtjylland"
"Bjergsted, 4450 Jyderup",Bjergsted,4450,0316,Holbæk,1085,"Region Sjælland"
"Bjergsted, 4470 Svebølle",Bjergsted,4470,0316,Holbæk,1085,"Region Sjælland"
"Kaldred, 4593 Eskebjerg",Kaldred,4593,0326,Kalundborg,1085,"Region Sjælland"
"Flinterup, 4480 Store Fuglede",Flinterup,4480,0326,Kalundborg,1085,"Region Sjælland"
"Ørslevkloster Mark, 7840 Højslev","Ørslevkloster Mark",7840,0779,Skive,1082,"Region Midtjylland"
"Ø. Breum, 7870 Roslev","Ø. Breum",7870,0779,Skive,1082,"Region Midtjylland"
"Lunden, 4270 Høng",Lunden,4270,0326,Kalundborg,1085,"Region Sjælland"
"Breum, 7870 Roslev",Breum,7870,0779,Skive,1082,"Region Midtjylland"
"Lundhedemark, 7800 Skive",Lundhedemark,7800,0661,Holstebro,1082,"Region Midtjylland"
"Finderup, 4270 Høng",Finderup,4270,0326,Kalundborg,1085,"Region Sjælland"
"Otting, 7860 Spøttrup",Otting,7860,0779,Skive,1082,"Region Midtjylland"
"Enghaven, 4593 Eskebjerg",Enghaven,4593,0326,Kalundborg,1085,"Region Sjælland"
"Orevad, 4291 Ruds Vedby",Orevad,4291,0326,Kalundborg,1085,"Region Sjælland"
"Kr Hels Str, 4281 Gørlev","Kr Hels Str",4281,0326,Kalundborg,1085,"Region Sjælland"
"Rettrup, 7860 Spøttrup",Rettrup,7860,0779,Skive,1082,"Region Midtjylland"
"Intrup, 7800 Skive",Intrup,7800,0661,Holstebro,1082,"Region Midtjylland"
"Uglerup, 4450 Jyderup",Uglerup,4450,0316,Holbæk,1085,"Region Sjælland"
"Hesselbjerg, 7800 Skive",Hesselbjerg,7800,0661,Holstebro,1082,"Region Midtjylland"
"Glynge, 7870 Roslev",Glynge,7870,0779,Skive,1082,"Region Midtjylland"
"Strandholt, 9500 Hobro",Strandholt,9500,0791,Viborg,1082,"Region Midtjylland"
"Ørum, 7840 Højslev",Ørum,7840,0779,Skive,1082,"Region Midtjylland"
"Hinnerup, 7870 Roslev",Hinnerup,7870,0779,Skive,1082,"Region Midtjylland"
"Langemark, 4450 Jyderup",Langemark,4450,0316,Holbæk,1085,"Region Sjælland"
"Sundbylille, 3600 Frederikssund",Sundbylille,3600,0219,Hillerød,1084,"Region Hovedstaden"
"Neder Draaby Mark, 3630 Jægerspris","Neder Draaby Mark",3630,0250,Frederikssund,1084,"Region Hovedstaden"
"Skive By, 7800 Skive","Skive By",7800,0661,Holstebro,1082,"Region Midtjylland"
"Ærtebjerg, 4450 Jyderup",Ærtebjerg,4450,0316,Holbæk,1085,"Region Sjælland"
"Jordhøj, 3550 Slangerup",Jordhøj,3550,0201,Allerød,1084,"Region Hovedstaden"
"Madsbad, 7884 Fur",Madsbad,7884,0779,Skive,1082,"Region Midtjylland"
"Nr Onsild, 9500 Hobro","Nr Onsild",9500,0791,Viborg,1082,"Region Midtjylland"
"Gammelby, 7323 Give",Gammelby,7323,0630,Vejle,1083,"Region Syddanmark"
"Skærup Skov, 7100 Vejle","Skærup Skov",7100,0630,Vejle,1083,"Region Syddanmark"
"Uhe, 7323 Give",Uhe,7323,0630,Vejle,1083,"Region Syddanmark"
"Båstlund, 7190 Billund",Båstlund,7190,0530,Billund,1083,"Region Syddanmark"
"Ullerup, 7323 Give",Ullerup,7323,0630,Vejle,1083,"Region Syddanmark"
"Baunsgård, 7323 Give",Baunsgård,7323,0630,Vejle,1083,"Region Syddanmark"
"Lerbæk, 7100 Vejle",Lerbæk,7100,0630,Vejle,1083,"Region Syddanmark"
"Kidde, 7300 Jelling",Kidde,7300,0630,Vejle,1083,"Region Syddanmark"
"Gårslev Vmk, 7080 Børkop","Gårslev Vmk",7080,0630,Vejle,1083,"Region Syddanmark"
"Stubberup, 9500 Hobro",Stubberup,9500,0791,Viborg,1082,"Region Midtjylland"
"Barsbøl, 9560 Hadsund",Barsbøl,9560,0840,Rebild,1081,"Region Nordjylland"
"Kollemorten, 7323 Give",Kollemorten,7323,0630,Vejle,1083,"Region Syddanmark"
"Sandvad, 7300 Jelling",Sandvad,7300,0630,Vejle,1083,"Region Syddanmark"
"V. Linderup, 9700 Brønderslev","V. Linderup",9700,0810,Brønderslev,1081,"Region Nordjylland"
"Limskov, 7183 Randbøl",Limskov,7183,0630,Vejle,1083,"Region Syddanmark"
"Vork, 6040 Egtved",Vork,6040,0621,Kolding,1083,"Region Syddanmark"
"Vork, 7100 Vejle",Vork,7100,0630,Vejle,1083,"Region Syddanmark"
"Lundbjerg, 7080 Børkop",Lundbjerg,7080,0630,Vejle,1083,"Region Syddanmark"
"Ådal, 7300 Jelling",Ådal,7300,0630,Vejle,1083,"Region Syddanmark"
"Bølling, 6040 Egtved",Bølling,6040,0621,Kolding,1083,"Region Syddanmark"
"Skjellerup, 9500 Hobro",Skjellerup,9500,0791,Viborg,1082,"Region Midtjylland"
"Farre, 7323 Give",Farre,7323,0630,Vejle,1083,"Region Syddanmark"
"Andkær Skov, 7080 Børkop","Andkær Skov",7080,0630,Vejle,1083,"Region Syddanmark"
"Hjelmdrup, 6040 Egtved",Hjelmdrup,6040,0621,Kolding,1083,"Region Syddanmark"
"Vorslunde, 7323 Give",Vorslunde,7323,0630,Vejle,1083,"Region Syddanmark"
"Vorslunde, 7330 Brande",Vorslunde,7330,0630,Vejle,1083,"Region Syddanmark"
"Tiufkær, 6052 Viuf",Tiufkær,6052,0621,Kolding,1083,"Region Syddanmark"
"Tiufkær, 7000 Fredericia",Tiufkær,7000,0607,Fredericia,1083,"Region Syddanmark"
"Tiufkær, 7100 Vejle",Tiufkær,7100,0630,Vejle,1083,"Region Syddanmark"
"Husby, 7100 Vejle",Husby,7100,0630,Vejle,1083,"Region Syddanmark"
"Tøsby, 7300 Jelling",Tøsby,7300,0630,Vejle,1083,"Region Syddanmark"
"Tøsby, 7321 Gadbjerg",Tøsby,7321,0630,Vejle,1083,"Region Syddanmark"
"Nørskov, 8765 Klovborg",Nørskov,8765,0615,Horsens,1082,"Region Midtjylland"
"Paradiset, 5970 Ærøskøbing",Paradiset,5970,0492,Ærø,1083,"Region Syddanmark"
"Ndr Donnerup, 7323 Give","Ndr Donnerup",7323,0630,Vejle,1083,"Region Syddanmark"
"Rostrup, 7321 Gadbjerg",Rostrup,7321,0630,Vejle,1083,"Region Syddanmark"
"Tinnet, 7160 Tørring",Tinnet,7160,0630,Vejle,1083,"Region Syddanmark"
"Tinnet, 7173 Vonge",Tinnet,7173,0630,Vejle,1083,"Region Syddanmark"
"Tjørnebjerg, 2750 Ballerup",Tjørnebjerg,2750,0151,Ballerup,1084,"Region Hovedstaden"
"Of Ågerup, 2750 Ballerup","Of Ågerup",2750,0151,Ballerup,1084,"Region Hovedstaden"
"Gammelby, 7182 Bredsten",Gammelby,7182,0630,Vejle,1083,"Region Syddanmark"
"Gammelby, 7300 Jelling",Gammelby,7300,0630,Vejle,1083,"Region Syddanmark"
"Fuglsang, 7323 Give",Fuglsang,7323,0630,Vejle,1083,"Region Syddanmark"
"Borlev, 6040 Egtved",Borlev,6040,0621,Kolding,1083,"Region Syddanmark"
"Fløjstrup, 7100 Vejle",Fløjstrup,7100,0630,Vejle,1083,"Region Syddanmark"
"Fløjstrup, 7300 Jelling",Fløjstrup,7300,0630,Vejle,1083,"Region Syddanmark"
"Højgård, 7323 Give",Højgård,7323,0630,Vejle,1083,"Region Syddanmark"
"Birkebæk, 7321 Gadbjerg",Birkebæk,7321,0630,Vejle,1083,"Region Syddanmark"
"Mølgård, 7173 Vonge",Mølgård,7173,0630,Vejle,1083,"Region Syddanmark"
"Haugstrup, 7173 Vonge",Haugstrup,7173,0630,Vejle,1083,"Region Syddanmark"
"Mølgårde, 9500 Hobro",Mølgårde,9500,0791,Viborg,1082,"Region Midtjylland"
"Hygumskov, 6630 Rødding",Hygumskov,6630,0510,Haderslev,1083,"Region Syddanmark"
"Have Borup, 4360 Kirke Eskilstrup","Have Borup",4360,0316,Holbæk,1085,"Region Sjælland"
"Have Borup, 4370 Store Merløse","Have Borup",4370,0316,Holbæk,1085,"Region Sjælland"
"Nr. Vallenderød, 4340 Tølløse","Nr. Vallenderød",4340,0316,Holbæk,1085,"Region Sjælland"
"Ørsnæsgårde, 9240 Nibe",Ørsnæsgårde,9240,0820,Vesthimmerlands,1081,"Region Nordjylland"
"Egense, 9280 Storvorde",Egense,9280,0851,Aalborg,1081,"Region Nordjylland"
"Bislev, 9240 Nibe",Bislev,9240,0820,Vesthimmerlands,1081,"Region Nordjylland"
"Okslund, 6650 Brørup",Okslund,6650,0575,Vejen,1083,"Region Syddanmark"
"Okslund, 6682 Hovborg",Okslund,6682,0530,Billund,1083,"Region Syddanmark"
"Bække, 6622 Bække",Bække,6622,0575,Vejen,1083,"Region Syddanmark"
"Harreby, 6630 Rødding",Harreby,6630,0510,Haderslev,1083,"Region Syddanmark"
"Hf. Granløseparken, 4300 Holbæk","Hf. Granløseparken",4300,0316,Holbæk,1085,"Region Sjælland"
"Mojbøl, 6630 Rødding",Mojbøl,6630,0510,Haderslev,1083,"Region Syddanmark"
"Godthåb, 4450 Jyderup",Godthåb,4450,0316,Holbæk,1085,"Region Sjælland"
"Godthåb, 4460 Snertinge",Godthåb,4460,0316,Holbæk,1085,"Region Sjælland"
"Holtet, 9362 Gandrup",Holtet,9362,0851,Aalborg,1081,"Region Nordjylland"
"Holtet, 9370 Hals",Holtet,9370,0810,Brønderslev,1081,"Region Nordjylland"
"Mejlby, 6660 Lintrup",Mejlby,6660,0575,Vejen,1083,"Region Syddanmark"
"Gl Bisnap, 9370 Hals","Gl Bisnap",9370,0810,Brønderslev,1081,"Region Nordjylland"
"Grønnebæk, 6630 Rødding",Grønnebæk,6630,0510,Haderslev,1083,"Region Syddanmark"
"Skudstr Mark, 6630 Rødding","Skudstr Mark",6630,0510,Haderslev,1083,"Region Syddanmark"
"Sønderbøl, 6840 Oksbøl",Sønderbøl,6840,0573,Varde,1083,"Region Syddanmark"
"Abildhede, 6800 Varde",Abildhede,6800,0573,Varde,1083,"Region Syddanmark"
"Sdr Lourup, 6670 Holsted","Sdr Lourup",6670,0561,Esbjerg,1083,"Region Syddanmark"
"Sdr Lourup, 6690 Gørding","Sdr Lourup",6690,0561,Esbjerg,1083,"Region Syddanmark"
"Krastrup, 9240 Nibe",Krastrup,9240,0820,Vesthimmerlands,1081,"Region Nordjylland"
"Holløse, 4300 Holbæk",Holløse,4300,0316,Holbæk,1085,"Region Sjælland"
"Nielsby, 6660 Lintrup",Nielsby,6660,0575,Vejen,1083,"Region Syddanmark"
"Nielsby, 6683 Føvling",Nielsby,6683,0561,Esbjerg,1083,"Region Syddanmark"
"Elverdammen, 4340 Tølløse",Elverdammen,4340,0316,Holbæk,1085,"Region Sjælland"
"Rolighed, 6670 Holsted",Rolighed,6670,0561,Esbjerg,1083,"Region Syddanmark"
"Gjerndrup, 6650 Brørup",Gjerndrup,6650,0575,Vejen,1083,"Region Syddanmark"
"Østrup, 4350 Ugerløse",Østrup,4350,0316,Holbæk,1085,"Region Sjælland"
"Tvile, 6670 Holsted",Tvile,6670,0561,Esbjerg,1083,"Region Syddanmark"
"Tvile, 6752 Glejbjerg",Tvile,6752,0575,Vejen,1083,"Region Syddanmark"
"Bognæs, 4300 Holbæk",Bognæs,4300,0316,Holbæk,1085,"Region Sjælland"
"Hyldelund, 6650 Brørup",Hyldelund,6650,0575,Vejen,1083,"Region Syddanmark"
"Jelsskov, 6630 Rødding",Jelsskov,6630,0510,Haderslev,1083,"Region Syddanmark"
"Holleskov, 6683 Føvling",Holleskov,6683,0561,Esbjerg,1083,"Region Syddanmark"
"Lintrup, 6670 Holsted",Lintrup,6670,0561,Esbjerg,1083,"Region Syddanmark"
"Stokkebjerg, 4450 Jyderup",Stokkebjerg,4450,0316,Holbæk,1085,"Region Sjælland"
"Lillevang, 4340 Tølløse",Lillevang,4340,0316,Holbæk,1085,"Region Sjælland"
"Skov Vallenderød, 4340 Tølløse","Skov Vallenderød",4340,0316,Holbæk,1085,"Region Sjælland"
"Nr. Eskilstrup, 4340 Tølløse","Nr. Eskilstrup",4340,0316,Holbæk,1085,"Region Sjælland"
"Kisserup, 4300 Holbæk",Kisserup,4300,0316,Holbæk,1085,"Region Sjælland"
"Bækbølling, 6670 Holsted",Bækbølling,6670,0561,Esbjerg,1083,"Region Syddanmark"
"Bækbølling, 6683 Føvling",Bækbølling,6683,0561,Esbjerg,1083,"Region Syddanmark"
"Læborg, 6600 Vejen",Læborg,6600,0575,Vejen,1083,"Region Syddanmark"
"Fledskov, 4340 Tølløse",Fledskov,4340,0316,Holbæk,1085,"Region Sjælland"
"Ubberup, 4350 Ugerløse",Ubberup,4350,0316,Holbæk,1085,"Region Sjælland"
"Rostrup, 9240 Nibe",Rostrup,9240,0820,Vesthimmerlands,1081,"Region Nordjylland"
"Sebbersund, 9240 Nibe",Sebbersund,9240,0820,Vesthimmerlands,1081,"Region Nordjylland"
"Terp, 6630 Rødding",Terp,6630,0510,Haderslev,1083,"Region Syddanmark"
"Katrinebjerg, 4440 Mørkøv",Katrinebjerg,4440,0316,Holbæk,1085,"Region Sjælland"
"Bukkerup, 4340 Tølløse",Bukkerup,4340,0316,Holbæk,1085,"Region Sjælland"
"Bukkerup, 4360 Kirke Eskilstrup",Bukkerup,4360,0316,Holbæk,1085,"Region Sjælland"
"Kongelunden, 9370 Hals",Kongelunden,9370,0810,Brønderslev,1081,"Region Nordjylland"
"Helsned, 5932 Humble",Helsned,5932,0482,Langeland,1083,"Region Syddanmark"
"Hjerk, 7860 Spøttrup",Hjerk,7860,0779,Skive,1082,"Region Midtjylland"
"Hjerk, 7870 Roslev",Hjerk,7870,0779,Skive,1082,"Region Midtjylland"
"Trekroner, 7950 Erslev",Trekroner,7950,0773,Morsø,1081,"Region Nordjylland"
"Vodstrup, 7900 Nykøbing M",Vodstrup,7900,0773,Morsø,1081,"Region Nordjylland"
"Sædballe, 5932 Humble",Sædballe,5932,0482,Langeland,1083,"Region Syddanmark"
"Steensgård, 5953 Tranekær",Steensgård,5953,0482,Langeland,1083,"Region Syddanmark"
"Søndergårde, 7884 Fur",Søndergårde,7884,0779,Skive,1082,"Region Midtjylland"
"Skamstrup, 4440 Mørkøv",Skamstrup,4440,0316,Holbæk,1085,"Region Sjælland"
"Sørninge, 4440 Mørkøv",Sørninge,4440,0316,Holbæk,1085,"Region Sjælland"
"Aggersvold, 4450 Jyderup",Aggersvold,4450,0316,Holbæk,1085,"Region Sjælland"
"Ovtrup, 7900 Nykøbing M",Ovtrup,7900,0773,Morsø,1081,"Region Nordjylland"
"Ovtrup, 7960 Karby",Ovtrup,7960,0773,Morsø,1081,"Region Nordjylland"
"Ovtrup, 7970 Redsted M",Ovtrup,7970,0773,Morsø,1081,"Region Nordjylland"
"Kædeby, 5932 Humble",Kædeby,5932,0482,Langeland,1083,"Region Syddanmark"
"Skattebølle, 5953 Tranekær",Skattebølle,5953,0482,Langeland,1083,"Region Syddanmark"
"Kærgårdsholm, 7860 Spøttrup",Kærgårdsholm,7860,0779,Skive,1082,"Region Midtjylland"
"Kragholm, 5900 Rudkøbing",Kragholm,5900,0482,Langeland,1083,"Region Syddanmark"
"Mølle-Borup, 4370 Store Merløse",Mølle-Borup,4370,0316,Holbæk,1085,"Region Sjælland"
"Soderup Vest, 4340 Tølløse","Soderup Vest",4340,0316,Holbæk,1085,"Region Sjælland"
"Skimmede, 4340 Tølløse",Skimmede,4340,0316,Holbæk,1085,"Region Sjælland"
"Krejbjerg, 7860 Spøttrup",Krejbjerg,7860,0779,Skive,1082,"Region Midtjylland"
"Svenstrup, 7840 Højslev",Svenstrup,7840,0779,Skive,1082,"Region Midtjylland"
"Lundø, 7840 Højslev",Lundø,7840,0779,Skive,1082,"Region Midtjylland"
"Ljørslev, 7900 Nykøbing M",Ljørslev,7900,0773,Morsø,1081,"Region Nordjylland"
"Ljørslev, 7980 Vils",Ljørslev,7980,0773,Morsø,1081,"Region Nordjylland"
"Ljørslev, 7990 Øster Assels",Ljørslev,7990,0773,Morsø,1081,"Region Nordjylland"
"Hesselbjerg, 7900 Nykøbing M",Hesselbjerg,7900,0773,Morsø,1081,"Region Nordjylland"
"Hennetved, 5900 Rudkøbing",Hennetved,5900,0482,Langeland,1083,"Region Syddanmark"
"Søvang, 7840 Højslev",Søvang,7840,0779,Skive,1082,"Region Midtjylland"
"Nederby, 7884 Fur",Nederby,7884,0779,Skive,1082,"Region Midtjylland"
"Bærs, 7800 Skive",Bærs,7800,0661,Holstebro,1082,"Region Midtjylland"
"Stoense Mark, 5953 Tranekær","Stoense Mark",5953,0482,Langeland,1083,"Region Syddanmark"
"Barager, 5900 Rudkøbing",Barager,5900,0482,Langeland,1083,"Region Syddanmark"
"Statene, 5900 Rudkøbing",Statene,5900,0482,Langeland,1083,"Region Syddanmark"
"Snævringen, 7800 Skive",Snævringen,7800,0661,Holstebro,1082,"Region Midtjylland"
"Emb, 7970 Redsted M",Emb,7970,0773,Morsø,1081,"Region Nordjylland"
"Emb, 7990 Øster Assels",Emb,7990,0773,Morsø,1081,"Region Nordjylland"
"Eskjær, 7870 Roslev",Eskjær,7870,0779,Skive,1082,"Region Midtjylland"
"Hostrup, 7860 Spøttrup",Hostrup,7860,0779,Skive,1082,"Region Midtjylland"
"Tøving, 7900 Nykøbing M",Tøving,7900,0773,Morsø,1081,"Region Nordjylland"
"Tøving, 7950 Erslev",Tøving,7950,0773,Morsø,1081,"Region Nordjylland"
"Pæregård, 5953 Tranekær",Pæregård,5953,0482,Langeland,1083,"Region Syddanmark"
"Rimsø Kær, 8500 Grenaa","Rimsø Kær",8500,0707,Norddjurs,1082,"Region Midtjylland"
"Kolonihaveforening Skovly, 8500 Grenaa","Kolonihaveforening Skovly",8500,0707,Norddjurs,1082,"Region Midtjylland"
"Tengslemark Lyng, 4573 Højby","Tengslemark Lyng",4573,0306,Odsherred,1085,"Region Sjælland"
"Sanddobberne, 4534 Hørve",Sanddobberne,4534,0306,Odsherred,1085,"Region Sjælland"
"Hesselager, 8500 Grenaa",Hesselager,8500,0707,Norddjurs,1082,"Region Midtjylland"
"Grund Mk, 8961 Allingåbro","Grund Mk",8961,0707,Norddjurs,1082,"Region Midtjylland"
"Bråde Overdr, 4500 Nykøbing Sj","Bråde Overdr",4500,0306,Odsherred,1085,"Region Sjælland"
"Nørager, 8961 Allingåbro",Nørager,8961,0707,Norddjurs,1082,"Region Midtjylland"
"Hollandsbjerg, 8950 Ørsted",Hollandsbjerg,8950,0707,Norddjurs,1082,"Region Midtjylland"
"Sidinge Fj, 4560 Vig","Sidinge Fj",4560,0306,Odsherred,1085,"Region Sjælland"
"Glesborg Mk, 8585 Glesborg","Glesborg Mk",8585,0707,Norddjurs,1082,"Region Midtjylland"
"Grenaa Strand, 8500 Grenaa","Grenaa Strand",8500,0707,Norddjurs,1082,"Region Midtjylland"
"Gjesing, 8963 Auning",Gjesing,8963,0706,Syddjurs,1082,"Region Midtjylland"
"Ramten Mark, 8586 Ørum Djurs","Ramten Mark",8586,0707,Norddjurs,1082,"Region Midtjylland"
"Gl Hørve, 4534 Hørve","Gl Hørve",4534,0306,Odsherred,1085,"Region Sjælland"
"Homå, 8500 Grenaa",Homå,8500,0707,Norddjurs,1082,"Region Midtjylland"
"Ebbeløkke, 4500 Nykøbing Sj",Ebbeløkke,4500,0306,Odsherred,1085,"Region Sjælland"
"Ebbeløkke, 4583 Sjællands Odde",Ebbeløkke,4583,0306,Odsherred,1085,"Region Sjælland"
"Overslemming, 8500 Grenaa",Overslemming,8500,0707,Norddjurs,1082,"Region Midtjylland"
"Udby, 8950 Ørsted",Udby,8950,0707,Norddjurs,1082,"Region Midtjylland"
"Åstofte, 4550 Asnæs",Åstofte,4550,0306,Odsherred,1085,"Region Sjælland"
"Hørve Lmfj, 4534 Hørve","Hørve Lmfj",4534,0306,Odsherred,1085,"Region Sjælland"
"Hverrehus, 8832 Skals",Hverrehus,8832,0791,Viborg,1082,"Region Midtjylland"
"Hverrehus, 9631 Gedsted",Hverrehus,9631,0791,Viborg,1082,"Region Midtjylland"
"Grove, 7470 Karup J",Grove,7470,0657,Herning,1082,"Region Midtjylland"
"Kristiansl, 8950 Ørsted",Kristiansl,8950,0707,Norddjurs,1082,"Region Midtjylland"
"Ørsted Mk, 8950 Ørsted","Ørsted Mk",8950,0707,Norddjurs,1082,"Region Midtjylland"
"Skovgårde Strand, 8961 Allingåbro","Skovgårde Strand",8961,0707,Norddjurs,1082,"Region Midtjylland"
"Kastbjerg Mk, 8500 Grenaa","Kastbjerg Mk",8500,0707,Norddjurs,1082,"Region Midtjylland"
"Kastbjerg Mk, 8585 Glesborg","Kastbjerg Mk",8585,0707,Norddjurs,1082,"Region Midtjylland"
"Haveforening Oasen, 8500 Grenaa","Haveforening Oasen",8500,0707,Norddjurs,1082,"Region Midtjylland"
"Trundholm M, 4572 Nørre Asmindrup","Trundholm M",4572,0306,Odsherred,1085,"Region Sjælland"
"Eskilstrup, 4560 Vig",Eskilstrup,4560,0306,Odsherred,1085,"Region Sjælland"
"Spidsborg, 8961 Allingåbro",Spidsborg,8961,0707,Norddjurs,1082,"Region Midtjylland"
"Ell Mark, 4573 Højby","Ell Mark",4573,0306,Odsherred,1085,"Region Sjælland"
"Jyderup Lyng, 4560 Vig","Jyderup Lyng",4560,0306,Odsherred,1085,"Region Sjælland"
"Brøndstrup, 8500 Grenaa",Brøndstrup,8500,0707,Norddjurs,1082,"Region Midtjylland"
"Hønsinge Huse, 4560 Vig","Hønsinge Huse",4560,0306,Odsherred,1085,"Region Sjælland"
"Ravnsbjerg, 4560 Vig",Ravnsbjerg,4560,0306,Odsherred,1085,"Region Sjælland"
"Hønsinge Nm, 4572 Nørre Asmindrup","Hønsinge Nm",4572,0306,Odsherred,1085,"Region Sjælland"
"Sv Hestehave, 4560 Vig","Sv Hestehave",4560,0306,Odsherred,1085,"Region Sjælland"
"Sv Hestehave, 4572 Nørre Asmindrup","Sv Hestehave",4572,0306,Odsherred,1085,"Region Sjælland"
"Gudmindrup, 4573 Højby",Gudmindrup,4573,0306,Odsherred,1085,"Region Sjælland"
"Søndervang, 4583 Sjællands Odde",Søndervang,4583,0306,Odsherred,1085,"Region Sjælland"
"Kildehusene, 4500 Nykøbing Sj",Kildehusene,4500,0306,Odsherred,1085,"Region Sjælland"
"Fladstrup, 8570 Trustrup",Fladstrup,8570,0706,Syddjurs,1082,"Region Midtjylland"
"Hemmed, 8585 Glesborg",Hemmed,8585,0707,Norddjurs,1082,"Region Midtjylland"
"Tinghulerne, 4573 Højby",Tinghulerne,4573,0306,Odsherred,1085,"Region Sjælland"
"Ålsø, 8500 Grenaa",Ålsø,8500,0707,Norddjurs,1082,"Region Midtjylland"
"Prejlerup, 4571 Grevinge",Prejlerup,4571,0306,Odsherred,1085,"Region Sjælland"
"V/ Jyderup S, 4560 Vig","V/ Jyderup S",4560,0306,Odsherred,1085,"Region Sjælland"
"Nielstr Hede, 8963 Auning","Nielstr Hede",8963,0706,Syddjurs,1082,"Region Midtjylland"
"Hjedding, 6870 Ølgod",Hjedding,6870,0573,Varde,1083,"Region Syddanmark"
"Sdr Plantage, 6800 Varde","Sdr Plantage",6800,0573,Varde,1083,"Region Syddanmark"
"Hulbæk, 8830 Tjele",Hulbæk,8830,0791,Viborg,1082,"Region Midtjylland"
"Højbjerg, 8840 Rødkærsbro",Højbjerg,8840,0740,Silkeborg,1082,"Region Midtjylland"
"Fly, 7800 Skive",Fly,7800,0661,Holstebro,1082,"Region Midtjylland"
"Foulum, 8830 Tjele",Foulum,8830,0791,Viborg,1082,"Region Midtjylland"
"Vejrumbro, 8830 Tjele",Vejrumbro,8830,0791,Viborg,1082,"Region Midtjylland"
"Krarup, 5750 Ringe",Krarup,5750,0430,Faaborg-Midtfyn,1083,"Region Syddanmark"
"Sønderbro, 8850 Bjerringbro",Sønderbro,8850,0710,Favrskov,1082,"Region Midtjylland"
"Mosevrå, 6840 Oksbøl",Mosevrå,6840,0573,Varde,1083,"Region Syddanmark"
"Tapdrup, 8800 Viborg",Tapdrup,8800,0740,Silkeborg,1082,"Region Midtjylland"
"Fåborg, 6818 Årre",Fåborg,6818,0561,Esbjerg,1083,"Region Syddanmark"
"Møgelbjerg, 8800 Viborg",Møgelbjerg,8800,0740,Silkeborg,1082,"Region Midtjylland"
"Holmmark, 9631 Gedsted",Holmmark,9631,0791,Viborg,1082,"Region Midtjylland"
"Sønder Nærå, 5792 Årslev","Sønder Nærå",5792,0430,Faaborg-Midtfyn,1083,"Region Syddanmark"
"Sundstrup, 8832 Skals",Sundstrup,8832,0791,Viborg,1082,"Region Midtjylland"
"Ugelris, 9632 Møldrup",Ugelris,9632,0791,Viborg,1082,"Region Midtjylland"
"Vammen, 8830 Tjele",Vammen,8830,0791,Viborg,1082,"Region Midtjylland"
"Henneby, 6854 Henne",Henneby,6854,0573,Varde,1083,"Region Syddanmark"
"Søvigmark, 6851 Janderup Vestj",Søvigmark,6851,0573,Varde,1083,"Region Syddanmark"
"Lydinge, 5750 Ringe",Lydinge,5750,0430,Faaborg-Midtfyn,1083,"Region Syddanmark"
"Dalene, 8832 Skals",Dalene,8832,0791,Viborg,1082,"Region Midtjylland"
"Vestkær, 6870 Ølgod",Vestkær,6870,0573,Varde,1083,"Region Syddanmark"
"Diernæs, 5600 Faaborg",Diernæs,5600,0430,Faaborg-Midtfyn,1083,"Region Syddanmark"
"Lydinge Gde., 5600 Faaborg","Lydinge Gde.",5600,0430,Faaborg-Midtfyn,1083,"Region Syddanmark"
"Tjele, 8830 Tjele",Tjele,8830,0791,Viborg,1082,"Region Midtjylland"
"Bigum, 8830 Tjele",Bigum,8830,0791,Viborg,1082,"Region Midtjylland"
"Asp, 6800 Varde",Asp,6800,0573,Varde,1083,"Region Syddanmark"
"Nørre Søby, 5792 Årslev","Nørre Søby",5792,0430,Faaborg-Midtfyn,1083,"Region Syddanmark"
"Fallesgårde, 7470 Karup J",Fallesgårde,7470,0657,Herning,1082,"Region Midtjylland"
"Nordenskov, 6800 Varde",Nordenskov,6800,0573,Varde,1083,"Region Syddanmark"
"Fastrup, 8830 Tjele",Fastrup,8830,0791,Viborg,1082,"Region Midtjylland"
"Palleshave, 5750 Ringe",Palleshave,5750,0430,Faaborg-Midtfyn,1083,"Region Syddanmark"
"Hågerup, 5600 Faaborg",Hågerup,5600,0430,Faaborg-Midtfyn,1083,"Region Syddanmark"
"Gestelev, 5750 Ringe",Gestelev,5750,0430,Faaborg-Midtfyn,1083,"Region Syddanmark"
"Rødding, 8830 Tjele",Rødding,8830,0791,Viborg,1082,"Region Midtjylland"
"Feldingbjerg, 7840 Højslev",Feldingbjerg,7840,0779,Skive,1082,"Region Midtjylland"
"Feldingbjerg, 7850 Stoholm Jyll",Feldingbjerg,7850,0791,Viborg,1082,"Region Midtjylland"
"Kirke Syv, 4130 Viby Sjælland","Kirke Syv",4130,0259,Køge,1085,"Region Sjælland"
"Gammel Viby, 4130 Viby Sjælland","Gammel Viby",4130,0259,Køge,1085,"Region Sjælland"
"Havreholm, 3100 Hornbæk",Havreholm,3100,0217,Helsingør,1084,"Region Hovedstaden"
"Turebyholm H, 4682 Tureby","Turebyholm H",4682,0259,Køge,1085,"Region Sjælland"
"Turebyholm H, 4690 Haslev","Turebyholm H",4690,0320,Faxe,1085,"Region Sjælland"
"Terslev, 4690 Haslev",Terslev,4690,0320,Faxe,1085,"Region Sjælland"
"Gammelby, 4653 Karise",Gammelby,4653,0320,Faxe,1085,"Region Sjælland"
"Ulstrup, 4682 Tureby",Ulstrup,4682,0259,Køge,1085,"Region Sjælland"
"Dover, 7760 Hurup Thy",Dover,7760,0671,Struer,1082,"Region Midtjylland"
"Hamborg, 7730 Hanstholm",Hamborg,7730,0787,Thisted,1081,"Region Nordjylland"
"Nørklit, 7741 Frøstrup",Nørklit,7741,0787,Thisted,1081,"Region Nordjylland"
"Hovby, 4640 Faxe",Hovby,4640,0320,Faxe,1085,"Region Sjælland"
"Atterup, 4640 Faxe",Atterup,4640,0320,Faxe,1085,"Region Sjælland"
"Atterup, 4653 Karise",Atterup,4653,0320,Faxe,1085,"Region Sjælland"
"Skuderløse, 4690 Haslev",Skuderløse,4690,0320,Faxe,1085,"Region Sjælland"
"Futtrup, 7760 Hurup Thy",Futtrup,7760,0671,Struer,1082,"Region Midtjylland"
"Klitmøller, 7700 Thisted",Klitmøller,7700,0787,Thisted,1081,"Region Nordjylland"
"Tjæreby, 4690 Haslev",Tjæreby,4690,0320,Faxe,1085,"Region Sjælland"
"Bonderup, 3250 Gilleleje",Bonderup,3250,0270,Gribskov,1084,"Region Hovedstaden"
"Hjardemål, 7700 Thisted",Hjardemål,7700,0787,Thisted,1081,"Region Nordjylland"
"Hjardemål, 7730 Hanstholm",Hjardemål,7730,0787,Thisted,1081,"Region Nordjylland"
"Hjardemål, 7741 Frøstrup",Hjardemål,7741,0787,Thisted,1081,"Region Nordjylland"
"Himmelev, 4000 Roskilde",Himmelev,4000,0169,Høje-Taastrup,1084,"Region Hovedstaden"
"Grunderup, 4683 Rønnede",Grunderup,4683,0320,Faxe,1085,"Region Sjælland"
"Svennerup, 4683 Rønnede",Svennerup,4683,0320,Faxe,1085,"Region Sjælland"
"Fårtoft, 7700 Thisted",Fårtoft,7700,0787,Thisted,1081,"Region Nordjylland"
"Gjersbøl, 7752 Snedsted",Gjersbøl,7752,0787,Thisted,1081,"Region Nordjylland"
"Grurup, 7755 Bedsted Thy",Grurup,7755,0787,Thisted,1081,"Region Nordjylland"
"Nyskovhus, 4690 Haslev",Nyskovhus,4690,0320,Faxe,1085,"Region Sjælland"
"Harreshøj, 3080 Tikøb",Harreshøj,3080,0217,Helsingør,1084,"Region Hovedstaden"
"Nielstrup, 4683 Rønnede",Nielstrup,4683,0320,Faxe,1085,"Region Sjælland"
"Nielstrup, 4690 Haslev",Nielstrup,4690,0320,Faxe,1085,"Region Sjælland"
"Gisselfeld, 4690 Haslev",Gisselfeld,4690,0320,Faxe,1085,"Region Sjælland"
"Kelstrup, 4690 Haslev",Kelstrup,4690,0320,Faxe,1085,"Region Sjælland"
"Østerby, 9940 Læsø",Østerby,9940,0825,Læsø,1081,"Region Nordjylland"
"Snejstrup, 7700 Thisted",Snejstrup,7700,0787,Thisted,1081,"Region Nordjylland"
"Fuglsang, 4654 Faxe Ladeplads",Fuglsang,4654,0320,Faxe,1085,"Region Sjælland"
"Kongsted Ld, 4683 Rønnede","Kongsted Ld",4683,0320,Faxe,1085,"Region Sjælland"
"St Favrby, 4654 Faxe Ladeplads","St Favrby",4654,0320,Faxe,1085,"Region Sjælland"
"Dollerup, 7700 Thisted",Dollerup,7700,0787,Thisted,1081,"Region Nordjylland"
"Nollund, 7200 Grindsted",Nollund,7200,0530,Billund,1083,"Region Syddanmark"
"Fugdal, 7250 Hejnsvig",Fugdal,7250,0530,Billund,1083,"Region Syddanmark"
"Lysbildskov, 6470 Sydals",Lysbildskov,6470,0540,Sønderborg,1083,"Region Syddanmark"
"Lunden, 6430 Nordborg",Lunden,6430,0540,Sønderborg,1083,"Region Syddanmark"
"Jestrup, 6470 Sydals",Jestrup,6470,0540,Sønderborg,1083,"Region Syddanmark"
"Dybbøl, 6400 Sønderborg",Dybbøl,6400,0540,Sønderborg,1083,"Region Syddanmark"
"Skovmose, 6470 Sydals",Skovmose,6470,0540,Sønderborg,1083,"Region Syddanmark"
"Skee Tåstrup, 4370 Store Merløse","Skee Tåstrup",4370,0316,Holbæk,1085,"Region Sjælland"
"Risbøl, 6682 Hovborg",Risbøl,6682,0530,Billund,1083,"Region Syddanmark"
"Risbøl, 7250 Hejnsvig",Risbøl,7250,0530,Billund,1083,"Region Syddanmark"
"Tandselle, 6470 Sydals",Tandselle,6470,0540,Sønderborg,1083,"Region Syddanmark"
"Hørsted, 7752 Snedsted",Hørsted,7752,0787,Thisted,1081,"Region Nordjylland"
"Sperring, 7700 Thisted",Sperring,7700,0787,Thisted,1081,"Region Nordjylland"
"Urup, 7200 Grindsted",Urup,7200,0530,Billund,1083,"Region Syddanmark"
"Kegnæs, 6470 Sydals",Kegnæs,6470,0540,Sønderborg,1083,"Region Syddanmark"
"Vandet, 7700 Thisted",Vandet,7700,0787,Thisted,1081,"Region Nordjylland"
"Lodbjerg, 7770 Vestervig",Lodbjerg,7770,0787,Thisted,1081,"Region Nordjylland"
"Nordrup, 4100 Ringsted",Nordrup,4100,0259,Køge,1085,"Region Sjælland"
"Ullerupgds M, 7700 Thisted","Ullerupgds M",7700,0787,Thisted,1081,"Region Nordjylland"
"Lillemommark, 6470 Sydals",Lillemommark,6470,0540,Sønderborg,1083,"Region Syddanmark"
"Ketting, 6440 Augustenborg",Ketting,6440,0540,Sønderborg,1083,"Region Syddanmark"
"Gammelgab, 6310 Broager",Gammelgab,6310,0540,Sønderborg,1083,"Region Syddanmark"
"Torpet, 4100 Ringsted",Torpet,4100,0259,Køge,1085,"Region Sjælland"
"Svenstrup, 6430 Nordborg",Svenstrup,6430,0540,Sønderborg,1083,"Region Syddanmark"
"Gråsten, 6300 Gråsten",Gråsten,6300,0540,Sønderborg,1083,"Region Syddanmark"
"Hinnum, 7200 Grindsted",Hinnum,7200,0530,Billund,1083,"Region Syddanmark"
"Skovbyballe, 6470 Sydals",Skovbyballe,6470,0540,Sønderborg,1083,"Region Syddanmark"
"Elsmark, 6430 Nordborg",Elsmark,6430,0540,Sønderborg,1083,"Region Syddanmark"
"Dal, 7200 Grindsted",Dal,7200,0530,Billund,1083,"Region Syddanmark"
"Brandsbøl, 6430 Nordborg",Brandsbøl,6430,0540,Sønderborg,1083,"Region Syddanmark"
"Ottestrup, 4100 Ringsted",Ottestrup,4100,0259,Køge,1085,"Region Sjælland"
"Hundslev, 6440 Augustenborg",Hundslev,6440,0540,Sønderborg,1083,"Region Syddanmark"
"Kobberholm, 6400 Sønderborg",Kobberholm,6400,0540,Sønderborg,1083,"Region Syddanmark"
"Øster Sottrup, 6400 Sønderborg","Øster Sottrup",6400,0540,Sønderborg,1083,"Region Syddanmark"
"Oksbøl, 6430 Nordborg",Oksbøl,6430,0540,Sønderborg,1083,"Region Syddanmark"
"Lysabild, 6470 Sydals",Lysabild,6470,0540,Sønderborg,1083,"Region Syddanmark"
"Himmark Mark, 6430 Nordborg","Himmark Mark",6430,0540,Sønderborg,1083,"Region Syddanmark"
"Sigersted Huse, 4173 Fjenneslev","Sigersted Huse",4173,0329,Ringsted,1085,"Region Sjælland"
"Egerup, 4100 Ringsted",Egerup,4100,0259,Køge,1085,"Region Sjælland"
"Egerup, 4173 Fjenneslev",Egerup,4173,0329,Ringsted,1085,"Region Sjælland"
"Rejstrup, 8920 Randers NV",Rejstrup,8920,0730,Randers,1082,"Region Midtjylland"
"Rejstrup, 8990 Fårup",Rejstrup,8990,0730,Randers,1082,"Region Midtjylland"
"Atterup, 4242 Boeslunde",Atterup,4242,0330,Slagelse,1085,"Region Sjælland"
"Skovsø, 4200 Slagelse",Skovsø,4200,0326,Kalundborg,1085,"Region Sjælland"
"Kousted, 8920 Randers NV",Kousted,8920,0730,Randers,1082,"Region Midtjylland"
"Kousted, 8990 Fårup",Kousted,8990,0730,Randers,1082,"Region Midtjylland"
"Ålum, 8920 Randers NV",Ålum,8920,0730,Randers,1082,"Region Midtjylland"
"Ø Vedsted, 6760 Ribe","Ø Vedsted",6760,0561,Esbjerg,1083,"Region Syddanmark"
"Sørbylille, 4200 Slagelse",Sørbylille,4200,0326,Kalundborg,1085,"Region Sjælland"
"Gryderup, 4242 Boeslunde",Gryderup,4242,0330,Slagelse,1085,"Region Sjælland"
"Fladbro Kro, 8920 Randers NV","Fladbro Kro",8920,0730,Randers,1082,"Region Midtjylland"
"Krænkerup, 4200 Slagelse",Krænkerup,4200,0326,Kalundborg,1085,"Region Sjælland"
"Vollerup, 4200 Slagelse",Vollerup,4200,0326,Kalundborg,1085,"Region Sjælland"
"Lundstorp, 4230 Skælskør",Lundstorp,4230,0330,Slagelse,1085,"Region Sjælland"
"Vester Nebel, 6715 Esbjerg N","Vester Nebel",6715,0561,Esbjerg,1083,"Region Syddanmark"
"Frølunde, 4220 Korsør",Frølunde,4220,0330,Slagelse,1085,"Region Sjælland"
"Sejstrup, 6740 Bramming",Sejstrup,6740,0561,Esbjerg,1083,"Region Syddanmark"
"Sdr Overdrev, 4200 Slagelse","Sdr Overdrev",4200,0326,Kalundborg,1085,"Region Sjælland"
"Frisenvold, 8940 Randers SV",Frisenvold,8940,0710,Favrskov,1082,"Region Midtjylland"
"Skaftelev, 4200 Slagelse",Skaftelev,4200,0326,Kalundborg,1085,"Region Sjælland"
"Fladbro, 8920 Randers NV",Fladbro,8920,0730,Randers,1082,"Region Midtjylland"
"Dalshøj, 6740 Bramming",Dalshøj,6740,0561,Esbjerg,1083,"Region Syddanmark"
"Kjærgård, 6740 Bramming",Kjærgård,6740,0561,Esbjerg,1083,"Region Syddanmark"
"Spandet, 6760 Ribe",Spandet,6760,0561,Esbjerg,1083,"Region Syddanmark"
"Gyldenholm, 4200 Slagelse",Gyldenholm,4200,0326,Kalundborg,1085,"Region Sjælland"
"Udbyover, 8970 Havndal",Udbyover,8970,0730,Randers,1082,"Region Midtjylland"
"Smedegård, 6740 Bramming",Smedegård,6740,0561,Esbjerg,1083,"Region Syddanmark"
"Kirkeby, 6760 Ribe",Kirkeby,6760,0561,Esbjerg,1083,"Region Syddanmark"
"Terp, 6740 Bramming",Terp,6740,0561,Esbjerg,1083,"Region Syddanmark"
"Lindbj-Tvede, 8930 Randers NØ",Lindbj-Tvede,8930,0730,Randers,1082,"Region Midtjylland"
"Albæk, 8930 Randers NØ",Albæk,8930,0730,Randers,1082,"Region Midtjylland"
"Gjerlev, 8983 Gjerlev J",Gjerlev,8983,0730,Randers,1082,"Region Midtjylland"
"Hillerup Mrk, 6760 Ribe","Hillerup Mrk",6760,0561,Esbjerg,1083,"Region Syddanmark"
"Ll Kongsmark, 4200 Slagelse","Ll Kongsmark",4200,0326,Kalundborg,1085,"Region Sjælland"
"Årslev, 4200 Slagelse",Årslev,4200,0326,Kalundborg,1085,"Region Sjælland"
"Kindertofte, 4180 Sorø",Kindertofte,4180,0329,Ringsted,1085,"Region Sjælland"
"Kindertofte, 4200 Slagelse",Kindertofte,4200,0326,Kalundborg,1085,"Region Sjælland"
"Eskildstrup, 4220 Korsør",Eskildstrup,4220,0330,Slagelse,1085,"Region Sjælland"
"Nr Ålum, 8920 Randers NV","Nr Ålum",8920,0730,Randers,1082,"Region Midtjylland"
"Støvringgård, 8930 Randers NØ",Støvringgård,8930,0730,Randers,1082,"Region Midtjylland"
"Råbjerg, 4230 Skælskør",Råbjerg,4230,0330,Slagelse,1085,"Region Sjælland"
"Venslev, 4243 Rude",Venslev,4243,0330,Slagelse,1085,"Region Sjælland"
"Stevnstrup, 8870 Langå",Stevnstrup,8870,0710,Favrskov,1082,"Region Midtjylland"
"Ørrild, 8990 Fårup",Ørrild,8990,0730,Randers,1082,"Region Midtjylland"
"Nr. Borup, 8920 Randers NV","Nr. Borup",8920,0730,Randers,1082,"Region Midtjylland"
"Ø Tørslev, 8930 Randers NØ","Ø Tørslev",8930,0730,Randers,1082,"Region Midtjylland"
"Ø Tørslev, 8983 Gjerlev J","Ø Tørslev",8983,0730,Randers,1082,"Region Midtjylland"
"Sønderup Nr, 4200 Slagelse","Sønderup Nr",4200,0326,Kalundborg,1085,"Region Sjælland"
"Dævidsrød, 4200 Slagelse",Dævidsrød,4200,0326,Kalundborg,1085,"Region Sjælland"
"Eggeslevmagle, 4200 Slagelse",Eggeslevmagle,4200,0326,Kalundborg,1085,"Region Sjælland"
"Eggeslevmagle, 4230 Skælskør",Eggeslevmagle,4230,0330,Slagelse,1085,"Region Sjælland"
"Eggeslevmagle, 4261 Dalmose",Eggeslevmagle,4261,0330,Slagelse,1085,"Region Sjælland"
"Dalbyover, 8970 Havndal",Dalbyover,8970,0730,Randers,1082,"Region Midtjylland"
"Sl Bjergby, 4200 Slagelse","Sl Bjergby",4200,0326,Kalundborg,1085,"Region Sjælland"
"Stubberup, 4230 Skælskør",Stubberup,4230,0330,Slagelse,1085,"Region Sjælland"
"Dyred, 5491 Blommenslyst",Dyred,5491,0461,Odense,1083,"Region Syddanmark"
"Dyred, 5492 Vissenbjerg",Dyred,5492,0420,Assens,1083,"Region Syddanmark"
"Aasum, 5220 Odense SØ",Aasum,5220,0461,Odense,1083,"Region Syddanmark"
"Aasum, 5240 Odense NØ",Aasum,5240,0461,Odense,1083,"Region Syddanmark"
"Aasum, 5320 Agedrup",Aasum,5320,0461,Odense,1083,"Region Syddanmark"
"Sønderskov, 9800 Hjørring",Sønderskov,9800,0860,Hjørring,1081,"Region Nordjylland"
"Lille Lyngby, 3320 Skævinge","Lille Lyngby",3320,0219,Hillerød,1084,"Region Hovedstaden"
"Hvidsted, 9800 Hjørring",Hvidsted,9800,0860,Hjørring,1081,"Region Nordjylland"
"Hvidsted, 9830 Tårs",Hvidsted,9830,0813,Frederikshavn,1081,"Region Nordjylland"
"Højbjerg, 5200 Odense V",Højbjerg,5200,0461,Odense,1083,"Region Syddanmark"
"Højbjerg, 5210 Odense NV",Højbjerg,5210,0461,Odense,1083,"Region Syddanmark"
"Højbjerg, 5491 Blommenslyst",Højbjerg,5491,0461,Odense,1083,"Region Syddanmark"
"Davinde, 5220 Odense SØ",Davinde,5220,0461,Odense,1083,"Region Syddanmark"
"Lumby, 5270 Odense N",Lumby,5270,0461,Odense,1083,"Region Syddanmark"
"Bullerup, 5240 Odense NØ",Bullerup,5240,0461,Odense,1083,"Region Syddanmark"
"Bullerup, 5320 Agedrup",Bullerup,5320,0461,Odense,1083,"Region Syddanmark"
"Måstrup, 9870 Sindal",Måstrup,9870,0813,Frederikshavn,1081,"Region Nordjylland"
"Åbyen, 9850 Hirtshals",Åbyen,9850,0860,Hjørring,1081,"Region Nordjylland"
"Skallerup, 9800 Hjørring",Skallerup,9800,0860,Hjørring,1081,"Region Nordjylland"
"Ormeslev, 4220 Korsør",Ormeslev,4220,0330,Slagelse,1085,"Region Sjælland"
"Ormeslev, 4241 Vemmelev",Ormeslev,4241,0330,Slagelse,1085,"Region Sjælland"
"Jelstrup, 9480 Løkken",Jelstrup,9480,0810,Brønderslev,1081,"Region Nordjylland"
"Uggerby, 9800 Hjørring",Uggerby,9800,0860,Hjørring,1081,"Region Nordjylland"
"Højme, 5250 Odense SV",Højme,5250,0461,Odense,1083,"Region Syddanmark"
"Gyldenholm Mark, 4200 Slagelse","Gyldenholm Mark",4200,0326,Kalundborg,1085,"Region Sjælland"
"Ejlstrup, 5200 Odense V",Ejlstrup,5200,0461,Odense,1083,"Region Syddanmark"
"Ejlstrup, 5491 Blommenslyst",Ejlstrup,5491,0461,Odense,1083,"Region Syddanmark"
"Dyrup, 5250 Odense SV",Dyrup,5250,0461,Odense,1083,"Region Syddanmark"
"Tornbjerg, 5220 Odense SØ",Tornbjerg,5220,0461,Odense,1083,"Region Syddanmark"
"Harken, 9760 Vrå",Harken,9760,0810,Brønderslev,1081,"Region Nordjylland"
"Harken, 9800 Hjørring",Harken,9800,0860,Hjørring,1081,"Region Nordjylland"
"Sdr Vrå, 9760 Vrå","Sdr Vrå",9760,0810,Brønderslev,1081,"Region Nordjylland"
"Krogshøj, 5491 Blommenslyst",Krogshøj,5491,0461,Odense,1083,"Region Syddanmark"
"Over Holluf, 5220 Odense SØ","Over Holluf",5220,0461,Odense,1083,"Region Syddanmark"
"Vennebjerg, 9800 Hjørring",Vennebjerg,9800,0860,Hjørring,1081,"Region Nordjylland"
"Snestrup, 5210 Odense NV",Snestrup,5210,0461,Odense,1083,"Region Syddanmark"
"Borup Hede, 9760 Vrå","Borup Hede",9760,0810,Brønderslev,1081,"Region Nordjylland"
"Årup, 9760 Vrå",Årup,9760,0810,Brønderslev,1081,"Region Nordjylland"
"Vokstrup, 3230 Græsted",Vokstrup,3230,0217,Helsingør,1084,"Region Hovedstaden"
"Søborg Sø, 3230 Græsted","Søborg Sø",3230,0217,Helsingør,1084,"Region Hovedstaden"
"Bakholm, 9480 Løkken",Bakholm,9480,0810,Brønderslev,1081,"Region Nordjylland"
"Tolne, 9870 Sindal",Tolne,9870,0813,Frederikshavn,1081,"Region Nordjylland"
"Tolne, 9900 Frederikshavn",Tolne,9900,0813,Frederikshavn,1081,"Region Nordjylland"
"Lille Ubberud, 5491 Blommenslyst","Lille Ubberud",5491,0461,Odense,1083,"Region Syddanmark"
"Vrå By, 9760 Vrå","Vrå By",9760,0810,Brønderslev,1081,"Region Nordjylland"
"Tidemandsh M, 9830 Tårs","Tidemandsh M",9830,0813,Frederikshavn,1081,"Region Nordjylland"
"Asdal Uggerb, 9800 Hjørring","Asdal Uggerb",9800,0860,Hjørring,1081,"Region Nordjylland"
"Nørre Alslev, 4840 Nørre Alslev","Nørre Alslev",4840,0376,Guldborgsund,1085,"Region Sjælland"
"Systofte Skovby, 4800 Nykøbing F","Systofte Skovby",4800,0376,Guldborgsund,1085,"Region Sjælland"
"Virket, 4800 Nykøbing F",Virket,4800,0376,Guldborgsund,1085,"Region Sjælland"
"Virket, 4863 Eskilstrup",Virket,4863,0376,Guldborgsund,1085,"Region Sjælland"
"Virket, 4871 Horbelev",Virket,4871,0376,Guldborgsund,1085,"Region Sjælland"
"Busene, 4791 Borre",Busene,4791,0390,Vordingborg,1085,"Region Sjælland"
"Busemarke, 4791 Borre",Busemarke,4791,0390,Vordingborg,1085,"Region Sjælland"
"Sdr Vedby, 4800 Nykøbing F","Sdr Vedby",4800,0376,Guldborgsund,1085,"Region Sjælland"
"Liselund, 4791 Borre",Liselund,4791,0390,Vordingborg,1085,"Region Sjælland"
"Birknæs, 8752 Østbirk",Birknæs,8752,0615,Horsens,1082,"Region Midtjylland"
"Vissingkloster, 8660 Skanderborg",Vissingkloster,8660,0615,Horsens,1082,"Region Midtjylland"
"Vissingkloster, 8680 Ry",Vissingkloster,8680,0615,Horsens,1082,"Region Midtjylland"
"Vissingkloster, 8740 Brædstrup",Vissingkloster,8740,0615,Horsens,1082,"Region Midtjylland"
"Tårup, 4850 Stubbekøbing",Tårup,4850,0376,Guldborgsund,1085,"Region Sjælland"
"Nykøbing F., 4800 Nykøbing F","Nykøbing F.",4800,0376,Guldborgsund,1085,"Region Sjælland"
"Vorbjerg, 8740 Brædstrup",Vorbjerg,8740,0615,Horsens,1082,"Region Midtjylland"
"Vorbjerg, 8752 Østbirk",Vorbjerg,8752,0615,Horsens,1082,"Region Midtjylland"
"Elling, 8751 Gedved",Elling,8751,0615,Horsens,1082,"Region Midtjylland"
"Stubberup, 4791 Borre",Stubberup,4791,0390,Vordingborg,1085,"Region Sjælland"
"Vrønding, 8700 Horsens",Vrønding,8700,0615,Horsens,1082,"Region Midtjylland"
"Pollerup, 4780 Stege",Pollerup,4780,0390,Vordingborg,1085,"Region Sjælland"
"Nimdrup, 8740 Brædstrup",Nimdrup,8740,0615,Horsens,1082,"Region Midtjylland"
"Overdrevet, 4720 Præstø",Overdrevet,4720,0390,Vordingborg,1085,"Region Sjælland"
"Fuglris, 8740 Brædstrup",Fuglris,8740,0615,Horsens,1082,"Region Midtjylland"
"Brædstrup, 8740 Brædstrup",Brædstrup,8740,0615,Horsens,1082,"Region Midtjylland"
"Yding, 8660 Skanderborg",Yding,8660,0615,Horsens,1082,"Region Midtjylland"
"Yding, 8752 Østbirk",Yding,8752,0615,Horsens,1082,"Region Midtjylland"
"Tirsvad, 8740 Brædstrup",Tirsvad,8740,0615,Horsens,1082,"Region Midtjylland"
"Nyvang, 4780 Stege",Nyvang,4780,0390,Vordingborg,1085,"Region Sjælland"
"Grønsund, 4850 Stubbekøbing",Grønsund,4850,0376,Guldborgsund,1085,"Region Sjælland"
"Ørridslev, 8732 Hovedgård",Ørridslev,8732,0615,Horsens,1082,"Region Midtjylland"
"Sandvad, 8752 Østbirk",Sandvad,8752,0615,Horsens,1082,"Region Midtjylland"
"Lillemark, 4720 Præstø",Lillemark,4720,0390,Vordingborg,1085,"Region Sjælland"
"Enner, 8700 Horsens",Enner,8700,0615,Horsens,1082,"Region Midtjylland"
"Systofte, 4800 Nykøbing F",Systofte,4800,0376,Guldborgsund,1085,"Region Sjælland"
"Ravnstrup, 4863 Eskilstrup",Ravnstrup,4863,0376,Guldborgsund,1085,"Region Sjælland"
"Nyby, 4863 Eskilstrup",Nyby,4863,0376,Guldborgsund,1085,"Region Sjælland"
"Ø Toreby, 4800 Nykøbing F","Ø Toreby",4800,0376,Guldborgsund,1085,"Region Sjælland"
"Ø Toreby, 4891 Toreby L","Ø Toreby",4891,0376,Guldborgsund,1085,"Region Sjælland"
"Soesmarke, 4862 Guldborg",Soesmarke,4862,0376,Guldborgsund,1085,"Region Sjælland"
"Bjørup, 4800 Nykøbing F",Bjørup,4800,0376,Guldborgsund,1085,"Region Sjælland"
"Tyrsted, 8700 Horsens",Tyrsted,8700,0615,Horsens,1082,"Region Midtjylland"
"Elmelunde, 4780 Stege",Elmelunde,4780,0390,Vordingborg,1085,"Region Sjælland"
"Elmelunde, 4791 Borre",Elmelunde,4791,0390,Vordingborg,1085,"Region Sjælland"
"Nr Ørslev, 4800 Nykøbing F","Nr Ørslev",4800,0376,Guldborgsund,1085,"Region Sjælland"
"Klodskov, 4800 Nykøbing F",Klodskov,4800,0376,Guldborgsund,1085,"Region Sjælland"
"Lundum, 8700 Horsens",Lundum,8700,0615,Horsens,1082,"Region Midtjylland"
"Ring, 8740 Brædstrup",Ring,8740,0615,Horsens,1082,"Region Midtjylland"
"Hegnede, 4780 Stege",Hegnede,4780,0390,Vordingborg,1085,"Region Sjælland"
"Godsted, 4894 Øster Ulslev",Godsted,4894,0360,Lolland,1085,"Region Sjælland"
"Grumløse, 4750 Lundby",Grumløse,4750,0370,Næstved,1085,"Region Sjælland"
"Hillerup, 6760 Ribe",Hillerup,6760,0561,Esbjerg,1083,"Region Syddanmark"
"Røjen, 7451 Sunds",Røjen,7451,0657,Herning,1082,"Region Midtjylland"
"Haurum, 8450 Hammel",Haurum,8450,0710,Favrskov,1082,"Region Midtjylland"
"Haurum, 8881 Thorsø",Haurum,8881,0710,Favrskov,1082,"Region Midtjylland"
"Amtrup, 7400 Herning",Amtrup,7400,0657,Herning,1082,"Region Midtjylland"
"Sandby, 8382 Hinnerup",Sandby,8382,0710,Favrskov,1082,"Region Midtjylland"
"Stobdrup, 8370 Hadsten",Stobdrup,8370,0710,Favrskov,1082,"Region Midtjylland"
"Sall, 8450 Hammel",Sall,8450,0710,Favrskov,1082,"Region Midtjylland"
"Såby Sand, 4330 Hvalsø","Såby Sand",4330,0316,Holbæk,1085,"Region Sjælland"
"Tjørring, 7400 Herning",Tjørring,7400,0657,Herning,1082,"Region Midtjylland"
"Skarrild, 6933 Kibæk",Skarrild,6933,0657,Herning,1082,"Region Midtjylland"
"Tungelund, 8881 Thorsø",Tungelund,8881,0710,Favrskov,1082,"Region Midtjylland"
"Futting, 8881 Thorsø",Futting,8881,0710,Favrskov,1082,"Region Midtjylland"
"Astrup, 8370 Hadsten",Astrup,8370,0710,Favrskov,1082,"Region Midtjylland"
"Osager, 4320 Lejre",Osager,4320,0259,Køge,1085,"Region Sjælland"
"Biltris Mark, 4070 Kirke Hyllinge","Biltris Mark",4070,0350,Lejre,1085,"Region Sjælland"
"Høgsbro, 6760 Ribe",Høgsbro,6760,0561,Esbjerg,1083,"Region Syddanmark"
"Timring, 7480 Vildbjerg",Timring,7480,0657,Herning,1082,"Region Midtjylland"
"Nye Glim, 4000 Roskilde","Nye Glim",4000,0169,Høje-Taastrup,1084,"Region Hovedstaden"
"Lind, 7400 Herning",Lind,7400,0657,Herning,1082,"Region Midtjylland"
"Mølby, 6760 Ribe",Mølby,6760,0561,Esbjerg,1083,"Region Syddanmark"
"Skibbild, 7480 Vildbjerg",Skibbild,7480,0657,Herning,1082,"Region Midtjylland"
"Løjstrup, 8870 Langå",Løjstrup,8870,0710,Favrskov,1082,"Region Midtjylland"
"Vodderbro, 6760 Ribe",Vodderbro,6760,0561,Esbjerg,1083,"Region Syddanmark"
"Vind, 6973 Ørnhøj",Vind,6973,0657,Herning,1082,"Region Midtjylland"
"Vind, 6990 Ulfborg",Vind,6990,0657,Herning,1082,"Region Midtjylland"
"Vind, 7500 Holstebro",Vind,7500,0657,Herning,1082,"Region Midtjylland"
"Vind, 7550 Sørvad",Vind,7550,0657,Herning,1082,"Region Midtjylland"
"Hammerum, 7400 Herning",Hammerum,7400,0657,Herning,1082,"Region Midtjylland"
"Rorup, 4320 Lejre",Rorup,4320,0259,Køge,1085,"Region Sjælland"
"Langtved, 4060 Kirke Såby",Langtved,4060,0350,Lejre,1085,"Region Sjælland"
"Langtved, 4070 Kirke Hyllinge",Langtved,4070,0350,Lejre,1085,"Region Sjælland"
"Grove, 7540 Haderup",Grove,7540,0657,Herning,1082,"Region Midtjylland"
"Hjortvad, 6760 Ribe",Hjortvad,6760,0561,Esbjerg,1083,"Region Syddanmark"
"Tarp, 6715 Esbjerg N",Tarp,6715,0561,Esbjerg,1083,"Region Syddanmark"
"Astrup, 6715 Esbjerg N",Astrup,6715,0561,Esbjerg,1083,"Region Syddanmark"
"Abildå, 6973 Ørnhøj",Abildå,6973,0657,Herning,1082,"Region Midtjylland"
"Abildå, 7480 Vildbjerg",Abildå,7480,0657,Herning,1082,"Region Midtjylland"
"Hvalløs, 8370 Hadsten",Hvalløs,8370,0710,Favrskov,1082,"Region Midtjylland"
"Terp, 8860 Ulstrup",Terp,8860,0710,Favrskov,1082,"Region Midtjylland"
"Haldum, 8382 Hinnerup",Haldum,8382,0710,Favrskov,1082,"Region Midtjylland"
"Hinge, 8370 Hadsten",Hinge,8370,0710,Favrskov,1082,"Region Midtjylland"
"Hinge, 8940 Randers SV",Hinge,8940,0710,Favrskov,1082,"Region Midtjylland"
"Vejerslev, 8881 Thorsø",Vejerslev,8881,0710,Favrskov,1082,"Region Midtjylland"
"Vidstrup, 8860 Ulstrup",Vidstrup,8860,0710,Favrskov,1082,"Region Midtjylland"
"Ravnsø, 6740 Bramming",Ravnsø,6740,0561,Esbjerg,1083,"Region Syddanmark"
"Hvalsø, 4330 Hvalsø",Hvalsø,4330,0316,Holbæk,1085,"Region Sjælland"
"Ålbæk, 6740 Bramming",Ålbæk,6740,0561,Esbjerg,1083,"Region Syddanmark"
"Sdr Bøel, 6690 Gørding","Sdr Bøel",6690,0561,Esbjerg,1083,"Region Syddanmark"
"Sdr Bøel, 6740 Bramming","Sdr Bøel",6740,0561,Esbjerg,1083,"Region Syddanmark"
"Hjortlund, 6760 Ribe",Hjortlund,6760,0561,Esbjerg,1083,"Region Syddanmark"
"Hjortlund, 6771 Gredstedbro",Hjortlund,6771,0561,Esbjerg,1083,"Region Syddanmark"
"Lyngå, 8370 Hadsten",Lyngå,8370,0710,Favrskov,1082,"Region Midtjylland"
"Ny Tolstrup, 4330 Hvalsø","Ny Tolstrup",4330,0316,Holbæk,1085,"Region Sjælland"
"Hovedg Mark, 6740 Bramming","Hovedg Mark",6740,0561,Esbjerg,1083,"Region Syddanmark"
"Hedegård, 6760 Ribe",Hedegård,6760,0561,Esbjerg,1083,"Region Syddanmark"
"Gullestrup, 7400 Herning",Gullestrup,7400,0657,Herning,1082,"Region Midtjylland"
"Vrangstrup, 8870 Langå",Vrangstrup,8870,0710,Favrskov,1082,"Region Midtjylland"
"Alstrupgård, 8370 Hadsten",Alstrupgård,8370,0710,Favrskov,1082,"Region Midtjylland"
"Faurskov, 8370 Hadsten",Faurskov,8370,0710,Favrskov,1082,"Region Midtjylland"
"Lyngby, 9293 Kongerslev",Lyngby,9293,0840,Rebild,1081,"Region Nordjylland"
"Lyngby, 9520 Skørping",Lyngby,9520,0840,Rebild,1081,"Region Nordjylland"
"Nyrup, 5620 Glamsbjerg",Nyrup,5620,0420,Assens,1083,"Region Syddanmark"
"Karup, 5610 Assens",Karup,5610,0410,Middelfart,1083,"Region Syddanmark"
"Estrup, 9530 Støvring",Estrup,9530,0840,Rebild,1081,"Region Nordjylland"
"Mastrup, 9530 Støvring",Mastrup,9530,0840,Rebild,1081,"Region Nordjylland"
"Røjdrup, 9500 Hobro",Røjdrup,9500,0791,Viborg,1082,"Region Midtjylland"
"Brunholm, 9541 Suldrup",Brunholm,9541,0820,Vesthimmerlands,1081,"Region Nordjylland"
"Bratten, 9970 Strandby",Bratten,9970,0813,Frederikshavn,1081,"Region Nordjylland"
"Bratten, 9981 Jerup",Bratten,9981,0813,Frederikshavn,1081,"Region Nordjylland"
"Veddum, 9560 Hadsund",Veddum,9560,0840,Rebild,1081,"Region Nordjylland"
"Veggerby, 9240 Nibe",Veggerby,9240,0820,Vesthimmerlands,1081,"Region Nordjylland"
"Muleby, 3700 Rønne",Muleby,3700,0400,Bornholm,1084,"Region Hovedstaden"
"Kærum Mk, 5610 Assens","Kærum Mk",5610,0410,Middelfart,1083,"Region Syddanmark"
"Kærum, 5610 Assens",Kærum,5610,0410,Middelfart,1083,"Region Syddanmark"
"Kærum, 5631 Ebberup",Kærum,5631,0420,Assens,1083,"Region Syddanmark"
"Svanfolk, 9293 Kongerslev",Svanfolk,9293,0840,Rebild,1081,"Region Nordjylland"
"Svanfolk, 9520 Skørping",Svanfolk,9520,0840,Rebild,1081,"Region Nordjylland"
"Svanfolk, 9574 Bælum",Svanfolk,9574,0840,Rebild,1081,"Region Nordjylland"
"Hasle, 3790 Hasle",Hasle,3790,0400,Bornholm,1084,"Region Hovedstaden"
"Knold, 5620 Glamsbjerg",Knold,5620,0420,Assens,1083,"Region Syddanmark"
"Kaslund Mark, 5610 Assens","Kaslund Mark",5610,0410,Middelfart,1083,"Region Syddanmark"
"Søholmshuse, 5620 Glamsbjerg",Søholmshuse,5620,0420,Assens,1083,"Region Syddanmark"
"Mosegård, 5690 Tommerup",Mosegård,5690,0420,Assens,1083,"Region Syddanmark"
"Stenhøj, 9750 Østervrå",Stenhøj,9750,0810,Brønderslev,1081,"Region Nordjylland"
"Stenhøj, 9900 Frederikshavn",Stenhøj,9900,0813,Frederikshavn,1081,"Region Nordjylland"
"Munkholm, 9541 Suldrup",Munkholm,9541,0820,Vesthimmerlands,1081,"Region Nordjylland"
"Langemose, 5610 Assens",Langemose,5610,0410,Middelfart,1083,"Region Syddanmark"
"Hyldal, 9541 Suldrup",Hyldal,9541,0820,Vesthimmerlands,1081,"Region Nordjylland"
"Stensager, 9610 Nørager",Stensager,9610,0820,Vesthimmerlands,1081,"Region Nordjylland"
"Volstrup, 9500 Hobro",Volstrup,9500,0791,Viborg,1082,"Region Midtjylland"
"Tofteløkken, 5450 Otterup",Tofteløkken,5450,0480,Nordfyns,1083,"Region Syddanmark"
"Skårup, 9610 Nørager",Skårup,9610,0820,Vesthimmerlands,1081,"Region Nordjylland"
"Rasteanlæg Himmerland Øst, 9541 Suldrup","Rasteanlæg Himmerland Øst",9541,0820,Vesthimmerlands,1081,"Region Nordjylland"
"Smidie, 9574 Bælum",Smidie,9574,0840,Rebild,1081,"Region Nordjylland"
"Bølshavn, 3740 Svaneke",Bølshavn,3740,0400,Bornholm,1084,"Region Hovedstaden"
"Bølshavn, 3751 Østermarie",Bølshavn,3751,0400,Bornholm,1084,"Region Hovedstaden"
"Jersore, 5400 Bogense",Jersore,5400,0480,Nordfyns,1083,"Region Syddanmark"
"Trøjborg, 9520 Skørping",Trøjborg,9520,0840,Rebild,1081,"Region Nordjylland"
"Trøjborg, 9530 Støvring",Trøjborg,9530,0840,Rebild,1081,"Region Nordjylland"
"Trøjborg, 9541 Suldrup",Trøjborg,9541,0820,Vesthimmerlands,1081,"Region Nordjylland"
"Skindbjerg, 9520 Skørping",Skindbjerg,9520,0840,Rebild,1081,"Region Nordjylland"
"Gammel Nørager, 9610 Nørager","Gammel Nørager",9610,0820,Vesthimmerlands,1081,"Region Nordjylland"
"Horsens, 9520 Skørping",Horsens,9520,0840,Rebild,1081,"Region Nordjylland"
"Grønsbjerg, 5610 Assens",Grønsbjerg,5610,0410,Middelfart,1083,"Region Syddanmark"
"Ll Rørbæk, 9500 Hobro","Ll Rørbæk",9500,0791,Viborg,1082,"Region Midtjylland"
"Ll Rørbæk, 9610 Nørager","Ll Rørbæk",9610,0820,Vesthimmerlands,1081,"Region Nordjylland"
"Stimose, 5610 Assens",Stimose,5610,0410,Middelfart,1083,"Region Syddanmark"
"Højen, 9990 Skagen",Højen,9990,0813,Frederikshavn,1081,"Region Nordjylland"
"Åsted, 9900 Frederikshavn",Åsted,9900,0813,Frederikshavn,1081,"Region Nordjylland"
"Ejstrup, 9575 Terndrup",Ejstrup,9575,0840,Rebild,1081,"Region Nordjylland"
"Randerup, 6261 Bredebro",Randerup,6261,0550,Tønder,1083,"Region Syddanmark"
"Adelvad, 6240 Løgumkloster",Adelvad,6240,0550,Tønder,1083,"Region Syddanmark"
"Lægan, 6270 Tønder",Lægan,6270,0550,Tønder,1083,"Region Syddanmark"
"Jægerslyst, 6780 Skærbæk",Jægerslyst,6780,0550,Tønder,1083,"Region Syddanmark"
"Skovbovad, 6240 Løgumkloster",Skovbovad,6240,0550,Tønder,1083,"Region Syddanmark"
"Holbæk, 6780 Skærbæk",Holbæk,6780,0550,Tønder,1083,"Region Syddanmark"
"Skelsbæk, 5450 Otterup",Skelsbæk,5450,0480,Nordfyns,1083,"Region Syddanmark"
"Dræet Ø, 5400 Bogense","Dræet Ø",5400,0480,Nordfyns,1083,"Region Syddanmark"
"Sædmark, 6270 Tønder",Sædmark,6270,0550,Tønder,1083,"Region Syddanmark"
"Landeby, 6240 Løgumkloster",Landeby,6240,0550,Tønder,1083,"Region Syddanmark"
"Rue, 5462 Morud",Rue,5462,0480,Nordfyns,1083,"Region Syddanmark"
"Fiskholm, 6520 Toftlund",Fiskholm,6520,0510,Haderslev,1083,"Region Syddanmark"
"Bedsted Mark, 6240 Løgumkloster","Bedsted Mark",6240,0550,Tønder,1083,"Region Syddanmark"
"Lundstoft, 6240 Løgumkloster",Lundstoft,6240,0550,Tønder,1083,"Region Syddanmark"
"Kromose, 6792 Rømø",Kromose,6792,0550,Tønder,1083,"Region Syddanmark"
"Vellinge Mark, 5450 Otterup","Vellinge Mark",5450,0480,Nordfyns,1083,"Region Syddanmark"
"Ubjerg, 6270 Tønder",Ubjerg,6270,0550,Tønder,1083,"Region Syddanmark"
"Lillemose, 5400 Bogense",Lillemose,5400,0480,Nordfyns,1083,"Region Syddanmark"
"Daugstrup, 5450 Otterup",Daugstrup,5450,0480,Nordfyns,1083,"Region Syddanmark"
"Otterup, 5450 Otterup",Otterup,5450,0480,Nordfyns,1083,"Region Syddanmark"
"Lindet, 6520 Toftlund",Lindet,6520,0510,Haderslev,1083,"Region Syddanmark"
"Holme, 6240 Løgumkloster",Holme,6240,0550,Tønder,1083,"Region Syddanmark"
"Fremmelev Mark, 5450 Otterup","Fremmelev Mark",5450,0480,Nordfyns,1083,"Region Syddanmark"
"Søndersøskov, 5471 Søndersø",Søndersøskov,5471,0480,Nordfyns,1083,"Region Syddanmark"
"Vollum, 6261 Bredebro",Vollum,6261,0550,Tønder,1083,"Region Syddanmark"
"Vesterhede, 6792 Rømø",Vesterhede,6792,0550,Tønder,1083,"Region Syddanmark"
"Vestergaard, 6792 Rømø",Vestergaard,6792,0550,Tønder,1083,"Region Syddanmark"
"Flesborg, 6240 Løgumkloster",Flesborg,6240,0550,Tønder,1083,"Region Syddanmark"
"Kronborg, 5450 Otterup",Kronborg,5450,0480,Nordfyns,1083,"Region Syddanmark"
"Brodersgård, 6270 Tønder",Brodersgård,6270,0550,Tønder,1083,"Region Syddanmark"
"Grønsund, 4792 Askeby",Grønsund,4792,0390,Vordingborg,1085,"Region Sjælland"
"Sandvig, 4735 Mern",Sandvig,4735,0390,Vordingborg,1085,"Region Sjælland"
"Bissinge, 4780 Stege",Bissinge,4780,0390,Vordingborg,1085,"Region Sjælland"
"Hedehusene, 6270 Tønder",Hedehusene,6270,0550,Tønder,1083,"Region Syddanmark"
"Morud, 5462 Morud",Morud,5462,0480,Nordfyns,1083,"Region Syddanmark"
"Gærup, 6261 Bredebro",Gærup,6261,0550,Tønder,1083,"Region Syddanmark"
"Gærup, 6280 Højer",Gærup,6280,0550,Tønder,1083,"Region Syddanmark"
"Barsbøl, 6780 Skærbæk",Barsbøl,6780,0550,Tønder,1083,"Region Syddanmark"
"Forballum, 6780 Skærbæk",Forballum,6780,0550,Tønder,1083,"Region Syddanmark"
"Dyrebjerglund, 5474 Veflinge",Dyrebjerglund,5474,0480,Nordfyns,1083,"Region Syddanmark"
"Nr Sandager, 5400 Bogense","Nr Sandager",5400,0480,Nordfyns,1083,"Region Syddanmark"
"Dammene, 5400 Bogense",Dammene,5400,0480,Nordfyns,1083,"Region Syddanmark"
"Vollumgård, 6261 Bredebro",Vollumgård,6261,0550,Tønder,1083,"Region Syddanmark"
"Kirkhøj, 6520 Toftlund",Kirkhøj,6520,0510,Haderslev,1083,"Region Syddanmark"
"Kattebjerg, 5400 Bogense",Kattebjerg,5400,0480,Nordfyns,1083,"Region Syddanmark"
"Ringe Mark, 5450 Otterup","Ringe Mark",5450,0480,Nordfyns,1083,"Region Syddanmark"
"Juvre, 6792 Rømø",Juvre,6792,0550,Tønder,1083,"Region Syddanmark"
"Nr Højrup Mark, 5450 Otterup","Nr Højrup Mark",5450,0480,Nordfyns,1083,"Region Syddanmark"
"Nordskov, 5400 Bogense",Nordskov,5400,0480,Nordfyns,1083,"Region Syddanmark"
"Abildro, 5400 Bogense",Abildro,5400,0480,Nordfyns,1083,"Region Syddanmark"
"Ørderup, 6520 Toftlund",Ørderup,6520,0510,Haderslev,1083,"Region Syddanmark"
"Træholm, 6240 Løgumkloster",Træholm,6240,0550,Tønder,1083,"Region Syddanmark"
"N Sejerslev, 6280 Højer","N Sejerslev",6280,0550,Tønder,1083,"Region Syddanmark"
"Søndernæs, 6780 Skærbæk",Søndernæs,6780,0550,Tønder,1083,"Region Syddanmark"
"Koldemoskirk, 6240 Løgumkloster",Koldemoskirk,6240,0550,Tønder,1083,"Region Syddanmark"
"St Tøndemark, 6270 Tønder","St Tøndemark",6270,0550,Tønder,1083,"Region Syddanmark"
"Møllerløkken, 5474 Veflinge",Møllerløkken,5474,0480,Nordfyns,1083,"Region Syddanmark"
"Kappendrup, 5450 Otterup",Kappendrup,5450,0480,Nordfyns,1083,"Region Syddanmark"
"Lisbjerg M, 5400 Bogense","Lisbjerg M",5400,0480,Nordfyns,1083,"Region Syddanmark"
"Roost, 6520 Toftlund",Roost,6520,0510,Haderslev,1083,"Region Syddanmark"
"Roost, 6535 Branderup J",Roost,6535,0550,Tønder,1083,"Region Syddanmark"
"Ø Gasse Mark, 6780 Skærbæk","Ø Gasse Mark",6780,0550,Tønder,1083,"Region Syddanmark"
"Arndrup, 6240 Løgumkloster",Arndrup,6240,0550,Tønder,1083,"Region Syddanmark"
"Kettrup, 9690 Fjerritslev",Kettrup,9690,0849,Jammerbugt,1081,"Region Nordjylland"
"Agri, 8400 Ebeltoft",Agri,8400,0706,Syddjurs,1082,"Region Midtjylland"
"Agri, 8420 Knebel",Agri,8420,0706,Syddjurs,1082,"Region Midtjylland"
"Kastrup, 8544 Mørke",Kastrup,8544,0706,Syddjurs,1082,"Region Midtjylland"
"Vrinners, 8420 Knebel",Vrinners,8420,0706,Syddjurs,1082,"Region Midtjylland"
"Mygind, 8544 Mørke",Mygind,8544,0706,Syddjurs,1082,"Region Midtjylland"
"Boeslum, 8400 Ebeltoft",Boeslum,8400,0706,Syddjurs,1082,"Region Midtjylland"
"Under Lien, 9460 Brovst","Under Lien",9460,0849,Jammerbugt,1081,"Region Nordjylland"
"Røgild, 9440 Aabybro",Røgild,9440,0810,Brønderslev,1081,"Region Nordjylland"
"Røgild, 9460 Brovst",Røgild,9460,0849,Jammerbugt,1081,"Region Nordjylland"
"Tranumstrand, 9460 Brovst",Tranumstrand,9460,0849,Jammerbugt,1081,"Region Nordjylland"
"Klim Terp, 9690 Fjerritslev","Klim Terp",9690,0849,Jammerbugt,1081,"Region Nordjylland"
"Ulvskov, 8300 Odder",Ulvskov,8300,0727,Odder,1082,"Region Midtjylland"
"Saksild, 8300 Odder",Saksild,8300,0727,Odder,1082,"Region Midtjylland"
"Ejersted, 9493 Saltum",Ejersted,9493,0849,Jammerbugt,1081,"Region Nordjylland"
"Klim Rimme, 9690 Fjerritslev","Klim Rimme",9690,0849,Jammerbugt,1081,"Region Nordjylland"
"Tanderupg Mk, 9690 Fjerritslev","Tanderupg Mk",9690,0849,Jammerbugt,1081,"Region Nordjylland"
"Stadsborg, 8963 Auning",Stadsborg,8963,0706,Syddjurs,1082,"Region Midtjylland"
"Spøttrup, 8300 Odder",Spøttrup,8300,0727,Odder,1082,"Region Midtjylland"
"Amstrup, 8300 Odder",Amstrup,8300,0727,Odder,1082,"Region Midtjylland"
"Kollerup, 9690 Fjerritslev",Kollerup,9690,0849,Jammerbugt,1081,"Region Nordjylland"
"Slettestrand, 9690 Fjerritslev",Slettestrand,9690,0849,Jammerbugt,1081,"Region Nordjylland"
"Thorup Holme, 9690 Fjerritslev","Thorup Holme",9690,0849,Jammerbugt,1081,"Region Nordjylland"
"Ø Drøstrup, 9690 Fjerritslev","Ø Drøstrup",9690,0849,Jammerbugt,1081,"Region Nordjylland"
"V Thorup Str, 9690 Fjerritslev","V Thorup Str",9690,0849,Jammerbugt,1081,"Region Nordjylland"
"Klim Strand, 9690 Fjerritslev","Klim Strand",9690,0849,Jammerbugt,1081,"Region Nordjylland"
"Kettrup, 9480 Løkken",Kettrup,9480,0810,Brønderslev,1081,"Region Nordjylland"
"Bjørnholm, 8570 Trustrup",Bjørnholm,8570,0706,Syddjurs,1082,"Region Midtjylland"
"Blegebrønde, 9690 Fjerritslev",Blegebrønde,9690,0849,Jammerbugt,1081,"Region Nordjylland"
"Hjortdal, 9690 Fjerritslev",Hjortdal,9690,0849,Jammerbugt,1081,"Region Nordjylland"
"Bejstrupvang, 9690 Fjerritslev",Bejstrupvang,9690,0849,Jammerbugt,1081,"Region Nordjylland"
"Jarmsted, 9460 Brovst",Jarmsted,9460,0849,Jammerbugt,1081,"Region Nordjylland"
"Andi, 8544 Mørke",Andi,8544,0706,Syddjurs,1082,"Region Midtjylland"
"Tjerrild, 8550 Ryomgård",Tjerrild,8550,0706,Syddjurs,1082,"Region Midtjylland"
"Dalsgård, 8963 Auning",Dalsgård,8963,0706,Syddjurs,1082,"Region Midtjylland"
"Kysing Næs, 8300 Odder","Kysing Næs",8300,0727,Odder,1082,"Region Midtjylland"
"Nørre Økse, 9460 Brovst","Nørre Økse",9460,0849,Jammerbugt,1081,"Region Nordjylland"
"Karlby, 8543 Hornslet",Karlby,8543,0706,Syddjurs,1082,"Region Midtjylland"
"Mesballe, 8550 Ryomgård",Mesballe,8550,0706,Syddjurs,1082,"Region Midtjylland"
"Ugelbølle, 8410 Rønde",Ugelbølle,8410,0706,Syddjurs,1082,"Region Midtjylland"
"Møllerup, 8410 Rønde",Møllerup,8410,0706,Syddjurs,1082,"Region Midtjylland"
"Ballebak, 8560 Kolind",Ballebak,8560,0706,Syddjurs,1082,"Region Midtjylland"
"Blåkær, 8420 Knebel",Blåkær,8420,0706,Syddjurs,1082,"Region Midtjylland"
"Knebelbro, 8420 Knebel",Knebelbro,8420,0706,Syddjurs,1082,"Region Midtjylland"
"Trustrup, 8350 Hundslund",Trustrup,8350,0727,Odder,1082,"Region Midtjylland"
"Kaas, 9440 Aabybro",Kaas,9440,0810,Brønderslev,1081,"Region Nordjylland"
"Kaas, 9490 Pandrup",Kaas,9490,0849,Jammerbugt,1081,"Region Nordjylland"
"Ørup, 8444 Balle",Ørup,8444,0706,Syddjurs,1082,"Region Midtjylland"
"Faarup Klit, 9493 Saltum","Faarup Klit",9493,0849,Jammerbugt,1081,"Region Nordjylland"
"Gøttrup Hede, 9690 Fjerritslev","Gøttrup Hede",9690,0849,Jammerbugt,1081,"Region Nordjylland"
"Gylling, 8300 Odder",Gylling,8300,0727,Odder,1082,"Region Midtjylland"
"Holmsø Mark, 9690 Fjerritslev","Holmsø Mark",9690,0849,Jammerbugt,1081,"Region Nordjylland"
"Søby, 8543 Hornslet",Søby,8543,0706,Syddjurs,1082,"Region Midtjylland"
"Krakær, 8400 Ebeltoft",Krakær,8400,0706,Syddjurs,1082,"Region Midtjylland"
"Skaarupgaard, 8560 Kolind",Skaarupgaard,8560,0706,Syddjurs,1082,"Region Midtjylland"
"Bur, 7570 Vemb",Bur,7570,0661,Holstebro,1082,"Region Midtjylland"
"Stokholm, 7830 Vinderup",Stokholm,7830,0657,Herning,1082,"Region Midtjylland"
"Stabrand, 8560 Kolind",Stabrand,8560,0706,Syddjurs,1082,"Region Midtjylland"
"Skramsømølle, 8400 Ebeltoft",Skramsømølle,8400,0706,Syddjurs,1082,"Region Midtjylland"
"Rosmus, 8444 Balle",Rosmus,8444,0706,Syddjurs,1082,"Region Midtjylland"
"Nyhusene, 5610 Assens",Nyhusene,5610,0410,Middelfart,1083,"Region Syddanmark"
"Besser, 8305 Samsø",Besser,8305,0741,Samsø,1082,"Region Midtjylland"
"Hvalskov, 8560 Kolind",Hvalskov,8560,0706,Syddjurs,1082,"Region Midtjylland"
"Vildhøj, 5690 Tommerup",Vildhøj,5690,0420,Assens,1083,"Region Syddanmark"
"Dorthealund, 5683 Haarby",Dorthealund,5683,0420,Assens,1083,"Region Syddanmark"
"Grønnemose, 5560 Aarup",Grønnemose,5560,0410,Middelfart,1083,"Region Syddanmark"
"Thorsminde, 6990 Ulfborg",Thorsminde,6990,0657,Herning,1082,"Region Midtjylland"
"Sundet, 8560 Kolind",Sundet,8560,0706,Syddjurs,1082,"Region Midtjylland"
"Solevad, 5690 Tommerup",Solevad,5690,0420,Assens,1083,"Region Syddanmark"
"Kolby Kås, 8305 Samsø","Kolby Kås",8305,0741,Samsø,1082,"Region Midtjylland"
"Astrup, 8550 Ryomgård",Astrup,8550,0706,Syddjurs,1082,"Region Midtjylland"
"Møgelmose, 8410 Rønde",Møgelmose,8410,0706,Syddjurs,1082,"Region Midtjylland"
"Stauns, 8305 Samsø",Stauns,8305,0741,Samsø,1082,"Region Midtjylland"
"Hørsholm, 2970 Hørsholm",Hørsholm,2970,0201,Allerød,1084,"Region Hovedstaden"
"Hailkjær, 7830 Vinderup",Hailkjær,7830,0657,Herning,1082,"Region Midtjylland"
"Langesø, 8410 Rønde",Langesø,8410,0706,Syddjurs,1082,"Region Midtjylland"
"Jordløse, 5683 Haarby",Jordløse,5683,0420,Assens,1083,"Region Syddanmark"
"Trunderup Mk, 5683 Haarby","Trunderup Mk",5683,0420,Assens,1083,"Region Syddanmark"
"Sandager Næs, 5610 Assens","Sandager Næs",5610,0410,Middelfart,1083,"Region Syddanmark"
"Mundbjerg, 7830 Vinderup",Mundbjerg,7830,0657,Herning,1082,"Region Midtjylland"
"Vedtofte Mk, 5620 Glamsbjerg","Vedtofte Mk",5620,0420,Assens,1083,"Region Syddanmark"
"Søndergårde, 5560 Aarup",Søndergårde,5560,0410,Middelfart,1083,"Region Syddanmark"
"Krogager, 7830 Vinderup",Krogager,7830,0657,Herning,1082,"Region Midtjylland"
"Grønfeld, 8400 Ebeltoft",Grønfeld,8400,0706,Syddjurs,1082,"Region Midtjylland"
"Grønfeld, 8410 Rønde",Grønfeld,8410,0706,Syddjurs,1082,"Region Midtjylland"
"Grønfeld, 8420 Knebel",Grønfeld,8420,0706,Syddjurs,1082,"Region Midtjylland"
"Kelstrup, 5492 Vissenbjerg",Kelstrup,5492,0420,Assens,1083,"Region Syddanmark"
"Toftemarken, 5690 Tommerup",Toftemarken,5690,0420,Assens,1083,"Region Syddanmark"
"Hedegaard, 7830 Vinderup",Hedegaard,7830,0657,Herning,1082,"Region Midtjylland"
"Blakskjær, 7830 Vinderup",Blakskjær,7830,0657,Herning,1082,"Region Midtjylland"
"Tinggyden, 5631 Ebberup",Tinggyden,5631,0420,Assens,1083,"Region Syddanmark"
"Brunshuse, 5683 Haarby",Brunshuse,5683,0420,Assens,1083,"Region Syddanmark"
"Saltofte, 5610 Assens",Saltofte,5610,0410,Middelfart,1083,"Region Syddanmark"
"Saltofte, 5631 Ebberup",Saltofte,5631,0420,Assens,1083,"Region Syddanmark"
"Strandby, 5683 Haarby",Strandby,5683,0420,Assens,1083,"Region Syddanmark"
"Kaslund, 5610 Assens",Kaslund,5610,0410,Middelfart,1083,"Region Syddanmark"
"Djeld, 7830 Vinderup",Djeld,7830,0657,Herning,1082,"Region Midtjylland"
"Ebdrup, 8560 Kolind",Ebdrup,8560,0706,Syddjurs,1082,"Region Midtjylland"
"Kastebo, 5683 Haarby",Kastebo,5683,0420,Assens,1083,"Region Syddanmark"
"Lille Søby, 8543 Hornslet","Lille Søby",8543,0706,Syddjurs,1082,"Region Midtjylland"
"Hesle, 5610 Assens",Hesle,5610,0410,Middelfart,1083,"Region Syddanmark"
"Hesle, 5620 Glamsbjerg",Hesle,5620,0420,Assens,1083,"Region Syddanmark"
"Render, 5690 Tommerup",Render,5690,0420,Assens,1083,"Region Syddanmark"
"Kvelstrup, 8420 Knebel",Kvelstrup,8420,0706,Syddjurs,1082,"Region Midtjylland"
"Pederstrup, 4700 Næstved",Pederstrup,4700,0370,Næstved,1085,"Region Sjælland"
"Bendslev, 4250 Fuglebjerg",Bendslev,4250,0330,Slagelse,1085,"Region Sjælland"
"Bendslev, 4262 Sandved",Bendslev,4262,0330,Slagelse,1085,"Region Sjælland"
"Hjulebæk, 4160 Herlufmagle",Hjulebæk,4160,0320,Faxe,1085,"Region Sjælland"
"Trappendal, 6094 Hejls",Trappendal,6094,0510,Haderslev,1083,"Region Syddanmark"
"Oddersted, 7000 Fredericia",Oddersted,7000,0607,Fredericia,1083,"Region Syddanmark"
"Ramme, 7620 Lemvig",Ramme,7620,0665,Lemvig,1082,"Region Midtjylland"
"Lomborg, 7620 Lemvig",Lomborg,7620,0665,Lemvig,1082,"Region Midtjylland"
"Lomborg, 7650 Bøvlingbjerg",Lomborg,7650,0665,Lemvig,1082,"Region Midtjylland"
"Lomborg, 7660 Bækmarksbro",Lomborg,7660,0665,Lemvig,1082,"Region Midtjylland"
"Næblerød, 4250 Fuglebjerg",Næblerød,4250,0330,Slagelse,1085,"Region Sjælland"
"Kalbyris, 4684 Holmegaard",Kalbyris,4684,0320,Faxe,1085,"Region Sjælland"
"Fårup, 4700 Næstved",Fårup,4700,0370,Næstved,1085,"Region Sjælland"
"Åstorp, 6070 Christiansfeld",Åstorp,6070,0510,Haderslev,1083,"Region Syddanmark"
"Åstorp, 6093 Sjølund",Åstorp,6093,0621,Kolding,1083,"Region Syddanmark"
"Højrup, 6064 Jordrup",Højrup,6064,0621,Kolding,1083,"Region Syddanmark"
"Højrup, 6640 Lunderskov",Højrup,6640,0621,Kolding,1083,"Region Syddanmark"
"Rebæk, 6000 Kolding",Rebæk,6000,0621,Kolding,1083,"Region Syddanmark"
"Møborg, 7570 Vemb",Møborg,7570,0661,Holstebro,1082,"Region Midtjylland"
"Møborg, 7660 Bækmarksbro",Møborg,7660,0665,Lemvig,1082,"Region Midtjylland"
"Rom, 7620 Lemvig",Rom,7620,0665,Lemvig,1082,"Region Midtjylland"
"Tystrup, 4250 Fuglebjerg",Tystrup,4250,0330,Slagelse,1085,"Region Sjælland"
"Egholt, 6064 Jordrup",Egholt,6064,0621,Kolding,1083,"Region Syddanmark"
"Egholt, 6640 Lunderskov",Egholt,6640,0621,Kolding,1083,"Region Syddanmark"
"Vejlby, 7673 Harboøre",Vejlby,7673,0665,Lemvig,1082,"Region Midtjylland"
"Ferring, 7620 Lemvig",Ferring,7620,0665,Lemvig,1082,"Region Midtjylland"
"Paris, 7620 Lemvig",Paris,7620,0665,Lemvig,1082,"Region Midtjylland"
"Gudsø, 7000 Fredericia",Gudsø,7000,0607,Fredericia,1083,"Region Syddanmark"
"Skærbæk, 7000 Fredericia",Skærbæk,7000,0607,Fredericia,1083,"Region Syddanmark"
"Trans, 7620 Lemvig",Trans,7620,0665,Lemvig,1082,"Region Midtjylland"
"Agerup, 4700 Næstved",Agerup,4700,0370,Næstved,1085,"Region Sjælland"
"Frørup, 6070 Christiansfeld",Frørup,6070,0510,Haderslev,1083,"Region Syddanmark"
"Martofte, 5390 Martofte",Martofte,5390,0440,Kerteminde,1083,"Region Syddanmark"
"Toksværd, 4684 Holmegaard",Toksværd,4684,0320,Faxe,1085,"Region Sjælland"
"Hammersmølle, 4250 Fuglebjerg",Hammersmølle,4250,0330,Slagelse,1085,"Region Sjælland"
"Stepping, 6070 Christiansfeld",Stepping,6070,0510,Haderslev,1083,"Region Syddanmark"
"Dollerup, 6640 Lunderskov",Dollerup,6640,0621,Kolding,1083,"Region Syddanmark"
"Stubberup, 5390 Martofte",Stubberup,5390,0440,Kerteminde,1083,"Region Syddanmark"
"Drigstrup, 5300 Kerteminde",Drigstrup,5300,0440,Kerteminde,1083,"Region Syddanmark"
"Lov, 4700 Næstved",Lov,4700,0370,Næstved,1085,"Region Sjælland"
"Nødholm, 4171 Glumsø",Nødholm,4171,0370,Næstved,1085,"Region Sjælland"
"Marbjerg, 2640 Hedehusene",Marbjerg,2640,0169,Høje-Taastrup,1084,"Region Hovedstaden"
"Lille Viby, 5300 Kerteminde","Lille Viby",5300,0440,Kerteminde,1083,"Region Syddanmark"
"Bønstrup, 6580 Vamdrup",Bønstrup,6580,0621,Kolding,1083,"Region Syddanmark"
"Horskær, 6580 Vamdrup",Horskær,6580,0621,Kolding,1083,"Region Syddanmark"
"Ganl Almager, 3660 Stenløse","Ganl Almager",3660,0240,Egedal,1084,"Region Hovedstaden"
"Smørumvang, 2765 Smørum",Smørumvang,2765,0240,Egedal,1084,"Region Hovedstaden"
"Ganløse Mørke, 3660 Stenløse","Ganløse Mørke",3660,0240,Egedal,1084,"Region Hovedstaden"
"Spragelse, 4160 Herlufmagle",Spragelse,4160,0320,Faxe,1085,"Region Sjælland"
"Vejlby Mark, 7000 Fredericia","Vejlby Mark",7000,0607,Fredericia,1083,"Region Syddanmark"
"Tårup, 7000 Fredericia",Tårup,7000,0607,Fredericia,1083,"Region Syddanmark"
"Flynder, 7620 Lemvig",Flynder,7620,0665,Lemvig,1082,"Region Midtjylland"
"Flynder, 7650 Bøvlingbjerg",Flynder,7650,0665,Lemvig,1082,"Region Midtjylland"
"Flynder, 7660 Bækmarksbro",Flynder,7660,0665,Lemvig,1082,"Region Midtjylland"
"Drenderup, 6580 Vamdrup",Drenderup,6580,0621,Kolding,1083,"Region Syddanmark"
"Kongsted, 7000 Fredericia",Kongsted,7000,0607,Fredericia,1083,"Region Syddanmark"
"Egeskov, 7000 Fredericia",Egeskov,7000,0607,Fredericia,1083,"Region Syddanmark"
"Bonnet, 7620 Lemvig",Bonnet,7620,0665,Lemvig,1082,"Region Midtjylland"
"Kirkeby, 5771 Stenstrup",Kirkeby,5771,0430,Faaborg-Midtfyn,1083,"Region Syddanmark"
"Hf. Bredegrund, 2300 København S","Hf. Bredegrund",2300,0101,København,1084,"Region Hovedstaden"
"Hf. Solskrænten, 2450 København SV","Hf. Solskrænten",2450,0101,København,1084,"Region Hovedstaden"
"Hf. Stien, 2500 Valby","Hf. Stien",2500,0101,København,1084,"Region Hovedstaden"
"Hf. Rosen, 2300 København S","Hf. Rosen",2300,0101,København,1084,"Region Hovedstaden"
"Hanning, 6900 Skjern",Hanning,6900,0760,Ringkøbing-Skjern,1082,"Region Midtjylland"
"Egebjerg, 5771 Stenstrup",Egebjerg,5771,0430,Faaborg-Midtfyn,1083,"Region Syddanmark"
"Hf. Lersøg.Integra., 2100 København Ø","Hf. Lersøg.Integra.",2100,0101,København,1084,"Region Hovedstaden"
"Revsø, 6070 Christiansfeld",Revsø,6070,0510,Haderslev,1083,"Region Syddanmark"
"Revsø, 6560 Sommersted",Revsø,6560,0510,Haderslev,1083,"Region Syddanmark"
"Stågerup, 5762 Vester Skerninge",Stågerup,5762,0430,Faaborg-Midtfyn,1083,"Region Syddanmark"
"Gravvænge, 5882 Vejstrup",Gravvænge,5882,0479,Svendborg,1083,"Region Syddanmark"
"Hf. Kongedybet, 2770 Kastrup","Hf. Kongedybet",2770,0101,København,1084,"Region Hovedstaden"
"Vrå, 6630 Rødding",Vrå,6630,0510,Haderslev,1083,"Region Syddanmark"
"Faster, 6900 Skjern",Faster,6900,0760,Ringkøbing-Skjern,1082,"Region Midtjylland"
"Lilleby, 6920 Videbæk",Lilleby,6920,0760,Ringkøbing-Skjern,1082,"Region Midtjylland"
"Hf. Elmely, 2300 København S","Hf. Elmely",2300,0101,København,1084,"Region Hovedstaden"
"Hf. Amager Strand, 2300 København S","Hf. Amager Strand",2300,0101,København,1084,"Region Hovedstaden"
"Viftrup, 6971 Spjald",Viftrup,6971,0760,Ringkøbing-Skjern,1082,"Region Midtjylland"
"Ø Herborg, 6920 Videbæk","Ø Herborg",6920,0760,Ringkøbing-Skjern,1082,"Region Midtjylland"
"Gårsdal, 6971 Spjald",Gårsdal,6971,0760,Ringkøbing-Skjern,1082,"Region Midtjylland"
"Bøsøre, 5874 Hesselager",Bøsøre,5874,0450,Nyborg,1083,"Region Syddanmark"
"Kolsnap, 6500 Vojens",Kolsnap,6500,0510,Haderslev,1083,"Region Syddanmark"
"Hjortø, 5700 Svendborg",Hjortø,5700,0479,Svendborg,1083,"Region Syddanmark"
"Mølby, 6560 Sommersted",Mølby,6560,0510,Haderslev,1083,"Region Syddanmark"
"Ferup, 6640 Lunderskov",Ferup,6640,0621,Kolding,1083,"Region Syddanmark"
"Sdr Lyngvig, 6960 Hvide Sande","Sdr Lyngvig",6960,0760,Ringkøbing-Skjern,1082,"Region Midtjylland"
"Br Kirkeby, 6971 Spjald","Br Kirkeby",6971,0760,Ringkøbing-Skjern,1082,"Region Midtjylland"
"Arnitlund, 6500 Vojens",Arnitlund,6500,0510,Haderslev,1083,"Region Syddanmark"
"Uldal, 6500 Vojens",Uldal,6500,0510,Haderslev,1083,"Region Syddanmark"
"Nustrup Mark, 6500 Vojens","Nustrup Mark",6500,0510,Haderslev,1083,"Region Syddanmark"
"Hf. Ringhaven, 6100 Haderslev","Hf. Ringhaven",6100,0510,Haderslev,1083,"Region Syddanmark"
"Vilstrup, 6100 Haderslev",Vilstrup,6100,0510,Haderslev,1083,"Region Syddanmark"
"Hejlsminde, 6094 Hejls",Hejlsminde,6094,0510,Haderslev,1083,"Region Syddanmark"
"Foersum, 6870 Ølgod",Foersum,6870,0573,Varde,1083,"Region Syddanmark"
"Foersum, 6880 Tarm",Foersum,6880,0573,Varde,1083,"Region Syddanmark"
"Gelsbro, 6510 Gram",Gelsbro,6510,0510,Haderslev,1083,"Region Syddanmark"
"Gaasdalhede, 6920 Videbæk",Gaasdalhede,6920,0760,Ringkøbing-Skjern,1082,"Region Midtjylland"
"Gaasdalhede, 7280 Sønder Felding",Gaasdalhede,7280,0657,Herning,1082,"Region Midtjylland"
"Nr Lyngvig, 6960 Hvide Sande","Nr Lyngvig",6960,0760,Ringkøbing-Skjern,1082,"Region Midtjylland"
"Astrup, 6900 Skjern",Astrup,6900,0760,Ringkøbing-Skjern,1082,"Region Midtjylland"
"Sædding, 6900 Skjern",Sædding,6900,0760,Ringkøbing-Skjern,1082,"Region Midtjylland"
"Langager Gde, 6971 Spjald","Langager Gde",6971,0760,Ringkøbing-Skjern,1082,"Region Midtjylland"
"Stadil, 6950 Ringkøbing",Stadil,6950,0760,Ringkøbing-Skjern,1082,"Region Midtjylland"
"Stadil, 6980 Tim",Stadil,6980,0760,Ringkøbing-Skjern,1082,"Region Midtjylland"
"Øster Skerninge, 5700 Svendborg","Øster Skerninge",5700,0479,Svendborg,1083,"Region Syddanmark"
"Øster Skerninge, 5762 Vester Skerninge","Øster Skerninge",5762,0430,Faaborg-Midtfyn,1083,"Region Syddanmark"
"Lakkendrup, 5882 Vejstrup",Lakkendrup,5882,0479,Svendborg,1083,"Region Syddanmark"
"Lakkendrup, 5883 Oure",Lakkendrup,5883,0479,Svendborg,1083,"Region Syddanmark"
"Lakkendrup, 5892 Gudbjerg Sydfyn",Lakkendrup,5892,0479,Svendborg,1083,"Region Syddanmark"
"Appenæs, 4700 Næstved",Appenæs,4700,0370,Næstved,1085,"Region Sjælland"
"Dyves Bro, 4700 Næstved","Dyves Bro",4700,0370,Næstved,1085,"Region Sjælland"
"Sandby, 4160 Herlufmagle",Sandby,4160,0320,Faxe,1085,"Region Sjælland"
"Sandby, 4171 Glumsø",Sandby,4171,0370,Næstved,1085,"Region Sjælland"
"Sparresholm, 4683 Rønnede",Sparresholm,4683,0320,Faxe,1085,"Region Sjælland"
"Brunemose, 4250 Fuglebjerg",Brunemose,4250,0330,Slagelse,1085,"Region Sjælland"
"Hammer Tvede, 4750 Lundby","Hammer Tvede",4750,0370,Næstved,1085,"Region Sjælland"
"Sdr Jellinge, 4250 Fuglebjerg","Sdr Jellinge",4250,0330,Slagelse,1085,"Region Sjælland"
"Sdr Jellinge, 4261 Dalmose","Sdr Jellinge",4261,0330,Slagelse,1085,"Region Sjælland"
"Næstelsø, 4700 Næstved",Næstelsø,4700,0370,Næstved,1085,"Region Sjælland"
"Lille Tvede, 4700 Næstved","Lille Tvede",4700,0370,Næstved,1085,"Region Sjælland"
"Øllerup, 4700 Næstved",Øllerup,4700,0370,Næstved,1085,"Region Sjælland"
"Spjellerup, 4700 Næstved",Spjellerup,4700,0370,Næstved,1085,"Region Sjælland"
"Størlinge, 4700 Næstved",Størlinge,4700,0370,Næstved,1085,"Region Sjælland"
"Størlinge, 4733 Tappernøje",Størlinge,4733,0320,Faxe,1085,"Region Sjælland"
"Fyrendal, 4243 Rude",Fyrendal,4243,0330,Slagelse,1085,"Region Sjælland"
"Juulskov, 5853 Ørbæk",Juulskov,5853,0430,Faaborg-Midtfyn,1083,"Region Syddanmark"
"Lindeskov, 5853 Ørbæk",Lindeskov,5853,0430,Faaborg-Midtfyn,1083,"Region Syddanmark"
"Sentved, 5853 Ørbæk",Sentved,5853,0430,Faaborg-Midtfyn,1083,"Region Syddanmark"
"Sentved, 5871 Frørup",Sentved,5871,0450,Nyborg,1083,"Region Syddanmark"
"Vindinge, 5800 Nyborg",Vindinge,5800,0450,Nyborg,1083,"Region Syddanmark"
"Korkendrup, 5540 Ullerslev",Korkendrup,5540,0440,Kerteminde,1083,"Region Syddanmark"
"Korkendrup, 5800 Nyborg",Korkendrup,5800,0450,Nyborg,1083,"Region Syddanmark"
"Flødstrup, 5540 Ullerslev",Flødstrup,5540,0440,Kerteminde,1083,"Region Syddanmark"
"Ellinge, 5540 Ullerslev",Ellinge,5540,0440,Kerteminde,1083,"Region Syddanmark"
"Lindenborg, 5800 Nyborg",Lindenborg,5800,0450,Nyborg,1083,"Region Syddanmark"
"Ellested, 5853 Ørbæk",Ellested,5853,0430,Faaborg-Midtfyn,1083,"Region Syddanmark"
"Lamdrup, 5853 Ørbæk",Lamdrup,5853,0430,Faaborg-Midtfyn,1083,"Region Syddanmark"
"Lykkesholm, 5853 Ørbæk",Lykkesholm,5853,0430,Faaborg-Midtfyn,1083,"Region Syddanmark"
"Liselund, 5853 Ørbæk",Liselund,5853,0430,Faaborg-Midtfyn,1083,"Region Syddanmark"
"Æble, 5853 Ørbæk",Æble,5853,0430,Faaborg-Midtfyn,1083,"Region Syddanmark"
"Herrested, 5853 Ørbæk",Herrested,5853,0430,Faaborg-Midtfyn,1083,"Region Syddanmark"
"Måreskov, 5853 Ørbæk",Måreskov,5853,0430,Faaborg-Midtfyn,1083,"Region Syddanmark"
"Holckenhavn, 5800 Nyborg",Holckenhavn,5800,0450,Nyborg,1083,"Region Syddanmark"
"Boskov, 6372 Bylderup-Bov",Boskov,6372,0580,Aabenraa,1083,"Region Syddanmark"
"Lerskov, 6230 Rødekro",Lerskov,6230,0580,Aabenraa,1083,"Region Syddanmark"
"Smedager, 6392 Bolderslev",Smedager,6392,0580,Aabenraa,1083,"Region Syddanmark"
"Heds Mark, 6372 Bylderup-Bov","Heds Mark",6372,0580,Aabenraa,1083,"Region Syddanmark"
"Stoltelund, 6360 Tinglev",Stoltelund,6360,0580,Aabenraa,1083,"Region Syddanmark"
"Hjolderup Mk, 6230 Rødekro","Hjolderup Mk",6230,0580,Aabenraa,1083,"Region Syddanmark"
"Mjøls, 6230 Rødekro",Mjøls,6230,0580,Aabenraa,1083,"Region Syddanmark"
"Kliplev, 6200 Aabenraa",Kliplev,6200,0580,Aabenraa,1083,"Region Syddanmark"
"Kollundbjerg, 6340 Kruså",Kollundbjerg,6340,0580,Aabenraa,1083,"Region Syddanmark"
"Nyværk, 6200 Aabenraa",Nyværk,6200,0580,Aabenraa,1083,"Region Syddanmark"
"Akselbjerg, 6200 Aabenraa",Akselbjerg,6200,0580,Aabenraa,1083,"Region Syddanmark"
"Vilsbæk, 6330 Padborg",Vilsbæk,6330,0580,Aabenraa,1083,"Region Syddanmark"
"Løjt Nørresk, 6200 Aabenraa","Løjt Nørresk",6200,0580,Aabenraa,1083,"Region Syddanmark"
"Holbøl, 6340 Kruså",Holbøl,6340,0580,Aabenraa,1083,"Region Syddanmark"
"Hjordkær, 6230 Rødekro",Hjordkær,6230,0580,Aabenraa,1083,"Region Syddanmark"
"Barsølanding, 6200 Aabenraa",Barsølanding,6200,0580,Aabenraa,1083,"Region Syddanmark"
"Lundbæk, 6360 Tinglev",Lundbæk,6360,0580,Aabenraa,1083,"Region Syddanmark"
"Kragelund, 6330 Padborg",Kragelund,6330,0580,Aabenraa,1083,"Region Syddanmark"
"Søst Mark, 6230 Rødekro","Søst Mark",6230,0580,Aabenraa,1083,"Region Syddanmark"
"Gallehus, 6200 Aabenraa",Gallehus,6200,0580,Aabenraa,1083,"Region Syddanmark"
"Klattrup, 6200 Aabenraa",Klattrup,6200,0580,Aabenraa,1083,"Region Syddanmark"
"Løjt Skovby, 6200 Aabenraa","Løjt Skovby",6200,0580,Aabenraa,1083,"Region Syddanmark"
"Vrågård, 6372 Bylderup-Bov",Vrågård,6372,0580,Aabenraa,1083,"Region Syddanmark"
"Hinderup, 6230 Rødekro",Hinderup,6230,0580,Aabenraa,1083,"Region Syddanmark"
"Søgaard, 6200 Aabenraa",Søgaard,6200,0580,Aabenraa,1083,"Region Syddanmark"
"Ustrup, 8660 Skanderborg",Ustrup,8660,0615,Horsens,1082,"Region Midtjylland"
"Jeksen, 8362 Hørning",Jeksen,8362,0746,Skanderborg,1082,"Region Midtjylland"
"Søballe, 8660 Skanderborg",Søballe,8660,0615,Horsens,1082,"Region Midtjylland"
"Tvilum, 8600 Silkeborg",Tvilum,8600,0740,Silkeborg,1082,"Region Midtjylland"
"Tvilum, 8882 Fårvang",Tvilum,8882,0710,Favrskov,1082,"Region Midtjylland"
"Fuglemose, 8620 Kjellerup",Fuglemose,8620,0740,Silkeborg,1082,"Region Midtjylland"
"Herskind, 8464 Galten",Herskind,8464,0746,Skanderborg,1082,"Region Midtjylland"
"Ans, 8643 Ans By",Ans,8643,0740,Silkeborg,1082,"Region Midtjylland"
"Gråmose, 7442 Engesvang",Gråmose,7442,0740,Silkeborg,1082,"Region Midtjylland"
"Gråmose, 8620 Kjellerup",Gråmose,8620,0740,Silkeborg,1082,"Region Midtjylland"
"Oustrup, 8620 Kjellerup",Oustrup,8620,0740,Silkeborg,1082,"Region Midtjylland"
"Svostrup, 8600 Silkeborg",Svostrup,8600,0740,Silkeborg,1082,"Region Midtjylland"
"Hjortsballe, 8653 Them",Hjortsballe,8653,0740,Silkeborg,1082,"Region Midtjylland"
"Gråskov, 8620 Kjellerup",Gråskov,8620,0740,Silkeborg,1082,"Region Midtjylland"
"Voer, 8620 Kjellerup",Voer,8620,0740,Silkeborg,1082,"Region Midtjylland"
"Lykkensprøve, 8653 Them",Lykkensprøve,8653,0740,Silkeborg,1082,"Region Midtjylland"
"Ulstrup, 8740 Brædstrup",Ulstrup,8740,0615,Horsens,1082,"Region Midtjylland"
"St.Bredlund, 8654 Bryrup",St.Bredlund,8654,0615,Horsens,1082,"Region Midtjylland"
"Knudstrup, 8620 Kjellerup",Knudstrup,8620,0740,Silkeborg,1082,"Region Midtjylland"
"Ellerup, 8883 Gjern",Ellerup,8883,0740,Silkeborg,1082,"Region Midtjylland"
"Nivå, 2990 Nivå",Nivå,2990,0210,Fredensborg,1084,"Region Hovedstaden"
"Veksebo, 3480 Fredensborg",Veksebo,3480,0210,Fredensborg,1084,"Region Hovedstaden"
"Skræ, 8620 Kjellerup",Skræ,8620,0740,Silkeborg,1082,"Region Midtjylland"
"Toustrup, 8472 Sporup",Toustrup,8472,0710,Favrskov,1082,"Region Midtjylland"
"Toustrup, 8641 Sorring",Toustrup,8641,0710,Favrskov,1082,"Region Midtjylland"
"Grønholt, 3480 Fredensborg",Grønholt,3480,0210,Fredensborg,1084,"Region Hovedstaden"
"Toelt, 3050 Humlebæk",Toelt,3050,0210,Fredensborg,1084,"Region Hovedstaden"
"Toelt, 3490 Kvistgård",Toelt,3490,0210,Fredensborg,1084,"Region Hovedstaden"
"Brenderup Mk, 5464 Brenderup Fyn","Brenderup Mk",5464,0410,Middelfart,1083,"Region Syddanmark"
"Vejlby, 5500 Middelfart",Vejlby,5500,0410,Middelfart,1083,"Region Syddanmark"
"Bøgelund, 5500 Middelfart",Bøgelund,5500,0410,Middelfart,1083,"Region Syddanmark"
"Skadebjerg, 5580 Nørre Aaby",Skadebjerg,5580,0410,Middelfart,1083,"Region Syddanmark"
"Bro Mølle, 5464 Brenderup Fyn","Bro Mølle",5464,0410,Middelfart,1083,"Region Syddanmark"
"Mosegård, 5580 Nørre Aaby",Mosegård,5580,0410,Middelfart,1083,"Region Syddanmark"
"Mosegård, 5592 Ejby",Mosegård,5592,0410,Middelfart,1083,"Region Syddanmark"
"Udby, 5580 Nørre Aaby",Udby,5580,0410,Middelfart,1083,"Region Syddanmark"
"Roerslev, 5466 Asperup",Roerslev,5466,0410,Middelfart,1083,"Region Syddanmark"
"Fænø, 5500 Middelfart",Fænø,5500,0410,Middelfart,1083,"Region Syddanmark"
"Skrillinge, 5500 Middelfart",Skrillinge,5500,0410,Middelfart,1083,"Region Syddanmark"
"Klokholm, 5560 Aarup",Klokholm,5560,0410,Middelfart,1083,"Region Syddanmark"
"Emtekær, 5592 Ejby",Emtekær,5592,0410,Middelfart,1083,"Region Syddanmark"
"Holse, 5464 Brenderup Fyn",Holse,5464,0410,Middelfart,1083,"Region Syddanmark"
"Harndrup, 5463 Harndrup",Harndrup,5463,0410,Middelfart,1083,"Region Syddanmark"
"Kvottrup, 8471 Sabro",Kvottrup,8471,0710,Favrskov,1082,"Region Midtjylland"
"Tolstrup, 9670 Løgstør",Tolstrup,9670,0820,Vesthimmerlands,1081,"Region Nordjylland"
"Lemming, 8260 Viby J",Lemming,8260,0751,Aarhus,1082,"Region Midtjylland"
"Lemming, 8361 Hasselager",Lemming,8361,0751,Aarhus,1082,"Region Midtjylland"
"Årslev Skov, 8220 Brabrand","Årslev Skov",8220,0751,Aarhus,1082,"Region Midtjylland"
"Bjørumslet, 9670 Løgstør",Bjørumslet,9670,0820,Vesthimmerlands,1081,"Region Nordjylland"
"Sønderlade, 9670 Løgstør",Sønderlade,9670,0820,Vesthimmerlands,1081,"Region Nordjylland"
"Rishede, 8765 Klovborg",Rishede,8765,0615,Horsens,1082,"Region Midtjylland"
"Hvorvarp, 9600 Aars",Hvorvarp,9600,0820,Vesthimmerlands,1081,"Region Nordjylland"
"Oudrup, 9670 Løgstør",Oudrup,9670,0820,Vesthimmerlands,1081,"Region Nordjylland"
"Hvillum, 7361 Ejstrupholm",Hvillum,7361,0630,Vejle,1083,"Region Syddanmark"
"Vesterbølle, 9631 Gedsted",Vesterbølle,9631,0791,Viborg,1082,"Region Midtjylland"
"Gøttrup, 9640 Farsø",Gøttrup,9640,0820,Vesthimmerlands,1081,"Region Nordjylland"
"Helminggård, 9600 Aars",Helminggård,9600,0820,Vesthimmerlands,1081,"Region Nordjylland"
"Kolt, 8361 Hasselager",Kolt,8361,0751,Aarhus,1082,"Region Midtjylland"
"Ravnstrup, 9670 Løgstør",Ravnstrup,9670,0820,Vesthimmerlands,1081,"Region Nordjylland"
"Bygum, 9620 Aalestrup",Bygum,9620,0791,Viborg,1082,"Region Midtjylland"
"Stistrup, 9640 Farsø",Stistrup,9640,0820,Vesthimmerlands,1081,"Region Nordjylland"
"Labing, 8462 Harlev J",Labing,8462,0751,Aarhus,1082,"Region Midtjylland"
"Malle, 9681 Ranum",Malle,9681,0820,Vesthimmerlands,1081,"Region Nordjylland"
"Svenstrup, 9600 Aars",Svenstrup,9600,0820,Vesthimmerlands,1081,"Region Nordjylland"
"Skærshale, 9620 Aalestrup",Skærshale,9620,0791,Viborg,1082,"Region Midtjylland"
"Gl Hampen, 7362 Hampen","Gl Hampen",7362,0740,Silkeborg,1082,"Region Midtjylland"
"Spørring, 8380 Trige",Spørring,8380,0710,Favrskov,1082,"Region Midtjylland"
"Spørring, 8530 Hjortshøj",Spørring,8530,0751,Aarhus,1082,"Region Midtjylland"
"Fjelsø, 9620 Aalestrup",Fjelsø,9620,0791,Viborg,1082,"Region Midtjylland"
"Fjelsø, 9631 Gedsted",Fjelsø,9631,0791,Viborg,1082,"Region Midtjylland"
"Sjøstrup, 9600 Aars",Sjøstrup,9600,0820,Vesthimmerlands,1081,"Region Nordjylland"
"Lyngby, 8220 Brabrand",Lyngby,8220,0751,Aarhus,1082,"Region Midtjylland"
"Lyngby, 8381 Tilst",Lyngby,8381,0751,Aarhus,1082,"Region Midtjylland"
"Lyngby, 8471 Sabro",Lyngby,8471,0710,Favrskov,1082,"Region Midtjylland"
"Lellinge, 4600 Køge",Lellinge,4600,0259,Køge,1085,"Region Sjælland"
"Holme Mølle, 4130 Viby Sjælland","Holme Mølle",4130,0259,Køge,1085,"Region Sjælland"
"Lidemark, 4600 Køge",Lidemark,4600,0259,Køge,1085,"Region Sjælland"
"Lidemark, 4632 Bjæverskov",Lidemark,4632,0259,Køge,1085,"Region Sjælland"
"Lillering, 8462 Harlev J",Lillering,8462,0751,Aarhus,1082,"Region Midtjylland"
"Lillering, 8464 Galten",Lillering,8464,0746,Skanderborg,1082,"Region Midtjylland"
"Vestrup, 9600 Aars",Vestrup,9600,0820,Vesthimmerlands,1081,"Region Nordjylland"
"Årupgårde, 9600 Aars",Årupgårde,9600,0820,Vesthimmerlands,1081,"Region Nordjylland"
"Mosbæk, 9600 Aars",Mosbæk,9600,0820,Vesthimmerlands,1081,"Region Nordjylland"
"Ødemark, 4682 Tureby",Ødemark,4682,0259,Køge,1085,"Region Sjælland"
"Søttrup, 9600 Aars",Søttrup,9600,0820,Vesthimmerlands,1081,"Region Nordjylland"
"Ølsemagle, 4600 Køge",Ølsemagle,4600,0259,Køge,1085,"Region Sjælland"
"Ølsemagle, 4623 Lille Skensved",Ølsemagle,4623,0259,Køge,1085,"Region Sjælland"
"Helminggrd, 9600 Aars",Helminggrd,9600,0820,Vesthimmerlands,1081,"Region Nordjylland"
"Fragtrup, 9640 Farsø",Fragtrup,9640,0820,Vesthimmerlands,1081,"Region Nordjylland"
"Hyllebjerg, 9640 Farsø",Hyllebjerg,9640,0820,Vesthimmerlands,1081,"Region Nordjylland"
"Pedersborg, 4180 Sorø",Pedersborg,4180,0329,Ringsted,1085,"Region Sjælland"
"Stubberup, 4140 Borup",Stubberup,4140,0259,Køge,1085,"Region Sjælland"
"Ishøj, 2635 Ishøj",Ishøj,2635,0183,Ishøj,1084,"Region Hovedstaden"
"Løjenkær, 8300 Odder",Løjenkær,8300,0727,Odder,1082,"Region Midtjylland"
"Vesterby, 7130 Juelsminde",Vesterby,7130,0766,Hedensted,1082,"Region Midtjylland"
"Branderslev, 4900 Nakskov",Branderslev,4900,0360,Lolland,1085,"Region Sjælland"
"Branderslev, 4912 Harpelunde",Branderslev,4912,0360,Lolland,1085,"Region Sjælland"
"Bjerremark, 4970 Rødby",Bjerremark,4970,0360,Lolland,1085,"Region Sjælland"
"Reersnæs, 4941 Bandholm",Reersnæs,4941,0360,Lolland,1085,"Region Sjælland"
"Flaarupmelle, 4960 Holeby",Flaarupmelle,4960,0360,Lolland,1085,"Region Sjælland"
"Roløkke, 4900 Nakskov",Roløkke,4900,0360,Lolland,1085,"Region Sjælland"
"Roløkke, 4913 Horslunde",Roløkke,4913,0360,Lolland,1085,"Region Sjælland"
"Vejleby, 4970 Rødby",Vejleby,4970,0360,Lolland,1085,"Region Sjælland"
"Toftum Bjg, 7600 Struer","Toftum Bjg",7600,0661,Holstebro,1082,"Region Midtjylland"
"Tågerup, 4895 Errindlev",Tågerup,4895,0360,Lolland,1085,"Region Sjælland"
"Tågerup, 4970 Rødby",Tågerup,4970,0360,Lolland,1085,"Region Sjælland"
"Fejø, 4944 Fejø",Fejø,4944,0360,Lolland,1085,"Region Sjælland"
"Købelev, 4900 Nakskov",Købelev,4900,0360,Lolland,1085,"Region Sjælland"
"Købelev, 4912 Harpelunde",Købelev,4912,0360,Lolland,1085,"Region Sjælland"
"Sandby, 4912 Harpelunde",Sandby,4912,0360,Lolland,1085,"Region Sjælland"
"Lindved, 7100 Vejle",Lindved,7100,0630,Vejle,1083,"Region Syddanmark"
"Skjold, 7130 Juelsminde",Skjold,7130,0766,Hedensted,1082,"Region Midtjylland"
"Hjerm, 7500 Holstebro",Hjerm,7500,0657,Herning,1082,"Region Midtjylland"
"Hjerm, 7560 Hjerm",Hjerm,7560,0661,Holstebro,1082,"Region Midtjylland"
"Hjerm, 7830 Vinderup",Hjerm,7830,0657,Herning,1082,"Region Midtjylland"
"Nordlunde, 4900 Nakskov",Nordlunde,4900,0360,Lolland,1085,"Region Sjælland"
"Endeslev, 4652 Hårlev",Endeslev,4652,0320,Faxe,1085,"Region Sjælland"
"Skerrildgård, 8783 Hornsyld",Skerrildgård,8783,0615,Horsens,1082,"Region Midtjylland"
"Snaptun, 7130 Juelsminde",Snaptun,7130,0766,Hedensted,1082,"Region Midtjylland"
"Vester Ørum, 7171 Uldum","Vester Ørum",7171,0766,Hedensted,1082,"Region Midtjylland"
"Juellinge, 4653 Karise",Juellinge,4653,0320,Faxe,1085,"Region Sjælland"
"Renge, 4660 Store Heddinge",Renge,4660,0336,Stevns,1085,"Region Sjælland"
"Fuglse, 4960 Holeby",Fuglse,4960,0360,Lolland,1085,"Region Sjælland"
"Vesternæs, 4900 Nakskov",Vesternæs,4900,0360,Lolland,1085,"Region Sjælland"
"Næsby, 4900 Nakskov",Næsby,4900,0360,Lolland,1085,"Region Sjælland"
"St Tårnby, 4600 Køge","St Tårnby",4600,0259,Køge,1085,"Region Sjælland"
"St Tårnby, 4652 Hårlev","St Tårnby",4652,0320,Faxe,1085,"Region Sjælland"
"Assenbølle, 4895 Errindlev",Assenbølle,4895,0360,Lolland,1085,"Region Sjælland"
"Sandbjerg, 4913 Horslunde",Sandbjerg,4913,0360,Lolland,1085,"Region Sjælland"
"V Nordlunde, 4900 Nakskov","V Nordlunde",4900,0360,Lolland,1085,"Region Sjælland"
"Skovby, 4895 Errindlev",Skovby,4895,0360,Lolland,1085,"Region Sjælland"
"Errindlev Fl, 4895 Errindlev","Errindlev Fl",4895,0360,Lolland,1085,"Region Sjælland"
"St Lindet, 4953 Vesterborg","St Lindet",4953,0360,Lolland,1085,"Region Sjælland"
"Hillested, 4930 Maribo",Hillested,4930,0360,Lolland,1085,"Region Sjælland"
"V Bisholt, 7130 Juelsminde","V Bisholt",7130,0766,Hedensted,1082,"Region Midtjylland"
"Rårup, 7130 Juelsminde",Rårup,7130,0766,Hedensted,1082,"Region Midtjylland"
"Tommestrup, 4660 Store Heddinge",Tommestrup,4660,0336,Stevns,1085,"Region Sjælland"
"Dortheasminde, 7171 Uldum",Dortheasminde,7171,0766,Hedensted,1082,"Region Midtjylland"
"Åstrup, 7130 Juelsminde",Åstrup,7130,0766,Hedensted,1082,"Region Midtjylland"
"Hyldtofte Ø, 4970 Rødby","Hyldtofte Ø",4970,0360,Lolland,1085,"Region Sjælland"
"Nøttrup, 7130 Juelsminde",Nøttrup,7130,0766,Hedensted,1082,"Region Midtjylland"
"Højstrup, 4673 Rødvig Stevns",Højstrup,4673,0336,Stevns,1085,"Region Sjælland"
"Bredfjed, 4970 Rødby",Bredfjed,4970,0360,Lolland,1085,"Region Sjælland"
"Saltvig, 4952 Stokkemarke",Saltvig,4952,0360,Lolland,1085,"Region Sjælland"
"Gammelby, 7140 Stouby",Gammelby,7140,0766,Hedensted,1082,"Region Midtjylland"
"Bro Mølle, 4450 Jyderup","Bro Mølle",4450,0316,Holbæk,1085,"Region Sjælland"
"Årslev, 4200 Slagelse",Årslev,4200,0326,Kalundborg,1085,"Region Sjælland"
"Grinderslev Kloster, 7870 Roslev","Grinderslev Kloster",7870,0779,Skive,1082,"Region Midtjylland"
"Vejsmark, 7870 Roslev",Vejsmark,7870,0779,Skive,1082,"Region Midtjylland"
"Dalby, 4281 Gørlev",Dalby,4281,0326,Kalundborg,1085,"Region Sjælland"
"Landerslev Strand, 3630 Jægerspris","Landerslev Strand",3630,0250,Frederikssund,1084,"Region Hovedstaden"
"Røgerup, 4050 Skibby",Røgerup,4050,0250,Frederikssund,1084,"Region Hovedstaden"
"Rugskov, 4291 Ruds Vedby",Rugskov,4291,0326,Kalundborg,1085,"Region Sjælland"
"Ougtved, 4291 Ruds Vedby",Ougtved,4291,0326,Kalundborg,1085,"Region Sjælland"
"Sømer Skov, 4050 Skibby","Sømer Skov",4050,0250,Frederikssund,1084,"Region Hovedstaden"
"Nikkelborg, 7800 Skive",Nikkelborg,7800,0661,Holstebro,1082,"Region Midtjylland"
"Assens, 9550 Mariager",Assens,9550,0730,Randers,1082,"Region Midtjylland"
"Gierslev, 4270 Høng",Gierslev,4270,0326,Kalundborg,1085,"Region Sjælland"
"Skuldelev, 4050 Skibby",Skuldelev,4050,0250,Frederikssund,1084,"Region Hovedstaden"
"Kåstrup, 7800 Skive",Kåstrup,7800,0661,Holstebro,1082,"Region Midtjylland"
"Kåstrup, 7860 Spøttrup",Kåstrup,7860,0779,Skive,1082,"Region Midtjylland"
"Grisselgårde, 7884 Fur",Grisselgårde,7884,0779,Skive,1082,"Region Midtjylland"
"Sofievang, 4270 Høng",Sofievang,4270,0326,Kalundborg,1085,"Region Sjælland"
"Rønbjerg, 7800 Skive",Rønbjerg,7800,0661,Holstebro,1082,"Region Midtjylland"
"Sdr Andrup, 7860 Spøttrup","Sdr Andrup",7860,0779,Skive,1082,"Region Midtjylland"
"Nørrevejle, 7870 Roslev",Nørrevejle,7870,0779,Skive,1082,"Region Midtjylland"
"Lindum, 7870 Roslev",Lindum,7870,0779,Skive,1082,"Region Midtjylland"
"Vadum, 7860 Spøttrup",Vadum,7860,0779,Skive,1082,"Region Midtjylland"
"Resen, 7800 Skive",Resen,7800,0661,Holstebro,1082,"Region Midtjylland"
"Kattrup, 4450 Jyderup",Kattrup,4450,0316,Holbæk,1085,"Region Sjælland"
"Syvbæk, 4270 Høng",Syvbæk,4270,0326,Kalundborg,1085,"Region Sjælland"
"Kisum, 7800 Skive",Kisum,7800,0661,Holstebro,1082,"Region Midtjylland"
"Thise, 7870 Roslev",Thise,7870,0779,Skive,1082,"Region Midtjylland"
"Krogen, 9500 Hobro",Krogen,9500,0791,Viborg,1082,"Region Midtjylland"
"Snertinge, 4460 Snertinge",Snertinge,4460,0316,Holbæk,1085,"Region Sjælland"
"Smakkerup, 4400 Kalundborg",Smakkerup,4400,0326,Kalundborg,1085,"Region Sjælland"
"Lyby Strand, 7870 Roslev","Lyby Strand",7870,0779,Skive,1082,"Region Midtjylland"
"Slejtrup, 7870 Roslev",Slejtrup,7870,0779,Skive,1082,"Region Midtjylland"
"Nøreng, 7870 Roslev",Nøreng,7870,0779,Skive,1082,"Region Midtjylland"
"Kærby, 4400 Kalundborg",Kærby,4400,0326,Kalundborg,1085,"Region Sjælland"
"Sæbyhøj, 4270 Høng",Sæbyhøj,4270,0326,Kalundborg,1085,"Region Sjælland"
"Gerlev, 3630 Jægerspris",Gerlev,3630,0250,Frederikssund,1084,"Region Hovedstaden"
"Hørby, 9500 Hobro",Hørby,9500,0791,Viborg,1082,"Region Midtjylland"
"Almager, 4291 Ruds Vedby",Almager,4291,0326,Kalundborg,1085,"Region Sjælland"
"Thorsø, 4450 Jyderup",Thorsø,4450,0316,Holbæk,1085,"Region Sjælland"
"Slotsgaarden, 3630 Jægerspris",Slotsgaarden,3630,0250,Frederikssund,1084,"Region Hovedstaden"
"Dalager, 7884 Fur",Dalager,7884,0779,Skive,1082,"Region Midtjylland"
"Husumgårde, 8990 Fårup",Husumgårde,8990,0730,Randers,1082,"Region Midtjylland"
"Blegø, 9510 Arden",Blegø,9510,0840,Rebild,1081,"Region Nordjylland"
"Give Mark, 7323 Give","Give Mark",7323,0630,Vejle,1083,"Region Syddanmark"
"Givskud, 7323 Give",Givskud,7323,0630,Vejle,1083,"Region Syddanmark"
"Bæksgård, 7323 Give",Bæksgård,7323,0630,Vejle,1083,"Region Syddanmark"
"Vemmelund, 7323 Give",Vemmelund,7323,0630,Vejle,1083,"Region Syddanmark"
"Skovsbøl, 7323 Give",Skovsbøl,7323,0630,Vejle,1083,"Region Syddanmark"
"Vive Hede, 9560 Hadsund","Vive Hede",9560,0840,Rebild,1081,"Region Nordjylland"
"Øls, 9500 Hobro",Øls,9500,0791,Viborg,1082,"Region Midtjylland"
"Alstrup, 9550 Mariager",Alstrup,9550,0730,Randers,1082,"Region Midtjylland"
"Styvel, 7300 Jelling",Styvel,7300,0630,Vejle,1083,"Region Syddanmark"
"Ulstrup, 9500 Hobro",Ulstrup,9500,0791,Viborg,1082,"Region Midtjylland"
"Nørup, 7182 Bredsten",Nørup,7182,0630,Vejle,1083,"Region Syddanmark"
"Hf. Tornhøj, 2860 Søborg","Hf. Tornhøj",2860,0101,København,1084,"Region Hovedstaden"
"Manna, 9700 Brønderslev",Manna,9700,0810,Brønderslev,1081,"Region Nordjylland"
"Monstrup, 9500 Hobro",Monstrup,9500,0791,Viborg,1082,"Region Midtjylland"
"Høgelund, 7323 Give",Høgelund,7323,0630,Vejle,1083,"Region Syddanmark"
"Oustrup, 6040 Egtved",Oustrup,6040,0621,Kolding,1083,"Region Syddanmark"
"Førstballe, 7321 Gadbjerg",Førstballe,7321,0630,Vejle,1083,"Region Syddanmark"
"V. Smidstrup, 7321 Gadbjerg","V. Smidstrup",7321,0630,Vejle,1083,"Region Syddanmark"
"V. Smidstrup, 7323 Give","V. Smidstrup",7323,0630,Vejle,1083,"Region Syddanmark"
"Gl Kirk, 9330 Dronninglund","Gl Kirk",9330,0810,Brønderslev,1081,"Region Nordjylland"
"Redsø, 9500 Hobro",Redsø,9500,0791,Viborg,1082,"Region Midtjylland"
"Småkær, 7182 Bredsten",Småkær,7182,0630,Vejle,1083,"Region Syddanmark"
"Stokholm, 9500 Hobro",Stokholm,9500,0791,Viborg,1082,"Region Midtjylland"
"Grønbjerg, 7323 Give",Grønbjerg,7323,0630,Vejle,1083,"Region Syddanmark"
"Dannerhøj, 9330 Dronninglund",Dannerhøj,9330,0810,Brønderslev,1081,"Region Nordjylland"
"Lindet, 7323 Give",Lindet,7323,0630,Vejle,1083,"Region Syddanmark"
"Trøgelborg, 7190 Billund",Trøgelborg,7190,0530,Billund,1083,"Region Syddanmark"
"Andkær Vig, 7080 Børkop","Andkær Vig",7080,0630,Vejle,1083,"Region Syddanmark"
"Nr Hurup, 9560 Hadsund","Nr Hurup",9560,0840,Rebild,1081,"Region Nordjylland"
"Nakkedal, 9500 Hobro",Nakkedal,9500,0791,Viborg,1082,"Region Midtjylland"
"Hestlund, 7323 Give",Hestlund,7323,0630,Vejle,1083,"Region Syddanmark"
"Hestlund, 7330 Brande",Hestlund,7330,0630,Vejle,1083,"Region Syddanmark"
"Askær, 7330 Brande",Askær,7330,0630,Vejle,1083,"Region Syddanmark"
"St. Velling, 7000 Fredericia","St. Velling",7000,0607,Fredericia,1083,"Region Syddanmark"
"Nørreparken, 5985 Søby Ærø",Nørreparken,5985,0492,Ærø,1083,"Region Syddanmark"
"Ommel, 5960 Marstal",Ommel,5960,0492,Ærø,1083,"Region Syddanmark"
"Skærhoved, 7323 Give",Skærhoved,7323,0630,Vejle,1083,"Region Syddanmark"
"Pomphole, 7323 Give",Pomphole,7323,0630,Vejle,1083,"Region Syddanmark"
"Hareskov, 3500 Værløse",Hareskov,3500,0151,Ballerup,1084,"Region Hovedstaden"
"Mosegård, 7323 Give",Mosegård,7323,0630,Vejle,1083,"Region Syddanmark"
"Ødsted, 7100 Vejle",Ødsted,7100,0630,Vejle,1083,"Region Syddanmark"
"Ødsted, 7182 Bredsten",Ødsted,7182,0630,Vejle,1083,"Region Syddanmark"
"Vonge Mark, 7173 Vonge","Vonge Mark",7173,0630,Vejle,1083,"Region Syddanmark"
"Vonge Mark, 7323 Give","Vonge Mark",7323,0630,Vejle,1083,"Region Syddanmark"
"Godthåb, 2740 Skovlunde",Godthåb,2740,0151,Ballerup,1084,"Region Hovedstaden"
"Brøndgården, 2750 Ballerup",Brøndgården,2750,0151,Ballerup,1084,"Region Hovedstaden"
"Dunkærmark, 5970 Ærøskøbing",Dunkærmark,5970,0492,Ærø,1083,"Region Syddanmark"
"Nebbegård, 7000 Fredericia",Nebbegård,7000,0607,Fredericia,1083,"Region Syddanmark"
"Nebbegård, 7080 Børkop",Nebbegård,7080,0630,Vejle,1083,"Region Syddanmark"
"Stuvehøjgård, 2750 Ballerup",Stuvehøjgård,2750,0151,Ballerup,1084,"Region Hovedstaden"
"Fruelund, 7323 Give",Fruelund,7323,0630,Vejle,1083,"Region Syddanmark"
"Hedegård, 9500 Hobro",Hedegård,9500,0791,Viborg,1082,"Region Midtjylland"
"Hedegård, 9560 Hadsund",Hedegård,9560,0840,Rebild,1081,"Region Nordjylland"
"Hellestrup, 4300 Holbæk",Hellestrup,4300,0316,Holbæk,1085,"Region Sjælland"
"Lillevorde Mark, 9280 Storvorde","Lillevorde Mark",9280,0851,Aalborg,1081,"Region Nordjylland"
"Langholt, 9310 Vodskov",Langholt,9310,0851,Aalborg,1081,"Region Nordjylland"
"Vokslev, 9240 Nibe",Vokslev,9240,0820,Vesthimmerlands,1081,"Region Nordjylland"
"Hedegårde, 9240 Nibe",Hedegårde,9240,0820,Vesthimmerlands,1081,"Region Nordjylland"
"Store Ajstrup, 9240 Nibe","Store Ajstrup",9240,0820,Vesthimmerlands,1081,"Region Nordjylland"
"Troldkær, 6630 Rødding",Troldkær,6630,0510,Haderslev,1083,"Region Syddanmark"
"Tuse, 4300 Holbæk",Tuse,4300,0316,Holbæk,1085,"Region Sjælland"
"Tuse, 4532 Gislinge",Tuse,4532,0316,Holbæk,1085,"Region Sjælland"
"Malt, 6600 Vejen",Malt,6600,0575,Vejen,1083,"Region Syddanmark"
"Malt, 6650 Brørup",Malt,6650,0575,Vejen,1083,"Region Syddanmark"
"Gejsing, 6600 Vejen",Gejsing,6600,0575,Vejen,1083,"Region Syddanmark"
"Markeslev, 4300 Holbæk",Markeslev,4300,0316,Holbæk,1085,"Region Sjælland"
"Aatte, 6650 Brørup",Aatte,6650,0575,Vejen,1083,"Region Syddanmark"
"Aatte, 6683 Føvling",Aatte,6683,0561,Esbjerg,1083,"Region Syddanmark"
"Østermarken, 6630 Rødding",Østermarken,6630,0510,Haderslev,1083,"Region Syddanmark"
"Skonager, 6800 Varde",Skonager,6800,0573,Varde,1083,"Region Syddanmark"
"Tarp, 6830 Nørre Nebel",Tarp,6830,0573,Varde,1083,"Region Syddanmark"
"Ågerup, 4390 Vipperød",Ågerup,4390,0316,Holbæk,1085,"Region Sjælland"
"Sønderholm, 9240 Nibe",Sønderholm,9240,0820,Vesthimmerlands,1081,"Region Nordjylland"
"Ø Holsted, 6670 Holsted","Ø Holsted",6670,0561,Esbjerg,1083,"Region Syddanmark"
"Tobøl, 6683 Føvling",Tobøl,6683,0561,Esbjerg,1083,"Region Syddanmark"
"Stestrup Old, 4360 Kirke Eskilstrup","Stestrup Old",4360,0316,Holbæk,1085,"Region Sjælland"
"Maltbæk Mark, 6600 Vejen","Maltbæk Mark",6600,0575,Vejen,1083,"Region Syddanmark"
"Kvanløse, 4300 Holbæk",Kvanløse,4300,0316,Holbæk,1085,"Region Sjælland"
"Bårup, 4360 Kirke Eskilstrup",Bårup,4360,0316,Holbæk,1085,"Region Sjælland"
"Bårup, 4370 Store Merløse",Bårup,4370,0316,Holbæk,1085,"Region Sjælland"
"Lundtofte, 6670 Holsted",Lundtofte,6670,0561,Esbjerg,1083,"Region Syddanmark"
"Lundtofte, 6683 Føvling",Lundtofte,6683,0561,Esbjerg,1083,"Region Syddanmark"
"Tuse Næs, 4300 Holbæk","Tuse Næs",4300,0316,Holbæk,1085,"Region Sjælland"
"Snorup, 9240 Nibe",Snorup,9240,0820,Vesthimmerlands,1081,"Region Nordjylland"
"Gåser, 9362 Gandrup",Gåser,9362,0851,Aalborg,1081,"Region Nordjylland"
"Gåser, 9370 Hals",Gåser,9370,0810,Brønderslev,1081,"Region Nordjylland"
"Tvede, 4440 Mørkøv",Tvede,4440,0316,Holbæk,1085,"Region Sjælland"
"Lunderød, 4340 Tølløse",Lunderød,4340,0316,Holbæk,1085,"Region Sjælland"
"Skovhusene, 4350 Ugerløse",Skovhusene,4350,0316,Holbæk,1085,"Region Sjælland"
"Jukkerup, 4420 Regstrup",Jukkerup,4420,0316,Holbæk,1085,"Region Sjælland"
"Sibberup, 4340 Tølløse",Sibberup,4340,0316,Holbæk,1085,"Region Sjælland"
"Sibberup, 4420 Regstrup",Sibberup,4420,0316,Holbæk,1085,"Region Sjælland"
"Eriksholm, 4300 Holbæk",Eriksholm,4300,0316,Holbæk,1085,"Region Sjælland"
"Eriksholm, 4390 Vipperød",Eriksholm,4390,0316,Holbæk,1085,"Region Sjælland"
"Tyrrestrup, 9240 Nibe",Tyrrestrup,9240,0820,Vesthimmerlands,1081,"Region Nordjylland"
"Lundgårde, 9240 Nibe",Lundgårde,9240,0820,Vesthimmerlands,1081,"Region Nordjylland"
"Ejlstrup, 4390 Vipperød",Ejlstrup,4390,0316,Holbæk,1085,"Region Sjælland"
"Ll. Grandløse, 4300 Holbæk","Ll. Grandløse",4300,0316,Holbæk,1085,"Region Sjælland"
"Faartoft, 7950 Erslev",Faartoft,7950,0773,Morsø,1081,"Region Nordjylland"
"Møllemose, 5900 Rudkøbing",Møllemose,5900,0482,Langeland,1083,"Region Syddanmark"
"Ørkenbjerg, 5900 Rudkøbing",Ørkenbjerg,5900,0482,Langeland,1083,"Region Syddanmark"
"Haugbølle, 5900 Rudkøbing",Haugbølle,5900,0482,Langeland,1083,"Region Syddanmark"
"Haugbølle, 5932 Humble",Haugbølle,5932,0482,Langeland,1083,"Region Syddanmark"
"Lejbølle, 5953 Tranekær",Lejbølle,5953,0482,Langeland,1083,"Region Syddanmark"
"Virksund, 7840 Højslev",Virksund,7840,0779,Skive,1082,"Region Midtjylland"
"Andrup, 7900 Nykøbing M",Andrup,7900,0773,Morsø,1081,"Region Nordjylland"
"Flade, 7900 Nykøbing M",Flade,7900,0773,Morsø,1081,"Region Nordjylland"
"V Assels, 7970 Redsted M","V Assels",7970,0773,Morsø,1081,"Region Nordjylland"
"V Assels, 7990 Øster Assels","V Assels",7990,0773,Morsø,1081,"Region Nordjylland"
"Tressebølle, 5953 Tranekær",Tressebølle,5953,0482,Langeland,1083,"Region Syddanmark"
"Snøde, 5953 Tranekær",Snøde,5953,0482,Langeland,1083,"Region Syddanmark"
"Harre, 7870 Roslev",Harre,7870,0779,Skive,1082,"Region Midtjylland"
"Hou, 5953 Tranekær",Hou,5953,0482,Langeland,1083,"Region Syddanmark"
"Vinstrup, 4390 Vipperød",Vinstrup,4390,0316,Holbæk,1085,"Region Sjælland"
"Toftegaards Fritidshaver, 4420 Regstrup","Toftegaards Fritidshaver",4420,0316,Holbæk,1085,"Region Sjælland"
"Ørndrup, 7960 Karby",Ørndrup,7960,0773,Morsø,1081,"Region Nordjylland"
"Ø Hunderup, 7900 Nykøbing M","Ø Hunderup",7900,0773,Morsø,1081,"Region Nordjylland"
"Ørding, 7990 Øster Assels",Ørding,7990,0773,Morsø,1081,"Region Nordjylland"
"Glomstrup, 7970 Redsted M",Glomstrup,7970,0773,Morsø,1081,"Region Nordjylland"
"Klæsø, 5900 Rudkøbing",Klæsø,5900,0482,Langeland,1083,"Region Syddanmark"
"Stigs Bjergby, 4440 Mørkøv","Stigs Bjergby",4440,0316,Holbæk,1085,"Region Sjælland"
"Kongsdal, 4440 Mørkøv",Kongsdal,4440,0316,Holbæk,1085,"Region Sjælland"
"Hanerup, 4420 Regstrup",Hanerup,4420,0316,Holbæk,1085,"Region Sjælland"
"Gullerup, 7900 Nykøbing M",Gullerup,7900,0773,Morsø,1081,"Region Nordjylland"
"Gullerup, 7950 Erslev",Gullerup,7950,0773,Morsø,1081,"Region Nordjylland"
"Alsted, 7900 Nykøbing M",Alsted,7900,0773,Morsø,1081,"Region Nordjylland"
"Torslunde, 4520 Svinninge",Torslunde,4520,0316,Holbæk,1085,"Region Sjælland"
"Stengade, 5953 Tranekær",Stengade,5953,0482,Langeland,1083,"Region Syddanmark"
"Skarum, 7900 Nykøbing M",Skarum,7900,0773,Morsø,1081,"Region Nordjylland"
"Legind, 7900 Nykøbing M",Legind,7900,0773,Morsø,1081,"Region Nordjylland"
"Nees, 7960 Karby",Nees,7960,0773,Morsø,1081,"Region Nordjylland"
"Bukkemose, 5932 Humble",Bukkemose,5932,0482,Langeland,1083,"Region Syddanmark"
"Sæby, 7870 Roslev",Sæby,7870,0779,Skive,1082,"Region Midtjylland"
"Stenøre, 7884 Fur",Stenøre,7884,0779,Skive,1082,"Region Midtjylland"
"Sdr. Thise, 7870 Roslev","Sdr. Thise",7870,0779,Skive,1082,"Region Midtjylland"
"Agerø, 7960 Karby",Agerø,7960,0773,Morsø,1081,"Region Nordjylland"
"Færker Vig, 7884 Fur","Færker Vig",7884,0779,Skive,1082,"Region Midtjylland"
"Fladmose, 5900 Rudkøbing",Fladmose,5900,0482,Langeland,1083,"Region Syddanmark"
"Vesterby, 5900 Rudkøbing",Vesterby,5900,0482,Langeland,1083,"Region Syddanmark"
"Oure, 5932 Humble",Oure,5932,0482,Langeland,1083,"Region Syddanmark"
"Mollerup, 7900 Nykøbing M",Mollerup,7900,0773,Morsø,1081,"Region Nordjylland"
"Mollerup, 7970 Redsted M",Mollerup,7970,0773,Morsø,1081,"Region Nordjylland"
"Mollerup, 7980 Vils",Mollerup,7980,0773,Morsø,1081,"Region Nordjylland"
"Henninge, 5900 Rudkøbing",Henninge,5900,0482,Langeland,1083,"Region Syddanmark"
"Centrum, 7900 Nykøbing M",Centrum,7900,0773,Morsø,1081,"Region Nordjylland"
"Centrum, 7990 Øster Assels",Centrum,7990,0773,Morsø,1081,"Region Nordjylland"
"Kinderballe, 5932 Humble",Kinderballe,5932,0482,Langeland,1083,"Region Syddanmark"
"Junget, 7870 Roslev",Junget,7870,0779,Skive,1082,"Region Midtjylland"
"Eskov, 7870 Roslev",Eskov,7870,0779,Skive,1082,"Region Midtjylland"
"Tullebølle, 5953 Tranekær",Tullebølle,5953,0482,Langeland,1083,"Region Syddanmark"
"Hytten, 8585 Glesborg",Hytten,8585,0707,Norddjurs,1082,"Region Midtjylland"
"Ramten Hede, 8586 Ørum Djurs","Ramten Hede",8586,0707,Norddjurs,1082,"Region Midtjylland"
"Lystrup, 8961 Allingåbro",Lystrup,8961,0707,Norddjurs,1082,"Region Midtjylland"
"Hegedal Strand, 8585 Glesborg","Hegedal Strand",8585,0707,Norddjurs,1082,"Region Midtjylland"
"Bøsserup, 4500 Nykøbing Sj",Bøsserup,4500,0306,Odsherred,1085,"Region Sjælland"
"Skindbjerg, 8500 Grenaa",Skindbjerg,8500,0707,Norddjurs,1082,"Region Midtjylland"
"Selkær, 8585 Glesborg",Selkær,8585,0707,Norddjurs,1082,"Region Midtjylland"
"Gjerrild, 8500 Grenaa",Gjerrild,8500,0707,Norddjurs,1082,"Region Midtjylland"
"Emmelev, 8500 Grenaa",Emmelev,8500,0707,Norddjurs,1082,"Region Midtjylland"
"Nygård, 4500 Nykøbing Sj",Nygård,4500,0306,Odsherred,1085,"Region Sjælland"
"Allingåbro, 8961 Allingåbro",Allingåbro,8961,0707,Norddjurs,1082,"Region Midtjylland"
"Rygård Strand, 8961 Allingåbro","Rygård Strand",8961,0707,Norddjurs,1082,"Region Midtjylland"
"Næsby, 8500 Grenaa",Næsby,8500,0707,Norddjurs,1082,"Region Midtjylland"
"Vallekilde, 4534 Hørve",Vallekilde,4534,0306,Odsherred,1085,"Region Sjælland"
"Nederskoven, 8500 Grenaa",Nederskoven,8500,0707,Norddjurs,1082,"Region Midtjylland"
"Ring, 8963 Auning",Ring,8963,0706,Syddjurs,1082,"Region Midtjylland"
"Fjellerup Strand, 8585 Glesborg","Fjellerup Strand",8585,0707,Norddjurs,1082,"Region Midtjylland"
"Ndr Vig, 4560 Vig","Ndr Vig",4560,0306,Odsherred,1085,"Region Sjælland"
"Nd Slemming, 8500 Grenaa","Nd Slemming",8500,0707,Norddjurs,1082,"Region Midtjylland"
"Yderby, 4583 Sjællands Odde",Yderby,4583,0306,Odsherred,1085,"Region Sjælland"
"Fausing Mark, 8961 Allingåbro","Fausing Mark",8961,0707,Norddjurs,1082,"Region Midtjylland"
"Høve Strand, 4550 Asnæs","Høve Strand",4550,0306,Odsherred,1085,"Region Sjælland"
"Hvidding, 8830 Tjele",Hvidding,8830,0791,Viborg,1082,"Region Midtjylland"
"Kni, 8586 Ørum Djurs",Kni,8586,0707,Norddjurs,1082,"Region Midtjylland"
"Engelstrup, 4571 Grevinge",Engelstrup,4571,0306,Odsherred,1085,"Region Sjælland"
"Egebjerg, 4500 Nykøbing Sj",Egebjerg,4500,0306,Odsherred,1085,"Region Sjælland"
"Holmstrup, 4500 Nykøbing Sj",Holmstrup,4500,0306,Odsherred,1085,"Region Sjælland"
"Belsmose, 4573 Højby",Belsmose,4573,0306,Odsherred,1085,"Region Sjælland"
"Hedegård, 8585 Glesborg",Hedegård,8585,0707,Norddjurs,1082,"Region Midtjylland"
"Skærvad, 8500 Grenaa",Skærvad,8500,0707,Norddjurs,1082,"Region Midtjylland"
"Glatved, 8444 Balle",Glatved,8444,0706,Syddjurs,1082,"Region Midtjylland"
"Lillevang, 4534 Hørve",Lillevang,4534,0306,Odsherred,1085,"Region Sjælland"
"Emmedsbo Mk, 8585 Glesborg","Emmedsbo Mk",8585,0707,Norddjurs,1082,"Region Midtjylland"
"Lund, 8570 Trustrup",Lund,8570,0706,Syddjurs,1082,"Region Midtjylland"
"Løvenholm, 8963 Auning",Løvenholm,8963,0706,Syddjurs,1082,"Region Midtjylland"
"Bognæs, 4560 Vig",Bognæs,4560,0306,Odsherred,1085,"Region Sjælland"
"Allelev, 8570 Trustrup",Allelev,8570,0706,Syddjurs,1082,"Region Midtjylland"
"Hevring Mk, 8950 Ørsted","Hevring Mk",8950,0707,Norddjurs,1082,"Region Midtjylland"
"Hegedal, 8585 Glesborg",Hegedal,8585,0707,Norddjurs,1082,"Region Midtjylland"
"Klinting, 6830 Nørre Nebel",Klinting,6830,0573,Varde,1083,"Region Syddanmark"
"Knoldeflod, 6800 Varde",Knoldeflod,6800,0573,Varde,1083,"Region Syddanmark"
"Knoldeflod, 6818 Årre",Knoldeflod,6818,0561,Esbjerg,1083,"Region Syddanmark"
"Malle,Horne, 6800 Varde","Malle,Horne",6800,0573,Varde,1083,"Region Syddanmark"
"Højrup, 5750 Ringe",Højrup,5750,0430,Faaborg-Midtfyn,1083,"Region Syddanmark"
"Kobberup, 7850 Stoholm Jyll",Kobberup,7850,0791,Viborg,1082,"Region Midtjylland"
"Naundrup, 9632 Møldrup",Naundrup,9632,0791,Viborg,1082,"Region Midtjylland"
"Tårup, 8831 Løgstrup",Tårup,8831,0791,Viborg,1082,"Region Midtjylland"
"Ore, 5750 Ringe",Ore,5750,0430,Faaborg-Midtfyn,1083,"Region Syddanmark"
"Ore, 5792 Årslev",Ore,5792,0430,Faaborg-Midtfyn,1083,"Region Syddanmark"
"Ravnstrup, 8800 Viborg",Ravnstrup,8800,0740,Silkeborg,1082,"Region Midtjylland"
"Korinth, 5600 Faaborg",Korinth,5600,0430,Faaborg-Midtfyn,1083,"Region Syddanmark"
"Korinth, 5750 Ringe",Korinth,5750,0430,Faaborg-Midtfyn,1083,"Region Syddanmark"
"Roum, 9500 Hobro",Roum,9500,0791,Viborg,1082,"Region Midtjylland"
"Roum, 9632 Møldrup",Roum,9632,0791,Viborg,1082,"Region Midtjylland"
"Visselbjerg, 6800 Varde",Visselbjerg,6800,0573,Varde,1083,"Region Syddanmark"
"Skalmstrup, 7850 Stoholm Jyll",Skalmstrup,7850,0791,Viborg,1082,"Region Midtjylland"
"Løvel, 8830 Tjele",Løvel,8830,0791,Viborg,1082,"Region Midtjylland"
"Hjorthede, 8850 Bjerringbro",Hjorthede,8850,0710,Favrskov,1082,"Region Midtjylland"
"Hjorthede, 8860 Ulstrup",Hjorthede,8860,0710,Favrskov,1082,"Region Midtjylland"
"Søby, 7840 Højslev",Søby,7840,0779,Skive,1082,"Region Midtjylland"
"Skovsende, 7200 Grindsted",Skovsende,7200,0530,Billund,1083,"Region Syddanmark"
"Lyø, 5601 Lyø",Lyø,5601,0430,Faaborg-Midtfyn,1083,"Region Syddanmark"
"Tange, 8850 Bjerringbro",Tange,8850,0710,Favrskov,1082,"Region Midtjylland"
"Trevad, 7800 Skive",Trevad,7800,0661,Holstebro,1082,"Region Midtjylland"
"Tastum, 7800 Skive",Tastum,7800,0661,Holstebro,1082,"Region Midtjylland"
"Tastum, 7850 Stoholm Jyll",Tastum,7850,0791,Viborg,1082,"Region Midtjylland"
"Nymindegab, 6830 Nørre Nebel",Nymindegab,6830,0573,Varde,1083,"Region Syddanmark"
"Roust, 6818 Årre",Roust,6818,0561,Esbjerg,1083,"Region Syddanmark"
"Svanninge, 5600 Faaborg",Svanninge,5600,0430,Faaborg-Midtfyn,1083,"Region Syddanmark"
"Svanninge, 5642 Millinge",Svanninge,5642,0420,Assens,1083,"Region Syddanmark"
"Ø Hæsinge, 5600 Faaborg","Ø Hæsinge",5600,0430,Faaborg-Midtfyn,1083,"Region Syddanmark"
"Ølsted, 5672 Broby",Ølsted,5672,0430,Faaborg-Midtfyn,1083,"Region Syddanmark"
"Brandstrup, 8840 Rødkærsbro",Brandstrup,8840,0740,Silkeborg,1082,"Region Midtjylland"
"Pederstrup, 8830 Tjele",Pederstrup,8830,0791,Viborg,1082,"Region Midtjylland"
"Tange, 6800 Varde",Tange,6800,0573,Varde,1083,"Region Syddanmark"
"Hesselho, 6870 Ølgod",Hesselho,6870,0573,Varde,1083,"Region Syddanmark"
"Skamstrup, 6800 Varde",Skamstrup,6800,0573,Varde,1083,"Region Syddanmark"
"Aasgaard, 6851 Janderup Vestj",Aasgaard,6851,0573,Varde,1083,"Region Syddanmark"
"Kistrup, 5600 Faaborg",Kistrup,5600,0430,Faaborg-Midtfyn,1083,"Region Syddanmark"
"Søfælde, 5750 Ringe",Søfælde,5750,0430,Faaborg-Midtfyn,1083,"Region Syddanmark"
"Skals Mark, 8832 Skals","Skals Mark",8832,0791,Viborg,1082,"Region Midtjylland"
"Findinge, 5750 Ringe",Findinge,5750,0430,Faaborg-Midtfyn,1083,"Region Syddanmark"
"Fusager, 8800 Viborg",Fusager,8800,0740,Silkeborg,1082,"Region Midtjylland"
"Hoddeskov, 6823 Ansager",Hoddeskov,6823,0530,Billund,1083,"Region Syddanmark"
"Agersnap, 6870 Ølgod",Agersnap,6870,0573,Varde,1083,"Region Syddanmark"
"Rynkeby, 5750 Ringe",Rynkeby,5750,0430,Faaborg-Midtfyn,1083,"Region Syddanmark"
"Fiskbæk, 8831 Løgstrup",Fiskbæk,8831,0791,Viborg,1082,"Region Midtjylland"
"Stareklithus, 6840 Oksbøl",Stareklithus,6840,0573,Varde,1083,"Region Syddanmark"
"Hyllerslev, 6851 Janderup Vestj",Hyllerslev,6851,0573,Varde,1083,"Region Syddanmark"
"Lee, 8850 Bjerringbro",Lee,8850,0710,Favrskov,1082,"Region Midtjylland"
"Skringstrup, 8832 Skals",Skringstrup,8832,0791,Viborg,1082,"Region Midtjylland"
"Lysgård, 8800 Viborg",Lysgård,8800,0740,Silkeborg,1082,"Region Midtjylland"
"Birgittelyst, 8800 Viborg",Birgittelyst,8800,0740,Silkeborg,1082,"Region Midtjylland"
"Fjellebro, 5750 Ringe",Fjellebro,5750,0430,Faaborg-Midtfyn,1083,"Region Syddanmark"
"Ny Stenderup, 5672 Broby","Ny Stenderup",5672,0430,Faaborg-Midtfyn,1083,"Region Syddanmark"
"Kistrup, 8830 Tjele",Kistrup,8830,0791,Viborg,1082,"Region Midtjylland"
"Lynderup, 8832 Skals",Lynderup,8832,0791,Viborg,1082,"Region Midtjylland"
"Jomfruens E, 4640 Faxe","Jomfruens E",4640,0320,Faxe,1085,"Region Sjælland"
"Alslev, 4653 Karise",Alslev,4653,0320,Faxe,1085,"Region Sjælland"
"Svogerslev, 4000 Roskilde",Svogerslev,4000,0169,Høje-Taastrup,1084,"Region Hovedstaden"
"Ørum, 7755 Bedsted Thy",Ørum,7755,0787,Thisted,1081,"Region Nordjylland"
"Vor Frue, 4000 Roskilde","Vor Frue",4000,0169,Høje-Taastrup,1084,"Region Hovedstaden"
"Ramsømagle, 4621 Gadstrup",Ramsømagle,4621,0265,Roskilde,1085,"Region Sjælland"
"Danstrup, 3480 Fredensborg",Danstrup,3480,0210,Fredensborg,1084,"Region Hovedstaden"
"Ll Torøje, 4640 Faxe","Ll Torøje",4640,0320,Faxe,1085,"Region Sjælland"
"Draget, 7760 Hurup Thy",Draget,7760,0671,Struer,1082,"Region Midtjylland"
"Jestrup, 7752 Snedsted",Jestrup,7752,0787,Thisted,1081,"Region Nordjylland"
"Trørød, 2950 Vedbæk",Trørød,2950,0223,Hørsholm,1084,"Region Hovedstaden"
"Vesløs, 7742 Vesløs",Vesløs,7742,0787,Thisted,1081,"Region Nordjylland"
"Skårup, 7700 Thisted",Skårup,7700,0787,Thisted,1081,"Region Nordjylland"
"Kamstrup, 4000 Roskilde",Kamstrup,4000,0169,Høje-Taastrup,1084,"Region Hovedstaden"
"Ørholm, 2800 Kongens Lyngby",Ørholm,2800,0157,Gentofte,1084,"Region Hovedstaden"
"Hf. 515, 2730 Herlev","Hf. 515",2730,0151,Ballerup,1084,"Region Hovedstaden"
"Årløse Mark, 4100 Ringsted","Årløse Mark",4100,0259,Køge,1085,"Region Sjælland"
"Øsløs, 7742 Vesløs",Øsløs,7742,0787,Thisted,1081,"Region Nordjylland"
"Eskilstrup, 4683 Rønnede",Eskilstrup,4683,0320,Faxe,1085,"Region Sjælland"
"Eskilstrup, 4733 Tappernøje",Eskilstrup,4733,0320,Faxe,1085,"Region Sjælland"
"Refs, 7760 Hurup Thy",Refs,7760,0671,Struer,1082,"Region Midtjylland"
"Visby, 7755 Bedsted Thy",Visby,7755,0787,Thisted,1081,"Region Nordjylland"
"Visby, 7760 Hurup Thy",Visby,7760,0671,Struer,1082,"Region Midtjylland"
"Kæderup, 4682 Tureby",Kæderup,4682,0259,Køge,1085,"Region Sjælland"
"Nygård, 3000 Helsingør",Nygård,3000,0217,Helsingør,1084,"Region Hovedstaden"
"Ballerum, 7700 Thisted",Ballerum,7700,0787,Thisted,1081,"Region Nordjylland"
"Snedsted, 7752 Snedsted",Snedsted,7752,0787,Thisted,1081,"Region Nordjylland"
"Tikøb, 3080 Tikøb",Tikøb,3080,0217,Helsingør,1084,"Region Hovedstaden"
"Ålsgårde, 3140 Ålsgårde",Ålsgårde,3140,0217,Helsingør,1084,"Region Hovedstaden"
"Tved, 7700 Thisted",Tved,7700,0787,Thisted,1081,"Region Nordjylland"
"Tved, 7730 Hanstholm",Tved,7730,0787,Thisted,1081,"Region Nordjylland"
"Saunte, 3100 Hornbæk",Saunte,3100,0217,Helsingør,1084,"Region Hovedstaden"
"Saunte, 3140 Ålsgårde",Saunte,3140,0217,Helsingør,1084,"Region Hovedstaden"
"Årup, 7752 Snedsted",Årup,7752,0787,Thisted,1081,"Region Nordjylland"
"Tingstrup, 7700 Thisted",Tingstrup,7700,0787,Thisted,1081,"Region Nordjylland"
"Bistrup, 3100 Hornbæk",Bistrup,3100,0217,Helsingør,1084,"Region Hovedstaden"
"Næstrup, 7700 Thisted",Næstrup,7700,0787,Thisted,1081,"Region Nordjylland"
"Kjæstrup, 7760 Hurup Thy",Kjæstrup,7760,0671,Struer,1082,"Region Midtjylland"
"Sneslev, 4100 Ringsted",Sneslev,4100,0259,Køge,1085,"Region Sjælland"
"Sneslev, 4690 Haslev",Sneslev,4690,0320,Faxe,1085,"Region Sjælland"
"Morsbøl, 6823 Ansager",Morsbøl,6823,0530,Billund,1083,"Region Syddanmark"
"Morsbøl, 7200 Grindsted",Morsbøl,7200,0530,Billund,1083,"Region Syddanmark"
"Klinting, 6400 Sønderborg",Klinting,6400,0540,Sønderborg,1083,"Region Syddanmark"
"Himmark, 6430 Nordborg",Himmark,6430,0540,Sønderborg,1083,"Region Syddanmark"
"Mjanghøj, 6470 Sydals",Mjanghøj,6470,0540,Sønderborg,1083,"Region Syddanmark"
"Gyrstinge, 4100 Ringsted",Gyrstinge,4100,0259,Køge,1085,"Region Sjælland"
"Gyrstinge, 4173 Fjenneslev",Gyrstinge,4173,0329,Ringsted,1085,"Region Sjælland"
"Gyrstinge, 4180 Sorø",Gyrstinge,4180,0329,Ringsted,1085,"Region Sjælland"
"Guderup, 6430 Nordborg",Guderup,6430,0540,Sønderborg,1083,"Region Syddanmark"
"Dynt, 6310 Broager",Dynt,6310,0540,Sønderborg,1083,"Region Syddanmark"
"Skjoldenæsholm, 4174 Jystrup Midtsj",Skjoldenæsholm,4174,0259,Køge,1085,"Region Sjælland"
"Skjoldenæsholm, 4330 Hvalsø",Skjoldenæsholm,4330,0316,Holbæk,1085,"Region Sjælland"
"Brund, 7700 Thisted",Brund,7700,0787,Thisted,1081,"Region Nordjylland"
"Skovsende, 7260 Sønder Omme",Skovsende,7260,0530,Billund,1083,"Region Syddanmark"
"Vibøge, 6470 Sydals",Vibøge,6470,0540,Sønderborg,1083,"Region Syddanmark"
"Hardeshøj, 6430 Nordborg",Hardeshøj,6430,0540,Sønderborg,1083,"Region Syddanmark"
"Ørslev, 4100 Ringsted",Ørslev,4100,0259,Køge,1085,"Region Sjælland"
"Vigersted, 4100 Ringsted",Vigersted,4100,0259,Køge,1085,"Region Sjælland"
"Vigersted, 4140 Borup",Vigersted,4140,0259,Køge,1085,"Region Sjælland"
"Valsømagle, 4100 Ringsted",Valsømagle,4100,0259,Køge,1085,"Region Sjælland"
"Valsømagle, 4174 Jystrup Midtsj",Valsømagle,4174,0259,Køge,1085,"Region Sjælland"
"Eg, 7200 Grindsted",Eg,7200,0530,Billund,1083,"Region Syddanmark"
"Høed, 4100 Ringsted",Høed,4100,0259,Køge,1085,"Region Sjælland"
"Høed, 4174 Jystrup Midtsj",Høed,4174,0259,Køge,1085,"Region Sjælland"
"Hf Balstrup Vænge, 4100 Ringsted","Hf Balstrup Vænge",4100,0259,Køge,1085,"Region Sjælland"
"Rindby, 6720 Fanø",Rindby,6720,0563,Fanø,1083,"Region Syddanmark"
"Lavensby Mark, 6430 Nordborg","Lavensby Mark",6430,0540,Sønderborg,1083,"Region Syddanmark"
"Ringsted Mark, 4100 Ringsted","Ringsted Mark",4100,0259,Køge,1085,"Region Sjælland"
"Sønderho, 6720 Fanø",Sønderho,6720,0563,Fanø,1083,"Region Syddanmark"
"Albertslund, 2620 Albertslund",Albertslund,2620,0151,Ballerup,1084,"Region Hovedstaden"
"Askjær, 7250 Hejnsvig",Askjær,7250,0530,Billund,1083,"Region Syddanmark"
"Lysabildskov, 6470 Sydals",Lysabildskov,6470,0540,Sønderborg,1083,"Region Syddanmark"
"Ørslev U.Skoven, 4100 Ringsted","Ørslev U.Skoven",4100,0259,Køge,1085,"Region Sjælland"
"Valsølille, 4100 Ringsted",Valsølille,4100,0259,Køge,1085,"Region Sjælland"
"Valsølille, 4174 Jystrup Midtsj",Valsølille,4174,0259,Køge,1085,"Region Sjælland"
"Humbæk, 6470 Sydals",Humbæk,6470,0540,Sønderborg,1083,"Region Syddanmark"
"Broballe, 6430 Nordborg",Broballe,6430,0540,Sønderborg,1083,"Region Syddanmark"
"Juellingshl, 7260 Sønder Omme",Juellingshl,7260,0530,Billund,1083,"Region Syddanmark"
"Broballe Mark, 6430 Nordborg","Broballe Mark",6430,0540,Sønderborg,1083,"Region Syddanmark"
"Augustenhof, 6430 Nordborg",Augustenhof,6430,0540,Sønderborg,1083,"Region Syddanmark"
"Skelde, 6310 Broager",Skelde,6310,0540,Sønderborg,1083,"Region Syddanmark"
"Alnor, 6300 Gråsten",Alnor,6300,0540,Sønderborg,1083,"Region Syddanmark"
"Stevning, 6430 Nordborg",Stevning,6430,0540,Sønderborg,1083,"Region Syddanmark"
"Sarup, 6470 Sydals",Sarup,6470,0540,Sønderborg,1083,"Region Syddanmark"
"Hf. Sønderskov, 6400 Sønderborg","Hf. Sønderskov",6400,0540,Sønderborg,1083,"Region Syddanmark"
"Randers By, 8900 Randers C","Randers By",8900,0730,Randers,1082,"Region Midtjylland"
"Randers By, 8920 Randers NV","Randers By",8920,0730,Randers,1082,"Region Midtjylland"
"Randers By, 8930 Randers NØ","Randers By",8930,0730,Randers,1082,"Region Midtjylland"
"Udbyhøj, 8970 Havndal",Udbyhøj,8970,0730,Randers,1082,"Region Midtjylland"
"Bøgelunde, 4230 Skælskør",Bøgelunde,4230,0330,Slagelse,1085,"Region Sjælland"
"Bøgelunde, 4243 Rude",Bøgelunde,4243,0330,Slagelse,1085,"Region Sjælland"
"Bøgelunde, 4261 Dalmose",Bøgelunde,4261,0330,Slagelse,1085,"Region Sjælland"
"Hulby, 4220 Korsør",Hulby,4220,0330,Slagelse,1085,"Region Sjælland"
"Sønderupsønder, 4230 Skælskør",Sønderupsønder,4230,0330,Slagelse,1085,"Region Sjælland"
"Sønderupsønder, 4242 Boeslunde",Sønderupsønder,4242,0330,Slagelse,1085,"Region Sjælland"
"Linde Tvede, 8930 Randers NØ","Linde Tvede",8930,0730,Randers,1082,"Region Midtjylland"
"Bøstrup, 4200 Slagelse",Bøstrup,4200,0326,Kalundborg,1085,"Region Sjælland"
"Tebbestrup, 8940 Randers SV",Tebbestrup,8940,0710,Favrskov,1082,"Region Midtjylland"
"Hjortlund Mk, 6760 Ribe","Hjortlund Mk",6760,0561,Esbjerg,1083,"Region Syddanmark"
"Kristrup, 8960 Randers SØ",Kristrup,8960,0710,Favrskov,1082,"Region Midtjylland"
"Skovsgård, 4200 Slagelse",Skovsgård,4200,0326,Kalundborg,1085,"Region Sjælland"
"Nordrup, 4200 Slagelse",Nordrup,4200,0326,Kalundborg,1085,"Region Sjælland"
"Johannesberg, 8870 Langå",Johannesberg,8870,0710,Favrskov,1082,"Region Midtjylland"
"Slyngborg, 8960 Randers SØ",Slyngborg,8960,0710,Favrskov,1082,"Region Midtjylland"
"Floes, 8960 Randers SØ",Floes,8960,0710,Favrskov,1082,"Region Midtjylland"
"Lindeskov, 4230 Skælskør",Lindeskov,4230,0330,Slagelse,1085,"Region Sjælland"
"Væth, 8870 Langå",Væth,8870,0710,Favrskov,1082,"Region Midtjylland"
"Gjerlev J, 8983 Gjerlev J","Gjerlev J",8983,0730,Randers,1082,"Region Midtjylland"
"Dagsvad, 8870 Langå",Dagsvad,8870,0710,Favrskov,1082,"Region Midtjylland"
"Jennum, 8981 Spentrup",Jennum,8981,0730,Randers,1082,"Region Midtjylland"
"Askegårde, 4230 Skælskør",Askegårde,4230,0330,Slagelse,1085,"Region Sjælland"
"Bjærup, 4200 Slagelse",Bjærup,4200,0326,Kalundborg,1085,"Region Sjælland"
"Drastrup Kær, 8960 Randers SØ","Drastrup Kær",8960,0710,Favrskov,1082,"Region Midtjylland"
"Havrebjerg, 4200 Slagelse",Havrebjerg,4200,0326,Kalundborg,1085,"Region Sjælland"
"Vester Bøgebjerg, 4220 Korsør","Vester Bøgebjerg",4220,0330,Slagelse,1085,"Region Sjælland"
"Fårup, 8990 Fårup",Fårup,8990,0730,Randers,1082,"Region Midtjylland"
"Haveforeningen Vasen, 8920 Randers NV","Haveforeningen Vasen",8920,0730,Randers,1082,"Region Midtjylland"
"Svenstrup, 4220 Korsør",Svenstrup,4220,0330,Slagelse,1085,"Region Sjælland"
"Øster Stillinge, 4200 Slagelse","Øster Stillinge",4200,0326,Kalundborg,1085,"Region Sjælland"
"Sønderup, 4230 Skælskør",Sønderup,4230,0330,Slagelse,1085,"Region Sjælland"
"Sønderup, 4242 Boeslunde",Sønderup,4242,0330,Slagelse,1085,"Region Sjælland"
"Fløjstrup Mk, 8960 Randers SØ","Fløjstrup Mk",8960,0710,Favrskov,1082,"Region Midtjylland"
"Båslunde, 4230 Skælskør",Båslunde,4230,0330,Slagelse,1085,"Region Sjælland"
"Tvede, 8930 Randers NØ",Tvede,8930,0730,Randers,1082,"Region Midtjylland"
"Jebjerg, 8870 Langå",Jebjerg,8870,0710,Favrskov,1082,"Region Midtjylland"
"Høve, 4261 Dalmose",Høve,4261,0330,Slagelse,1085,"Region Sjælland"
"Falkensteen, 4200 Slagelse",Falkensteen,4200,0326,Kalundborg,1085,"Region Sjælland"
"Hyllested, 4261 Dalmose",Hyllested,4261,0330,Slagelse,1085,"Region Sjælland"
"Radby, 5491 Blommenslyst",Radby,5491,0461,Odense,1083,"Region Syddanmark"
"Radby, 5492 Vissenbjerg",Radby,5492,0420,Assens,1083,"Region Syddanmark"
"Nørre Herlev, 3400 Hillerød","Nørre Herlev",3400,0201,Allerød,1084,"Region Hovedstaden"
"Høbjerg, 3200 Helsinge",Høbjerg,3200,0219,Hillerød,1084,"Region Hovedstaden"
"Annisse, 3200 Helsinge",Annisse,3200,0219,Hillerød,1084,"Region Hovedstaden"
"Tibirke Sand, 3300 Frederiksværk","Tibirke Sand",3300,0260,Halsnæs,1084,"Region Hovedstaden"
"Nørlev, 9800 Hjørring",Nørlev,9800,0860,Hjørring,1081,"Region Nordjylland"
"Smidstrup, 9760 Vrå",Smidstrup,9760,0810,Brønderslev,1081,"Region Nordjylland"
"Skallerup Klit, 9800 Hjørring","Skallerup Klit",9800,0860,Hjørring,1081,"Region Nordjylland"
"Stenmaglebjerg, 4230 Skælskør",Stenmaglebjerg,4230,0330,Slagelse,1085,"Region Sjælland"
"Hovhave, 5200 Odense V",Hovhave,5200,0461,Odense,1083,"Region Syddanmark"
"Bellinge, 5250 Odense SV",Bellinge,5250,0461,Odense,1083,"Region Syddanmark"
"Rakkeby, 9800 Hjørring",Rakkeby,9800,0860,Hjørring,1081,"Region Nordjylland"
"Tversted, 9881 Bindslev",Tversted,9881,0813,Frederikshavn,1081,"Region Nordjylland"
"Morild, 9830 Tårs",Morild,9830,0813,Frederikshavn,1081,"Region Nordjylland"
"Vedbynørre, 4200 Slagelse",Vedbynørre,4200,0326,Kalundborg,1085,"Region Sjælland"
"Bolbro, 5200 Odense V",Bolbro,5200,0461,Odense,1083,"Region Syddanmark"
"Biskorup, 5240 Odense NØ",Biskorup,5240,0461,Odense,1083,"Region Syddanmark"
"Em, 9760 Vrå",Em,9760,0810,Brønderslev,1081,"Region Nordjylland"
"Helsinge, 3200 Helsinge",Helsinge,3200,0219,Hillerød,1084,"Region Hovedstaden"
"Tolnekirkeby, 9870 Sindal",Tolnekirkeby,9870,0813,Frederikshavn,1081,"Region Nordjylland"
"Bjergby, 9800 Hjørring",Bjergby,9800,0860,Hjørring,1081,"Region Nordjylland"
"Bjergby, 9850 Hirtshals",Bjergby,9850,0860,Hjørring,1081,"Region Nordjylland"
"Nejlinge, 3200 Helsinge",Nejlinge,3200,0219,Hillerød,1084,"Region Hovedstaden"
"Horne Terp, 9850 Hirtshals","Horne Terp",9850,0860,Hjørring,1081,"Region Nordjylland"
"Ulstrup, 9480 Løkken",Ulstrup,9480,0810,Brønderslev,1081,"Region Nordjylland"
"Lyshøj, 3230 Græsted",Lyshøj,3230,0217,Helsingør,1084,"Region Hovedstaden"
"Vidstrup, 9800 Hjørring",Vidstrup,9800,0860,Hjørring,1081,"Region Nordjylland"
"S Harritslev, 9800 Hjørring","S Harritslev",9800,0860,Hjørring,1081,"Region Nordjylland"
"Nr Harritsl, 9800 Hjørring","Nr Harritsl",9800,0860,Hjørring,1081,"Region Nordjylland"
"Freerslev, 3330 Gørløse",Freerslev,3330,0219,Hillerød,1084,"Region Hovedstaden"
"Freerslev, 3400 Hillerød",Freerslev,3400,0201,Allerød,1084,"Region Hovedstaden"
"Ravnebjerg, 5250 Odense SV",Ravnebjerg,5250,0461,Odense,1083,"Region Syddanmark"
"Ravnebjerg, 5491 Blommenslyst",Ravnebjerg,5491,0461,Odense,1083,"Region Syddanmark"
"Kolsbæk, 3200 Helsinge",Kolsbæk,3200,0219,Hillerød,1084,"Region Hovedstaden"
"Kolsbæk, 3210 Vejby",Kolsbæk,3210,0270,Gribskov,1084,"Region Hovedstaden"
"Kolsbæk, 3230 Græsted",Kolsbæk,3230,0217,Helsingør,1084,"Region Hovedstaden"
"Hesbjerg, 3120 Dronningmølle",Hesbjerg,3120,0270,Gribskov,1084,"Region Hovedstaden"
"Hesbjerg, 3250 Gilleleje",Hesbjerg,3250,0270,Gribskov,1084,"Region Hovedstaden"
"Næsbyhoved-Broby, 5270 Odense N",Næsbyhoved-Broby,5270,0461,Odense,1083,"Region Syddanmark"
"Masnedsund, 4760 Vordingborg",Masnedsund,4760,0390,Vordingborg,1085,"Region Sjælland"
"Gundslevmagle, 4840 Nørre Alslev",Gundslevmagle,4840,0376,Guldborgsund,1085,"Region Sjælland"
"Gundslevmagle, 4863 Eskilstrup",Gundslevmagle,4863,0376,Guldborgsund,1085,"Region Sjælland"
"Kartofte, 4990 Sakskøbing",Kartofte,4990,0376,Guldborgsund,1085,"Region Sjælland"
"Gedesby, 4874 Gedser",Gedesby,4874,0376,Guldborgsund,1085,"Region Sjælland"
"Såby, 8752 Østbirk",Såby,8752,0615,Horsens,1082,"Region Midtjylland"
"Ustrup, 8732 Hovedgård",Ustrup,8732,0615,Horsens,1082,"Region Midtjylland"
"Bogø, 4793 Bogø By",Bogø,4793,0390,Vordingborg,1085,"Region Sjælland"
"Torkilstrup, 4850 Stubbekøbing",Torkilstrup,4850,0376,Guldborgsund,1085,"Region Sjælland"
"Torkilstrup, 4863 Eskilstrup",Torkilstrup,4863,0376,Guldborgsund,1085,"Region Sjælland"
"Nørreby, 4780 Stege",Nørreby,4780,0390,Vordingborg,1085,"Region Sjælland"
"Nørreby, 4791 Borre",Nørreby,4791,0390,Vordingborg,1085,"Region Sjælland"
"Røddinge, 4780 Stege",Røddinge,4780,0390,Vordingborg,1085,"Region Sjælland"
"Røddinge, 4792 Askeby",Røddinge,4792,0390,Vordingborg,1085,"Region Sjælland"
"Guldborg, 4862 Guldborg",Guldborg,4862,0376,Guldborgsund,1085,"Region Sjælland"
"Sprove, 4780 Stege",Sprove,4780,0390,Vordingborg,1085,"Region Sjælland"
"Vålse, 4840 Nørre Alslev",Vålse,4840,0376,Guldborgsund,1085,"Region Sjælland"
"Træden, 8740 Brædstrup",Træden,8740,0615,Horsens,1082,"Region Midtjylland"
"Sejet, 8700 Horsens",Sejet,8700,0615,Horsens,1082,"Region Midtjylland"
"Højlund, 8660 Skanderborg",Højlund,8660,0615,Horsens,1082,"Region Midtjylland"
"Havnen, 8700 Horsens",Havnen,8700,0615,Horsens,1082,"Region Midtjylland"
"Hårup, 8740 Brædstrup",Hårup,8740,0615,Horsens,1082,"Region Midtjylland"
"Haldrup, 8700 Horsens",Haldrup,8700,0615,Horsens,1082,"Region Midtjylland"
"Lundumskov, 8700 Horsens",Lundumskov,8700,0615,Horsens,1082,"Region Midtjylland"
"Farø, 4793 Bogø By",Farø,4793,0390,Vordingborg,1085,"Region Sjælland"
"Roneklint St, 4720 Præstø","Roneklint St",4720,0390,Vordingborg,1085,"Region Sjælland"
"Fjelde, 4990 Sakskøbing",Fjelde,4990,0376,Guldborgsund,1085,"Region Sjælland"
"Koster, 4780 Stege",Koster,4780,0390,Vordingborg,1085,"Region Sjælland"
"Ore, 4850 Stubbekøbing",Ore,4850,0376,Guldborgsund,1085,"Region Sjælland"
"Troelstrup, 8740 Brædstrup",Troelstrup,8740,0615,Horsens,1082,"Region Midtjylland"
"Borupgård, 8751 Gedved",Borupgård,8751,0615,Horsens,1082,"Region Midtjylland"
"Bislund, 8732 Hovedgård",Bislund,8732,0615,Horsens,1082,"Region Midtjylland"
"Houmarken, 4792 Askeby",Houmarken,4792,0390,Vordingborg,1085,"Region Sjælland"
"Urup, 8752 Østbirk",Urup,8752,0615,Horsens,1082,"Region Midtjylland"
"Kollerup, 8740 Brædstrup",Kollerup,8740,0615,Horsens,1082,"Region Midtjylland"
"Oens, 8700 Horsens",Oens,8700,0615,Horsens,1082,"Region Midtjylland"
"Vantore, 4880 Nysted",Vantore,4880,0376,Guldborgsund,1085,"Region Sjælland"
"Skibinge, 4720 Præstø",Skibinge,4720,0390,Vordingborg,1085,"Region Sjælland"
"Askeby, 4792 Askeby",Askeby,4792,0390,Vordingborg,1085,"Region Sjælland"
"Vingum, 8740 Brædstrup",Vingum,8740,0615,Horsens,1082,"Region Midtjylland"
"Bannerup, 4863 Eskilstrup",Bannerup,4863,0376,Guldborgsund,1085,"Region Sjælland"
"Bregninge, 4892 Kettinge",Bregninge,4892,0376,Guldborgsund,1085,"Region Sjælland"
"Yding Latt, 8660 Skanderborg","Yding Latt",8660,0615,Horsens,1082,"Region Midtjylland"
"Fanefj Skov, 4792 Askeby","Fanefj Skov",4792,0390,Vordingborg,1085,"Region Sjælland"
"Horbelev, 4871 Horbelev",Horbelev,4871,0376,Guldborgsund,1085,"Region Sjælland"
"Favrlund, 6760 Ribe",Favrlund,6760,0561,Esbjerg,1083,"Region Syddanmark"
"Birk, 7400 Herning",Birk,7400,0657,Herning,1082,"Region Midtjylland"
"Gevninge Ovd, 4000 Roskilde","Gevninge Ovd",4000,0169,Høje-Taastrup,1084,"Region Hovedstaden"
"Vitten, 8382 Hinnerup",Vitten,8382,0710,Favrskov,1082,"Region Midtjylland"
"Aptrup, 8450 Hammel",Aptrup,8450,0710,Favrskov,1082,"Region Midtjylland"
"Aptrup, 8881 Thorsø",Aptrup,8881,0710,Favrskov,1082,"Region Midtjylland"
"Gl Lejre, 4000 Roskilde","Gl Lejre",4000,0169,Høje-Taastrup,1084,"Region Hovedstaden"
"Gl Lejre, 4320 Lejre","Gl Lejre",4320,0259,Køge,1085,"Region Sjælland"
"Langvadbjerg, 7400 Herning",Langvadbjerg,7400,0657,Herning,1082,"Region Midtjylland"
"Vellev, 8860 Ulstrup",Vellev,8860,0710,Favrskov,1082,"Region Midtjylland"
"Vellev, 8870 Langå",Vellev,8870,0710,Favrskov,1082,"Region Midtjylland"
"Rigtrup, 8370 Hadsten",Rigtrup,8370,0710,Favrskov,1082,"Region Midtjylland"
"Mannerup, 4320 Lejre",Mannerup,4320,0259,Køge,1085,"Region Sjælland"
"Bryndum, 6715 Esbjerg N",Bryndum,6715,0561,Esbjerg,1083,"Region Syddanmark"
"St Darum, 6740 Bramming","St Darum",6740,0561,Esbjerg,1083,"Region Syddanmark"
"Haunstrup, 7400 Herning",Haunstrup,7400,0657,Herning,1082,"Region Midtjylland"
"Haunstrup, 7480 Vildbjerg",Haunstrup,7480,0657,Herning,1082,"Region Midtjylland"
"Spandet Mark, 6760 Ribe","Spandet Mark",6760,0561,Esbjerg,1083,"Region Syddanmark"
"Skovbyen, 7400 Herning",Skovbyen,7400,0657,Herning,1082,"Region Midtjylland"
"Hedebyen, 7400 Herning",Hedebyen,7400,0657,Herning,1082,"Region Midtjylland"
"Røved, 8370 Hadsten",Røved,8370,0710,Favrskov,1082,"Region Midtjylland"
"Tind, 8850 Bjerringbro",Tind,8850,0710,Favrskov,1082,"Region Midtjylland"
"Viftrup, 7830 Vinderup",Viftrup,7830,0657,Herning,1082,"Region Midtjylland"
"Råhede, 6760 Ribe",Råhede,6760,0561,Esbjerg,1083,"Region Syddanmark"
"Jernved, 6771 Gredstedbro",Jernved,6771,0561,Esbjerg,1083,"Region Syddanmark"
"Mygind Skov, 8370 Hadsten","Mygind Skov",8370,0710,Favrskov,1082,"Region Midtjylland"
"Mellem Mølle, 8370 Hadsten","Mellem Mølle",8370,0710,Favrskov,1082,"Region Midtjylland"
"Hunderup, 6740 Bramming",Hunderup,6740,0561,Esbjerg,1083,"Region Syddanmark"
"Volstrup, 8370 Hadsten",Volstrup,8370,0710,Favrskov,1082,"Region Midtjylland"
"Vong, 6740 Bramming",Vong,6740,0561,Esbjerg,1083,"Region Syddanmark"
"Kærbøl, 6760 Ribe",Kærbøl,6760,0561,Esbjerg,1083,"Region Syddanmark"
"Snejbjerg, 7400 Herning",Snejbjerg,7400,0657,Herning,1082,"Region Midtjylland"
"Granslev, 8870 Langå",Granslev,8870,0710,Favrskov,1082,"Region Midtjylland"
"Voldby, 8450 Hammel",Voldby,8450,0710,Favrskov,1082,"Region Midtjylland"
"Skærbæk, 7400 Herning",Skærbæk,7400,0657,Herning,1082,"Region Midtjylland"
"Tolstrup, 4330 Hvalsø",Tolstrup,4330,0316,Holbæk,1085,"Region Sjælland"
"Klåby, 6760 Ribe",Klåby,6760,0561,Esbjerg,1083,"Region Syddanmark"
"Øster Vedsted Mark, 6760 Ribe","Øster Vedsted Mark",6760,0561,Esbjerg,1083,"Region Syddanmark"
"Seem Mark, 6760 Ribe","Seem Mark",6760,0561,Esbjerg,1083,"Region Syddanmark"
"Aidt, 8881 Thorsø",Aidt,8881,0710,Favrskov,1082,"Region Midtjylland"
"Astrup, 8881 Thorsø",Astrup,8881,0710,Favrskov,1082,"Region Midtjylland"
"Uglestrup, 4060 Kirke Såby",Uglestrup,4060,0350,Lejre,1085,"Region Sjælland"
"Ebberup Bk, 5610 Assens","Ebberup Bk",5610,0410,Middelfart,1083,"Region Syddanmark"
"Mygindlund, 5610 Assens",Mygindlund,5610,0410,Middelfart,1083,"Region Syddanmark"
"Gærum, 9900 Frederikshavn",Gærum,9900,0813,Frederikshavn,1081,"Region Nordjylland"
"Korup, 9560 Hadsund",Korup,9560,0840,Rebild,1081,"Region Nordjylland"
"Korup, 9575 Terndrup",Korup,9575,0840,Rebild,1081,"Region Nordjylland"
"Gadholt, 9900 Frederikshavn",Gadholt,9900,0813,Frederikshavn,1081,"Region Nordjylland"
"Signekær, 5683 Haarby",Signekær,5683,0420,Assens,1083,"Region Syddanmark"
"Holte, 5620 Glamsbjerg",Holte,5620,0420,Assens,1083,"Region Syddanmark"
"Gammelholm, 9541 Suldrup",Gammelholm,9541,0820,Vesthimmerlands,1081,"Region Nordjylland"
"Rasteanlæg Himmerland Vest, 9541 Suldrup","Rasteanlæg Himmerland Vest",9541,0820,Vesthimmerlands,1081,"Region Nordjylland"
"Gummerup, 5620 Glamsbjerg",Gummerup,5620,0420,Assens,1083,"Region Syddanmark"
"Alenbæk, 5620 Glamsbjerg",Alenbæk,5620,0420,Assens,1083,"Region Syddanmark"
"Råbjerg, 9982 Ålbæk",Råbjerg,9982,0813,Frederikshavn,1081,"Region Nordjylland"
"Hæsum, 9530 Støvring",Hæsum,9530,0840,Rebild,1081,"Region Nordjylland"
"Høed, 5620 Glamsbjerg",Høed,5620,0420,Assens,1083,"Region Syddanmark"
"Rævedam, 5690 Tommerup",Rævedam,5690,0420,Assens,1083,"Region Syddanmark"
"Nedermarken, 5560 Aarup",Nedermarken,5560,0410,Middelfart,1083,"Region Syddanmark"
"Gribsvad, 5560 Aarup",Gribsvad,5560,0410,Middelfart,1083,"Region Syddanmark"
"St Binderup, 9600 Aars","St Binderup",9600,0820,Vesthimmerlands,1081,"Region Nordjylland"
"St Binderup, 9610 Nørager","St Binderup",9610,0820,Vesthimmerlands,1081,"Region Nordjylland"
"Sønderup, 9541 Suldrup",Sønderup,9541,0820,Vesthimmerlands,1081,"Region Nordjylland"
"Allinge, 3770 Allinge",Allinge,3770,0400,Bornholm,1084,"Region Hovedstaden"
"Glamsdalen, 5620 Glamsbjerg",Glamsdalen,5620,0420,Assens,1083,"Region Syddanmark"
"Erdals Bakke, 5631 Ebberup","Erdals Bakke",5631,0420,Assens,1083,"Region Syddanmark"
"Damsbo, 5683 Haarby",Damsbo,5683,0420,Assens,1083,"Region Syddanmark"
"Bremmerud, 5560 Aarup",Bremmerud,5560,0410,Middelfart,1083,"Region Syddanmark"
"Sandvig, 3770 Allinge",Sandvig,3770,0400,Bornholm,1084,"Region Hovedstaden"
"Sandvig, 3790 Hasle",Sandvig,3790,0400,Bornholm,1084,"Region Hovedstaden"
"Ladegård, 5560 Aarup",Ladegård,5560,0410,Middelfart,1083,"Region Syddanmark"
"Hestholm, 5610 Assens",Hestholm,5610,0410,Middelfart,1083,"Region Syddanmark"
"Balka, 3730 Nexø",Balka,3730,0400,Bornholm,1084,"Region Hovedstaden"
"Brahesholm, 5620 Glamsbjerg",Brahesholm,5620,0420,Assens,1083,"Region Syddanmark"
"Lobbæk, 3720 Aakirkeby",Lobbæk,3720,0400,Bornholm,1084,"Region Hovedstaden"
"Flenstofte, 5683 Haarby",Flenstofte,5683,0420,Assens,1083,"Region Syddanmark"
"Tårup, 5610 Assens",Tårup,5610,0410,Middelfart,1083,"Region Syddanmark"
"Koelbjerg, 5492 Vissenbjerg",Koelbjerg,5492,0420,Assens,1083,"Region Syddanmark"
"Ejlskov, 5471 Søndersø",Ejlskov,5471,0480,Nordfyns,1083,"Region Syddanmark"
"Tøttrup, 9541 Suldrup",Tøttrup,9541,0820,Vesthimmerlands,1081,"Region Nordjylland"
"Gudhjem, 3760 Gudhjem",Gudhjem,3760,0400,Bornholm,1084,"Region Hovedstaden"
"Østrup, 9541 Suldrup",Østrup,9541,0820,Vesthimmerlands,1081,"Region Nordjylland"
"Aarsdale, 3740 Svaneke",Aarsdale,3740,0400,Bornholm,1084,"Region Hovedstaden"
"Tejn, 3770 Allinge",Tejn,3770,0400,Bornholm,1084,"Region Hovedstaden"
"Kristiansminde, 5450 Otterup",Kristiansminde,5450,0480,Nordfyns,1083,"Region Syddanmark"
"Snave Dam, 5683 Haarby","Snave Dam",5683,0420,Assens,1083,"Region Syddanmark"
"Skovmøllen, 5474 Veflinge",Skovmøllen,5474,0480,Nordfyns,1083,"Region Syddanmark"
"Østerballe, 5450 Otterup",Østerballe,5450,0480,Nordfyns,1083,"Region Syddanmark"
"Elbjerg, 9610 Nørager",Elbjerg,9610,0820,Vesthimmerlands,1081,"Region Nordjylland"
"Bradsted, 9541 Suldrup",Bradsted,9541,0820,Vesthimmerlands,1081,"Region Nordjylland"
"Sønderup Bro, 9541 Suldrup","Sønderup Bro",9541,0820,Vesthimmerlands,1081,"Region Nordjylland"
"Holmehave, 5690 Tommerup",Holmehave,5690,0420,Assens,1083,"Region Syddanmark"
"Slåentorn, 5683 Haarby",Slåentorn,5683,0420,Assens,1083,"Region Syddanmark"
"Busted, 9541 Suldrup",Busted,9541,0820,Vesthimmerlands,1081,"Region Nordjylland"
"Skovgårde, 5471 Søndersø",Skovgårde,5471,0480,Nordfyns,1083,"Region Syddanmark"
"Slettemose, 5400 Bogense",Slettemose,5400,0480,Nordfyns,1083,"Region Syddanmark"
"Solderupmark, 6270 Tønder",Solderupmark,6270,0550,Tønder,1083,"Region Syddanmark"
"Vestergårde, 6520 Toftlund",Vestergårde,6520,0510,Haderslev,1083,"Region Syddanmark"
"Mosbøl, 6780 Skærbæk",Mosbøl,6780,0550,Tønder,1083,"Region Syddanmark"
"Gåsblok, 6240 Løgumkloster",Gåsblok,6240,0550,Tønder,1083,"Region Syddanmark"
"Stenderup, 6520 Toftlund",Stenderup,6520,0510,Haderslev,1083,"Region Syddanmark"
"Vigerslev, 5471 Søndersø",Vigerslev,5471,0480,Nordfyns,1083,"Region Syddanmark"
"Gallehus, 6270 Tønder",Gallehus,6270,0550,Tønder,1083,"Region Syddanmark"
"Tidsholm, 6270 Tønder",Tidsholm,6270,0550,Tønder,1083,"Region Syddanmark"
"Møllehus, 6270 Tønder",Møllehus,6270,0550,Tønder,1083,"Region Syddanmark"
"Sivkro, 6240 Løgumkloster",Sivkro,6240,0550,Tønder,1083,"Region Syddanmark"
"Grippenfeld, 6270 Tønder",Grippenfeld,6270,0550,Tønder,1083,"Region Syddanmark"
"Gungerne, 5400 Bogense",Gungerne,5400,0480,Nordfyns,1083,"Region Syddanmark"
"Guldbjerg, 5400 Bogense",Guldbjerg,5400,0480,Nordfyns,1083,"Region Syddanmark"
"Langø, 5400 Bogense",Langø,5400,0480,Nordfyns,1083,"Region Syddanmark"
"Kongsmark, 6792 Rømø",Kongsmark,6792,0550,Tønder,1083,"Region Syddanmark"
"Bredstrup, 5450 Otterup",Bredstrup,5450,0480,Nordfyns,1083,"Region Syddanmark"
"Nørreby Str, 5400 Bogense","Nørreby Str",5400,0480,Nordfyns,1083,"Region Syddanmark"
"Blæsbjerg, 5462 Morud",Blæsbjerg,5462,0480,Nordfyns,1083,"Region Syddanmark"
"Kærgård, 6280 Højer",Kærgård,6280,0550,Tønder,1083,"Region Syddanmark"
"Bredbjerg, 6780 Skærbæk",Bredbjerg,6780,0550,Tønder,1083,"Region Syddanmark"
"Sønderby, 6792 Rømø",Sønderby,6792,0550,Tønder,1083,"Region Syddanmark"
"Svenstrup, 5471 Søndersø",Svenstrup,5471,0480,Nordfyns,1083,"Region Syddanmark"
"Hindevad, 5471 Søndersø",Hindevad,5471,0480,Nordfyns,1083,"Region Syddanmark"
"Storvig, 6520 Toftlund",Storvig,6520,0510,Haderslev,1083,"Region Syddanmark"
"Mårbæk, 6240 Løgumkloster",Mårbæk,6240,0550,Tønder,1083,"Region Syddanmark"
"Brøndstrup, 5485 Skamby",Brøndstrup,5485,0480,Nordfyns,1083,"Region Syddanmark"
"Harritslev, 5400 Bogense",Harritslev,5400,0480,Nordfyns,1083,"Region Syddanmark"
"Vråby, 6792 Rømø",Vråby,6792,0550,Tønder,1083,"Region Syddanmark"
"Koldkåd, 6240 Løgumkloster",Koldkåd,6240,0550,Tønder,1083,"Region Syddanmark"
"Mellerup, 6534 Agerskov",Mellerup,6534,0510,Haderslev,1083,"Region Syddanmark"
"Nr Tvismark, 6792 Rømø","Nr Tvismark",6792,0550,Tønder,1083,"Region Syddanmark"
"Troldal, 5471 Søndersø",Troldal,5471,0480,Nordfyns,1083,"Region Syddanmark"
"Agernæs, 5450 Otterup",Agernæs,5450,0480,Nordfyns,1083,"Region Syddanmark"
"Mosbøl, 6240 Løgumkloster",Mosbøl,6240,0550,Tønder,1083,"Region Syddanmark"
"Ullemølle, 6780 Skærbæk",Ullemølle,6780,0550,Tønder,1083,"Region Syddanmark"
"Skårup, 5400 Bogense",Skårup,5400,0480,Nordfyns,1083,"Region Syddanmark"
"Fjederløkken, 5400 Bogense",Fjederløkken,5400,0480,Nordfyns,1083,"Region Syddanmark"
"Tokkerod, 5462 Morud",Tokkerod,5462,0480,Nordfyns,1083,"Region Syddanmark"
"Keldby, 4780 Stege",Keldby,4780,0390,Vordingborg,1085,"Region Sjælland"
"Oksgård, 6534 Agerskov",Oksgård,6534,0510,Haderslev,1083,"Region Syddanmark"
"Kokkenborg, 6520 Toftlund",Kokkenborg,6520,0510,Haderslev,1083,"Region Syddanmark"
"Vestermølle, 6240 Løgumkloster",Vestermølle,6240,0550,Tønder,1083,"Region Syddanmark"
"Kelleby, 5471 Søndersø",Kelleby,5471,0480,Nordfyns,1083,"Region Syddanmark"
"Melby, 5471 Søndersø",Melby,5471,0480,Nordfyns,1083,"Region Syddanmark"
"Krogsbølle, 5450 Otterup",Krogsbølle,5450,0480,Nordfyns,1083,"Region Syddanmark"
"Kærbølling, 6780 Skærbæk",Kærbølling,6780,0550,Tønder,1083,"Region Syddanmark"
"Skovby, 5400 Bogense",Skovby,5400,0480,Nordfyns,1083,"Region Syddanmark"
"Kosterslev, 5471 Søndersø",Kosterslev,5471,0480,Nordfyns,1083,"Region Syddanmark"
"Kosterslev, 5474 Veflinge",Kosterslev,5474,0480,Nordfyns,1083,"Region Syddanmark"
"Uggerslev Hede, 5450 Otterup","Uggerslev Hede",5450,0480,Nordfyns,1083,"Region Syddanmark"
"Hessum Mose, 5450 Otterup","Hessum Mose",5450,0480,Nordfyns,1083,"Region Syddanmark"
"Hemmerslev, 5471 Søndersø",Hemmerslev,5471,0480,Nordfyns,1083,"Region Syddanmark"
"Vester Lunde, 5270 Odense N","Vester Lunde",5270,0461,Odense,1083,"Region Syddanmark"
"Vester Lunde, 5450 Otterup","Vester Lunde",5450,0480,Nordfyns,1083,"Region Syddanmark"
"Vældgård, 6261 Bredebro",Vældgård,6261,0550,Tønder,1083,"Region Syddanmark"
"Frederiksgård, 6240 Løgumkloster",Frederiksgård,6240,0550,Tønder,1083,"Region Syddanmark"
"Rugbjerg, 5400 Bogense",Rugbjerg,5400,0480,Nordfyns,1083,"Region Syddanmark"
"Toghale, 6270 Tønder",Toghale,6270,0550,Tønder,1083,"Region Syddanmark"
"Mjolden, 6780 Skærbæk",Mjolden,6780,0550,Tønder,1083,"Region Syddanmark"
"V Egense Mrk, 5400 Bogense","V Egense Mrk",5400,0480,Nordfyns,1083,"Region Syddanmark"
"V Egense, 5400 Bogense","V Egense",5400,0480,Nordfyns,1083,"Region Syddanmark"
"Bederslev Dale, 5450 Otterup","Bederslev Dale",5450,0480,Nordfyns,1083,"Region Syddanmark"
"Kørup Mark, 5450 Otterup","Kørup Mark",5450,0480,Nordfyns,1083,"Region Syddanmark"
"Jørgensø Strand, 5450 Otterup","Jørgensø Strand",5450,0480,Nordfyns,1083,"Region Syddanmark"
"St Tønde, 6270 Tønder","St Tønde",6270,0550,Tønder,1083,"Region Syddanmark"
"Løgum Bjerge, 6240 Løgumkloster","Løgum Bjerge",6240,0550,Tønder,1083,"Region Syddanmark"
"Nymark, 5471 Søndersø",Nymark,5471,0480,Nordfyns,1083,"Region Syddanmark"
"Tanderup, 9690 Fjerritslev",Tanderup,9690,0849,Jammerbugt,1081,"Region Nordjylland"
"Dejret, 8420 Knebel",Dejret,8420,0706,Syddjurs,1082,"Region Midtjylland"
"Mergelsbæk, 9490 Pandrup",Mergelsbæk,9490,0849,Jammerbugt,1081,"Region Nordjylland"
"Kolindsund, 8560 Kolind",Kolindsund,8560,0706,Syddjurs,1082,"Region Midtjylland"
"Følle, 8410 Rønde",Følle,8410,0706,Syddjurs,1082,"Region Midtjylland"
"Bratbjerggrd, 9460 Brovst",Bratbjerggrd,9460,0849,Jammerbugt,1081,"Region Nordjylland"
"Fillerup, 8300 Odder",Fillerup,8300,0727,Odder,1082,"Region Midtjylland"
"Trekroner, 9690 Fjerritslev",Trekroner,9690,0849,Jammerbugt,1081,"Region Nordjylland"
"Sødrup, 8350 Hundslund",Sødrup,8350,0727,Odder,1082,"Region Midtjylland"
"Kettrupgaard, 9480 Løkken",Kettrupgaard,9480,0810,Brønderslev,1081,"Region Nordjylland"
"Rendbæk, 9493 Saltum",Rendbæk,9493,0849,Jammerbugt,1081,"Region Nordjylland"
"Handrup, 8400 Ebeltoft",Handrup,8400,0706,Syddjurs,1082,"Region Midtjylland"
"Handrup, 8410 Rønde",Handrup,8410,0706,Syddjurs,1082,"Region Midtjylland"
"Stadsevase, 8581 Nimtofte",Stadsevase,8581,0706,Syddjurs,1082,"Region Midtjylland"
"Oldrup, 8350 Hundslund",Oldrup,8350,0727,Odder,1082,"Region Midtjylland"
"Aakjær, 8300 Odder",Aakjær,8300,0727,Odder,1082,"Region Midtjylland"
"Aakjær, 8350 Hundslund",Aakjær,8350,0727,Odder,1082,"Region Midtjylland"
"Felshøj, 8350 Hundslund",Felshøj,8350,0727,Odder,1082,"Region Midtjylland"
"Thorup, 9690 Fjerritslev",Thorup,9690,0849,Jammerbugt,1081,"Region Nordjylland"
"Gjøl, 9440 Aabybro",Gjøl,9440,0810,Brønderslev,1081,"Region Nordjylland"
"Grønnestrand, 9690 Fjerritslev",Grønnestrand,9690,0849,Jammerbugt,1081,"Region Nordjylland"
"Fårup, 8544 Mørke",Fårup,8544,0706,Syddjurs,1082,"Region Midtjylland"
"Nølev, 8300 Odder",Nølev,8300,0727,Odder,1082,"Region Midtjylland"
"Pederstrup, 8560 Kolind",Pederstrup,8560,0706,Syddjurs,1082,"Region Midtjylland"
"Rude Strand, 8300 Odder","Rude Strand",8300,0727,Odder,1082,"Region Midtjylland"
"Dyngby Strand, 8300 Odder","Dyngby Strand",8300,0727,Odder,1082,"Region Midtjylland"
"Tvenstrup, 8300 Odder",Tvenstrup,8300,0727,Odder,1082,"Region Midtjylland"
"Tranekær, 9490 Pandrup",Tranekær,9490,0849,Jammerbugt,1081,"Region Nordjylland"
"Toggerbo, 8420 Knebel",Toggerbo,8420,0706,Syddjurs,1082,"Region Midtjylland"
"Kærende, 8550 Ryomgård",Kærende,8550,0706,Syddjurs,1082,"Region Midtjylland"
"Kærende, 8581 Nimtofte",Kærende,8581,0706,Syddjurs,1082,"Region Midtjylland"
"Hejlskov, 8544 Mørke",Hejlskov,8544,0706,Syddjurs,1082,"Region Midtjylland"
"V Drøstrup, 9690 Fjerritslev","V Drøstrup",9690,0849,Jammerbugt,1081,"Region Nordjylland"
"Skræm, 9690 Fjerritslev",Skræm,9690,0849,Jammerbugt,1081,"Region Nordjylland"
"Helledi, 9490 Pandrup",Helledi,9490,0849,Jammerbugt,1081,"Region Nordjylland"
"Koed, 8560 Kolind",Koed,8560,0706,Syddjurs,1082,"Region Midtjylland"
"Egens, 8410 Rønde",Egens,8410,0706,Syddjurs,1082,"Region Midtjylland"
"Hune, 9492 Blokhus",Hune,9492,0849,Jammerbugt,1081,"Region Nordjylland"
"Hune, 9493 Saltum",Hune,9493,0849,Jammerbugt,1081,"Region Nordjylland"
"Sondrup, 8350 Hundslund",Sondrup,8350,0727,Odder,1082,"Region Midtjylland"
"Tingskoven, 9690 Fjerritslev",Tingskoven,9690,0849,Jammerbugt,1081,"Region Nordjylland"
"Klim Klit, 9690 Fjerritslev","Klim Klit",9690,0849,Jammerbugt,1081,"Region Nordjylland"
"Vistoft, 8420 Knebel",Vistoft,8420,0706,Syddjurs,1082,"Region Midtjylland"
"Skovgårde, 5610 Assens",Skovgårde,5610,0410,Middelfart,1083,"Region Syddanmark"
"Mårup, 8305 Samsø",Mårup,8305,0741,Samsø,1082,"Region Midtjylland"
"Pillemark, 8305 Samsø",Pillemark,8305,0741,Samsø,1082,"Region Midtjylland"
"Tanderup, 8305 Samsø",Tanderup,8305,0741,Samsø,1082,"Region Midtjylland"
"Kolby, 8305 Samsø",Kolby,8305,0741,Samsø,1082,"Region Midtjylland"
"Vrangdal, 8560 Kolind",Vrangdal,8560,0706,Syddjurs,1082,"Region Midtjylland"
"Bågø, 5610 Assens",Bågø,5610,0410,Middelfart,1083,"Region Syddanmark"
"Blåkilde, 5610 Assens",Blåkilde,5610,0410,Middelfart,1083,"Region Syddanmark"
"Langemark, 8305 Samsø",Langemark,8305,0741,Samsø,1082,"Region Midtjylland"
"Dragsmur, 8420 Knebel",Dragsmur,8420,0706,Syddjurs,1082,"Region Midtjylland"
"Hvam, 7500 Holstebro",Hvam,7500,0657,Herning,1082,"Region Midtjylland"
"Femmøller Strand, 8400 Ebeltoft","Femmøller Strand",8400,0706,Syddjurs,1082,"Region Midtjylland"
"Feldballe, 8410 Rønde",Feldballe,8410,0706,Syddjurs,1082,"Region Midtjylland"
"Hvidemose, 7830 Vinderup",Hvidemose,7830,0657,Herning,1082,"Region Midtjylland"
"Naur, 7500 Holstebro",Naur,7500,0657,Herning,1082,"Region Midtjylland"
"Naur, 7600 Struer",Naur,7600,0661,Holstebro,1082,"Region Midtjylland"
"Gravlev, 8400 Ebeltoft",Gravlev,8400,0706,Syddjurs,1082,"Region Midtjylland"
"Skørring, 8544 Mørke",Skørring,8544,0706,Syddjurs,1082,"Region Midtjylland"
"Hyllested Bj, 8400 Ebeltoft","Hyllested Bj",8400,0706,Syddjurs,1082,"Region Midtjylland"
"Bjørnkjær, 7830 Vinderup",Bjørnkjær,7830,0657,Herning,1082,"Region Midtjylland"
"Femmøller, 8400 Ebeltoft",Femmøller,8400,0706,Syddjurs,1082,"Region Midtjylland"
"Mariendal, 5610 Assens",Mariendal,5610,0410,Middelfart,1083,"Region Syddanmark"
"Ultang, 7830 Vinderup",Ultang,7830,0657,Herning,1082,"Region Midtjylland"
"Fjand, 6990 Ulfborg",Fjand,6990,0657,Herning,1082,"Region Midtjylland"
"Magtenbølle, 5492 Vissenbjerg",Magtenbølle,5492,0420,Assens,1083,"Region Syddanmark"
"Egerup, 5610 Assens",Egerup,5610,0410,Middelfart,1083,"Region Syddanmark"
"Egerup, 5631 Ebberup",Egerup,5631,0420,Assens,1083,"Region Syddanmark"
"Løgismose, 5683 Haarby",Løgismose,5683,0420,Assens,1083,"Region Syddanmark"
"Andebølle, 5492 Vissenbjerg",Andebølle,5492,0420,Assens,1083,"Region Syddanmark"
"Navr, 7500 Holstebro",Navr,7500,0657,Herning,1082,"Region Midtjylland"
"Billeskov, 5560 Aarup",Billeskov,5560,0410,Middelfart,1083,"Region Syddanmark"
"Strærup, 5683 Haarby",Strærup,5683,0420,Assens,1083,"Region Syddanmark"
"Bjerrehuse, 7830 Vinderup",Bjerrehuse,7830,0657,Herning,1082,"Region Midtjylland"
"Svenstr Mrk, 8581 Nimtofte","Svenstr Mrk",8581,0706,Syddjurs,1082,"Region Midtjylland"
"Borup, 8543 Hornslet",Borup,8543,0706,Syddjurs,1082,"Region Midtjylland"
"Kerte, 5560 Aarup",Kerte,5560,0410,Middelfart,1083,"Region Syddanmark"
"Gunderup, 7830 Vinderup",Gunderup,7830,0657,Herning,1082,"Region Midtjylland"
"Rosenholm, 8543 Hornslet",Rosenholm,8543,0706,Syddjurs,1082,"Region Midtjylland"
"Akkerup, 5683 Haarby",Akkerup,5683,0420,Assens,1083,"Region Syddanmark"
"Ørsted, 5620 Glamsbjerg",Ørsted,5620,0420,Assens,1083,"Region Syddanmark"
"Stærmose, 5690 Tommerup",Stærmose,5690,0420,Assens,1083,"Region Syddanmark"
"Viftrup, 7540 Haderup",Viftrup,7540,0657,Herning,1082,"Region Midtjylland"
"Handbjerg, 7500 Holstebro",Handbjerg,7500,0657,Herning,1082,"Region Midtjylland"
"Handbjerg, 7830 Vinderup",Handbjerg,7830,0657,Herning,1082,"Region Midtjylland"
"Knebel, 8420 Knebel",Knebel,8420,0706,Syddjurs,1082,"Region Midtjylland"
"Korup, 8410 Rønde",Korup,8410,0706,Syddjurs,1082,"Region Midtjylland"
"Erritsø, 7000 Fredericia",Erritsø,7000,0607,Fredericia,1083,"Region Syddanmark"
"Øverup, 4700 Næstved",Øverup,4700,0370,Næstved,1085,"Region Sjælland"
"Tåstrup, 4700 Næstved",Tåstrup,4700,0370,Næstved,1085,"Region Sjælland"
"Guderup, 4700 Næstved",Guderup,4700,0370,Næstved,1085,"Region Sjælland"
"Gelballe, 6640 Lunderskov",Gelballe,6640,0621,Kolding,1083,"Region Syddanmark"
"Rønnebæksholm, 4700 Næstved",Rønnebæksholm,4700,0370,Næstved,1085,"Region Sjælland"
"Binderup, 6091 Bjert",Binderup,6091,0621,Kolding,1083,"Region Syddanmark"
"Jordrup Skov, 6040 Egtved","Jordrup Skov",6040,0621,Kolding,1083,"Region Syddanmark"
"Jordrup Skov, 6640 Lunderskov","Jordrup Skov",6640,0621,Kolding,1083,"Region Syddanmark"
"Højrup, 7000 Fredericia",Højrup,7000,0607,Fredericia,1083,"Region Syddanmark"
"Nees, 7570 Vemb",Nees,7570,0661,Holstebro,1082,"Region Midtjylland"
"Nees, 7660 Bækmarksbro",Nees,7660,0665,Lemvig,1082,"Region Midtjylland"
"Nørlem, 7620 Lemvig",Nørlem,7620,0665,Lemvig,1082,"Region Midtjylland"
"Kalbygård, 4684 Holmegaard",Kalbygård,4684,0320,Faxe,1085,"Region Sjælland"
"Trælløse, 4160 Herlufmagle",Trælløse,4160,0320,Faxe,1085,"Region Sjælland"
"Herslev, 7000 Fredericia",Herslev,7000,0607,Fredericia,1083,"Region Syddanmark"
"Ulstrup, 4160 Herlufmagle",Ulstrup,4160,0320,Faxe,1085,"Region Sjælland"
"Ulstrup, 4171 Glumsø",Ulstrup,4171,0370,Næstved,1085,"Region Sjælland"
"Nagbøl Skov, 6640 Lunderskov","Nagbøl Skov",6640,0621,Kolding,1083,"Region Syddanmark"
"Heldum, 7620 Lemvig",Heldum,7620,0665,Lemvig,1082,"Region Midtjylland"
"Salby, 5300 Kerteminde",Salby,5300,0440,Kerteminde,1083,"Region Syddanmark"
"Salby, 5370 Mesinge",Salby,5370,0440,Kerteminde,1083,"Region Syddanmark"
"Tokkeruphus, 4250 Fuglebjerg",Tokkeruphus,4250,0330,Slagelse,1085,"Region Sjælland"
"Rådegård, 4684 Holmegaard",Rådegård,4684,0320,Faxe,1085,"Region Sjælland"
"Rådegård, 4733 Tappernøje",Rådegård,4733,0320,Faxe,1085,"Region Sjælland"
"Birkebjerg, 5380 Dalby",Birkebjerg,5380,0440,Kerteminde,1083,"Region Syddanmark"
"Over Kærby, 5300 Kerteminde","Over Kærby",5300,0440,Kerteminde,1083,"Region Syddanmark"
"Kalby, 4684 Holmegaard",Kalby,4684,0320,Faxe,1085,"Region Sjælland"
"Ladby, 5300 Kerteminde",Ladby,5300,0440,Kerteminde,1083,"Region Syddanmark"
"Tybjerglille Bakker, 4160 Herlufmagle","Tybjerglille Bakker",4160,0320,Faxe,1085,"Region Sjælland"
"Dons, 6051 Almind",Dons,6051,0621,Kolding,1083,"Region Syddanmark"
"Stenlille, 3660 Stenløse",Stenlille,3660,0240,Egedal,1084,"Region Hovedstaden"
"Dalby Bugten, 5370 Mesinge","Dalby Bugten",5370,0440,Kerteminde,1083,"Region Syddanmark"
"Taps, 6070 Christiansfeld",Taps,6070,0510,Haderslev,1083,"Region Syddanmark"
"Drejens, 6000 Kolding",Drejens,6000,0621,Kolding,1083,"Region Syddanmark"
"Hove, 2765 Smørum",Hove,2765,0240,Egedal,1084,"Region Hovedstaden"
"Langø, 5390 Martofte",Langø,5390,0440,Kerteminde,1083,"Region Syddanmark"
"Revninge, 5300 Kerteminde",Revninge,5300,0440,Kerteminde,1083,"Region Syddanmark"
"Snoghøj, 7000 Fredericia",Snoghøj,7000,0607,Fredericia,1083,"Region Syddanmark"
"Ejstrup, 6000 Kolding",Ejstrup,6000,0621,Kolding,1083,"Region Syddanmark"
"Hauløkke, 7000 Fredericia",Hauløkke,7000,0607,Fredericia,1083,"Region Syddanmark"
"Sneslev, 4250 Fuglebjerg",Sneslev,4250,0330,Slagelse,1085,"Region Sjælland"
"Lille Næstved, 4700 Næstved","Lille Næstved",4700,0370,Næstved,1085,"Region Sjælland"
"Torp, 7000 Fredericia",Torp,7000,0607,Fredericia,1083,"Region Syddanmark"
"Brovad, 7000 Fredericia",Brovad,7000,0607,Fredericia,1083,"Region Syddanmark"
"Haldagermagle, 4250 Fuglebjerg",Haldagermagle,4250,0330,Slagelse,1085,"Region Sjælland"
"Børup Skov, 7000 Fredericia","Børup Skov",7000,0607,Fredericia,1083,"Region Syddanmark"
"Ladegårdskov, 7000 Fredericia",Ladegårdskov,7000,0607,Fredericia,1083,"Region Syddanmark"
"Høje, 5771 Stenstrup",Høje,5771,0430,Faaborg-Midtfyn,1083,"Region Syddanmark"
"Thorhuse, 6920 Videbæk",Thorhuse,6920,0760,Ringkøbing-Skjern,1082,"Region Midtjylland"
"Rødme, 5771 Stenstrup",Rødme,5771,0430,Faaborg-Midtfyn,1083,"Region Syddanmark"
"Brudager, 5882 Vejstrup",Brudager,5882,0479,Svendborg,1083,"Region Syddanmark"
"Brudager, 5883 Oure",Brudager,5883,0479,Svendborg,1083,"Region Syddanmark"
"Kodal Grønbj, 6971 Spjald","Kodal Grønbj",6971,0760,Ringkøbing-Skjern,1082,"Region Midtjylland"
"Skovlund, 5771 Stenstrup",Skovlund,5771,0430,Faaborg-Midtfyn,1083,"Region Syddanmark"
"Hf. Sønderbro, 2300 København S","Hf. Sønderbro",2300,0101,København,1084,"Region Hovedstaden"
"Vonsbæk, 6100 Haderslev",Vonsbæk,6100,0510,Haderslev,1083,"Region Syddanmark"
"Asserbo, 3300 Frederiksværk",Asserbo,3300,0260,Halsnæs,1084,"Region Hovedstaden"
"Torup, 3390 Hundested",Torup,3390,0260,Halsnæs,1084,"Region Hovedstaden"
"Karlsgave, 3300 Frederiksværk",Karlsgave,3300,0260,Halsnæs,1084,"Region Hovedstaden"
"Skibelundbjerg, 6500 Vojens",Skibelundbjerg,6500,0510,Haderslev,1083,"Region Syddanmark"
"Skibelundbjerg, 6510 Gram",Skibelundbjerg,6510,0510,Haderslev,1083,"Region Syddanmark"
"Hammelev, 6500 Vojens",Hammelev,6500,0510,Haderslev,1083,"Region Syddanmark"
"Nustrup, 6500 Vojens",Nustrup,6500,0510,Haderslev,1083,"Region Syddanmark"
"Rudmose, 6971 Spjald",Rudmose,6971,0760,Ringkøbing-Skjern,1082,"Region Midtjylland"
"Jordrup, 6064 Jordrup",Jordrup,6064,0621,Kolding,1083,"Region Syddanmark"
"Nr Stenderup, 6000 Kolding","Nr Stenderup",6000,0621,Kolding,1083,"Region Syddanmark"
"Brænore, 6070 Christiansfeld",Brænore,6070,0510,Haderslev,1083,"Region Syddanmark"
"Friskmark, 6510 Gram",Friskmark,6510,0510,Haderslev,1083,"Region Syddanmark"
"Randbæk, 6971 Spjald",Randbæk,6971,0760,Ringkøbing-Skjern,1082,"Region Midtjylland"
"Vester Lindet, 6510 Gram","Vester Lindet",6510,0510,Haderslev,1083,"Region Syddanmark"
"Vester Lindet, 6630 Rødding","Vester Lindet",6630,0510,Haderslev,1083,"Region Syddanmark"
"Hajstrup, 6100 Haderslev",Hajstrup,6100,0510,Haderslev,1083,"Region Syddanmark"
"Hjartbro, 6500 Vojens",Hjartbro,6500,0510,Haderslev,1083,"Region Syddanmark"
"Hjartbro, 6541 Bevtoft",Hjartbro,6541,0510,Haderslev,1083,"Region Syddanmark"
"Bevtoft, 6541 Bevtoft",Bevtoft,6541,0510,Haderslev,1083,"Region Syddanmark"
"Abkær, 6500 Vojens",Abkær,6500,0510,Haderslev,1083,"Region Syddanmark"
"Finderup, 6900 Skjern",Finderup,6900,0760,Ringkøbing-Skjern,1082,"Region Midtjylland"
"Attrup, 9460 Brovst",Attrup,9460,0849,Jammerbugt,1081,"Region Nordjylland"
"Lindetskov, 6510 Gram",Lindetskov,6510,0510,Haderslev,1083,"Region Syddanmark"
"Bjerre, 9690 Fjerritslev",Bjerre,9690,0849,Jammerbugt,1081,"Region Nordjylland"
"Fj Studsgård, 7400 Herning","Fj Studsgård",7400,0657,Herning,1082,"Region Midtjylland"
"Ørsted, 6560 Sommersted",Ørsted,6560,0510,Haderslev,1083,"Region Syddanmark"
"Hyrup, 6520 Toftlund",Hyrup,6520,0510,Haderslev,1083,"Region Syddanmark"
"Hyrup, 6534 Agerskov",Hyrup,6534,0510,Haderslev,1083,"Region Syddanmark"
"Hyrup, 6541 Bevtoft",Hyrup,6541,0510,Haderslev,1083,"Region Syddanmark"
"Husby Klit, 6990 Ulfborg","Husby Klit",6990,0657,Herning,1082,"Region Midtjylland"
"Hf. Aldersro, 2100 København Ø","Hf. Aldersro",2100,0101,København,1084,"Region Hovedstaden"
"Styding Skov, 6500 Vojens","Styding Skov",6500,0510,Haderslev,1083,"Region Syddanmark"
"Viumby, 6920 Videbæk",Viumby,6920,0760,Ringkøbing-Skjern,1082,"Region Midtjylland"
"Barde, 6920 Videbæk",Barde,6920,0760,Ringkøbing-Skjern,1082,"Region Midtjylland"
"Hoven, 6880 Tarm",Hoven,6880,0573,Varde,1083,"Region Syddanmark"
"Hoven, 7270 Stakroge",Hoven,7270,0530,Billund,1083,"Region Syddanmark"
"Brunsgård, 6971 Spjald",Brunsgård,6971,0760,Ringkøbing-Skjern,1082,"Region Midtjylland"
"Lyne, 6880 Tarm",Lyne,6880,0573,Varde,1083,"Region Syddanmark"
"Lyne, 6893 Hemmet",Lyne,6893,0760,Ringkøbing-Skjern,1082,"Region Midtjylland"
"Vedersø, 6990 Ulfborg",Vedersø,6990,0657,Herning,1082,"Region Midtjylland"
"Stenbæksholm, 4700 Næstved",Stenbæksholm,4700,0370,Næstved,1085,"Region Sjælland"
"Assendrup, 4160 Herlufmagle",Assendrup,4160,0320,Faxe,1085,"Region Sjælland"
"Assendrup, 4690 Haslev",Assendrup,4690,0320,Faxe,1085,"Region Sjælland"
"Skelby, 4160 Herlufmagle",Skelby,4160,0320,Faxe,1085,"Region Sjælland"
"Tyrehule, 4733 Tappernøje",Tyrehule,4733,0320,Faxe,1085,"Region Sjælland"
"Køberup, 4160 Herlufmagle",Køberup,4160,0320,Faxe,1085,"Region Sjælland"
"Køberup, 4700 Næstved",Køberup,4700,0370,Næstved,1085,"Region Sjælland"
"Buske, 4160 Herlufmagle",Buske,4160,0320,Faxe,1085,"Region Sjælland"
"Tårup, 5871 Frørup",Tårup,5871,0450,Nyborg,1083,"Region Syddanmark"
"Juelsberg, 5800 Nyborg",Juelsberg,5800,0450,Nyborg,1083,"Region Syddanmark"
"Pilshuse, 5800 Nyborg",Pilshuse,5800,0450,Nyborg,1083,"Region Syddanmark"
"Lysemose, 5800 Nyborg",Lysemose,5800,0450,Nyborg,1083,"Region Syddanmark"
"Frederikshøj, 5871 Frørup",Frederikshøj,5871,0450,Nyborg,1083,"Region Syddanmark"
"Glorup, 5853 Ørbæk",Glorup,5853,0430,Faaborg-Midtfyn,1083,"Region Syddanmark"
"Kajbjerg, 5871 Frørup",Kajbjerg,5871,0450,Nyborg,1083,"Region Syddanmark"
"Barlund, 6230 Rødekro",Barlund,6230,0580,Aabenraa,1083,"Region Syddanmark"
"Begyndt, 6200 Aabenraa",Begyndt,6200,0580,Aabenraa,1083,"Region Syddanmark"
"Holbølmark, 6340 Kruså",Holbølmark,6340,0580,Aabenraa,1083,"Region Syddanmark"
"Bovense, 5540 Ullerslev",Bovense,5540,0440,Kerteminde,1083,"Region Syddanmark"
"Bovense, 5800 Nyborg",Bovense,5800,0450,Nyborg,1083,"Region Syddanmark"
"Kongshøj, 5871 Frørup",Kongshøj,5871,0450,Nyborg,1083,"Region Syddanmark"
"Bodum Mark, 6200 Aabenraa","Bodum Mark",6200,0580,Aabenraa,1083,"Region Syddanmark"
"Svejl Stok, 6230 Rødekro","Svejl Stok",6230,0580,Aabenraa,1083,"Region Syddanmark"
"Nybøl, 6230 Rødekro",Nybøl,6230,0580,Aabenraa,1083,"Region Syddanmark"
"Hjaruplund, 6230 Rødekro",Hjaruplund,6230,0580,Aabenraa,1083,"Region Syddanmark"
"Almstrup, 6360 Tinglev",Almstrup,6360,0580,Aabenraa,1083,"Region Syddanmark"
"Ravsted, 6372 Bylderup-Bov",Ravsted,6372,0580,Aabenraa,1083,"Region Syddanmark"
"Kravlund Mark, 6360 Tinglev","Kravlund Mark",6360,0580,Aabenraa,1083,"Region Syddanmark"
"Nr Hostrup, 6230 Rødekro","Nr Hostrup",6230,0580,Aabenraa,1083,"Region Syddanmark"
"Stollig, 6200 Aabenraa",Stollig,6200,0580,Aabenraa,1083,"Region Syddanmark"
"Andholm, 6230 Rødekro",Andholm,6230,0580,Aabenraa,1083,"Region Syddanmark"
"Frestrup, 6360 Tinglev",Frestrup,6360,0580,Aabenraa,1083,"Region Syddanmark"
"Hellevad, 6230 Rødekro",Hellevad,6230,0580,Aabenraa,1083,"Region Syddanmark"
"Bjerndrup, 6200 Aabenraa",Bjerndrup,6200,0580,Aabenraa,1083,"Region Syddanmark"
"Rise Hjarup, 6200 Aabenraa","Rise Hjarup",6200,0580,Aabenraa,1083,"Region Syddanmark"
"Jyndevad, 6360 Tinglev",Jyndevad,6360,0580,Aabenraa,1083,"Region Syddanmark"
"Smutind, 6230 Rødekro",Smutind,6230,0580,Aabenraa,1083,"Region Syddanmark"
"Vejbæk, 6330 Padborg",Vejbæk,6330,0580,Aabenraa,1083,"Region Syddanmark"
"Almstrup Mark, 6360 Tinglev","Almstrup Mark",6360,0580,Aabenraa,1083,"Region Syddanmark"
"Sottrup Mark, 6372 Bylderup-Bov","Sottrup Mark",6372,0580,Aabenraa,1083,"Region Syddanmark"
"Hovslund, 6230 Rødekro",Hovslund,6230,0580,Aabenraa,1083,"Region Syddanmark"
"Gårdeby, 6360 Tinglev",Gårdeby,6360,0580,Aabenraa,1083,"Region Syddanmark"
"Terkelsbøl, 6360 Tinglev",Terkelsbøl,6360,0580,Aabenraa,1083,"Region Syddanmark"
"Tyrholm, 6230 Rødekro",Tyrholm,6230,0580,Aabenraa,1083,"Region Syddanmark"
"Brystrup, 6230 Rødekro",Brystrup,6230,0580,Aabenraa,1083,"Region Syddanmark"
"L Jyndevad, 6360 Tinglev","L Jyndevad",6360,0580,Aabenraa,1083,"Region Syddanmark"
"Veng, 8660 Skanderborg",Veng,8660,0615,Horsens,1082,"Region Midtjylland"
"Genner Nørskov, 6230 Rødekro","Genner Nørskov",6230,0580,Aabenraa,1083,"Region Syddanmark"
"Skarrev, 6200 Aabenraa",Skarrev,6200,0580,Aabenraa,1083,"Region Syddanmark"
"Frøslev, 6330 Padborg",Frøslev,6330,0580,Aabenraa,1083,"Region Syddanmark"
"Hylke, 8660 Skanderborg",Hylke,8660,0615,Horsens,1082,"Region Midtjylland"
"Bomholt, 8600 Silkeborg",Bomholt,8600,0740,Silkeborg,1082,"Region Midtjylland"
"Bomholt, 8680 Ry",Bomholt,8680,0615,Horsens,1082,"Region Midtjylland"
"Adslev, 8362 Hørning",Adslev,8362,0746,Skanderborg,1082,"Region Midtjylland"
"Svejbæk Syd, 8680 Ry","Svejbæk Syd",8680,0615,Horsens,1082,"Region Midtjylland"
"Stjær, 8362 Hørning",Stjær,8362,0746,Skanderborg,1082,"Region Midtjylland"
"Stjær, 8464 Galten",Stjær,8464,0746,Skanderborg,1082,"Region Midtjylland"
"Stjær, 8660 Skanderborg",Stjær,8660,0615,Horsens,1082,"Region Midtjylland"
"Illerup, 8660 Skanderborg",Illerup,8660,0615,Horsens,1082,"Region Midtjylland"
"Liselund, 8620 Kjellerup",Liselund,8620,0740,Silkeborg,1082,"Region Midtjylland"
"Tebstrup, 8660 Skanderborg",Tebstrup,8660,0615,Horsens,1082,"Region Midtjylland"
"Kjærsholm, 8620 Kjellerup",Kjærsholm,8620,0740,Silkeborg,1082,"Region Midtjylland"
"Bakbjerg, 8653 Them",Bakbjerg,8653,0740,Silkeborg,1082,"Region Midtjylland"
"Dalsgård, 8620 Kjellerup",Dalsgård,8620,0740,Silkeborg,1082,"Region Midtjylland"
"Knudlund, 8653 Them",Knudlund,8653,0740,Silkeborg,1082,"Region Midtjylland"
"Sminge, 8600 Silkeborg",Sminge,8600,0740,Silkeborg,1082,"Region Midtjylland"
"Sminge, 8883 Gjern",Sminge,8883,0740,Silkeborg,1082,"Region Midtjylland"
"Gl Kjellerup, 8620 Kjellerup","Gl Kjellerup",8620,0740,Silkeborg,1082,"Region Midtjylland"
"Grønbæk, 8600 Silkeborg",Grønbæk,8600,0740,Silkeborg,1082,"Region Midtjylland"
"Grønbæk, 8643 Ans By",Grønbæk,8643,0740,Silkeborg,1082,"Region Midtjylland"
"Them, 8653 Them",Them,8653,0740,Silkeborg,1082,"Region Midtjylland"
"Stendalgård, 8620 Kjellerup",Stendalgård,8620,0740,Silkeborg,1082,"Region Midtjylland"
"Langstrup, 3050 Humlebæk",Langstrup,3050,0210,Fredensborg,1084,"Region Hovedstaden"
"Langstrup, 3480 Fredensborg",Langstrup,3480,0210,Fredensborg,1084,"Region Hovedstaden"
"Lønholt, 3480 Fredensborg",Lønholt,3480,0210,Fredensborg,1084,"Region Hovedstaden"
"Karlebo, 2980 Kokkedal",Karlebo,2980,0210,Fredensborg,1084,"Region Hovedstaden"
"Karlebo, 3400 Hillerød",Karlebo,3400,0201,Allerød,1084,"Region Hovedstaden"
"Avderød, 2980 Kokkedal",Avderød,2980,0210,Fredensborg,1084,"Region Hovedstaden"
"Korsbjerg, 5500 Middelfart",Korsbjerg,5500,0410,Middelfart,1083,"Region Syddanmark"
"Broende, 5580 Nørre Aaby",Broende,5580,0410,Middelfart,1083,"Region Syddanmark"
"Lunge, 5591 Gelsted",Lunge,5591,0410,Middelfart,1083,"Region Syddanmark"
"Aabylund, 5580 Nørre Aaby",Aabylund,5580,0410,Middelfart,1083,"Region Syddanmark"
"Indslev-Tårup, 5464 Brenderup Fyn",Indslev-Tårup,5464,0410,Middelfart,1083,"Region Syddanmark"
"Indslev-Tårup, 5592 Ejby",Indslev-Tårup,5592,0410,Middelfart,1083,"Region Syddanmark"
"Brenderup, 5464 Brenderup Fyn",Brenderup,5464,0410,Middelfart,1083,"Region Syddanmark"
"Kingstrup, 5591 Gelsted",Kingstrup,5591,0410,Middelfart,1083,"Region Syddanmark"
"Kingstrup, 5592 Ejby",Kingstrup,5592,0410,Middelfart,1083,"Region Syddanmark"
"Graderup, 5463 Harndrup",Graderup,5463,0410,Middelfart,1083,"Region Syddanmark"
"Graderup, 5464 Brenderup Fyn",Graderup,5464,0410,Middelfart,1083,"Region Syddanmark"
"Åhøjrup, 5464 Brenderup Fyn",Åhøjrup,5464,0410,Middelfart,1083,"Region Syddanmark"
"Brandsø, 5610 Assens",Brandsø,5610,0410,Middelfart,1083,"Region Syddanmark"
"Indslev, 5580 Nørre Aaby",Indslev,5580,0410,Middelfart,1083,"Region Syddanmark"
"Indslev, 5592 Ejby",Indslev,5592,0410,Middelfart,1083,"Region Syddanmark"
"Eskør, 5592 Ejby",Eskør,5592,0410,Middelfart,1083,"Region Syddanmark"
"Køstrup, 5464 Brenderup Fyn",Køstrup,5464,0410,Middelfart,1083,"Region Syddanmark"
"Fjellerup Mk, 5463 Harndrup","Fjellerup Mk",5463,0410,Middelfart,1083,"Region Syddanmark"
"Lungeskov, 5591 Gelsted",Lungeskov,5591,0410,Middelfart,1083,"Region Syddanmark"
"Kærby, 5466 Asperup",Kærby,5466,0410,Middelfart,1083,"Region Syddanmark"
"Ronæs, 5580 Nørre Aaby",Ronæs,5580,0410,Middelfart,1083,"Region Syddanmark"
"Vejrum, 7560 Hjerm",Vejrum,7560,0661,Holstebro,1082,"Region Midtjylland"
"Vejrum, 7600 Struer",Vejrum,7600,0661,Holstebro,1082,"Region Midtjylland"
"Hellerød, 7790 Thyholm",Hellerød,7790,0671,Struer,1082,"Region Midtjylland"
"Bro, 5464 Brenderup Fyn",Bro,5464,0410,Middelfart,1083,"Region Syddanmark"
"Hornbæk, 9670 Løgstør",Hornbæk,9670,0820,Vesthimmerlands,1081,"Region Nordjylland"
"Korsøgaard, 9620 Aalestrup",Korsøgaard,9620,0791,Viborg,1082,"Region Midtjylland"
"Uhre, 7330 Brande",Uhre,7330,0630,Vejle,1083,"Region Syddanmark"
"Brandlund, 7330 Brande",Brandlund,7330,0630,Vejle,1083,"Region Syddanmark"
"Myrhøj, 9640 Farsø",Myrhøj,9640,0820,Vesthimmerlands,1081,"Region Nordjylland"
"Firhøje, 9631 Gedsted",Firhøje,9631,0791,Viborg,1082,"Region Midtjylland"
"Smedebæk, 7361 Ejstrupholm",Smedebæk,7361,0630,Vejle,1083,"Region Syddanmark"
"V. Oustrup, 9600 Aars","V. Oustrup",9600,0820,Vesthimmerlands,1081,"Region Nordjylland"
"Aaglimt, 9620 Aalestrup",Aaglimt,9620,0791,Viborg,1082,"Region Midtjylland"
"Rønbjerg, 9681 Ranum",Rønbjerg,9681,0820,Vesthimmerlands,1081,"Region Nordjylland"
"Svingelbjerg, 9640 Farsø",Svingelbjerg,9640,0820,Vesthimmerlands,1081,"Region Nordjylland"
"Lendrup, 9670 Løgstør",Lendrup,9670,0820,Vesthimmerlands,1081,"Region Nordjylland"
"Frisbæk, 7362 Hampen",Frisbæk,7362,0740,Silkeborg,1082,"Region Midtjylland"
"Frisbæk, 8766 Nørre Snede",Frisbæk,8766,0756,Ikast-Brande,1082,"Region Midtjylland"
"Kidmose, 7361 Ejstrupholm",Kidmose,7361,0630,Vejle,1083,"Region Syddanmark"
"Knudstrup, 9620 Aalestrup",Knudstrup,9620,0791,Viborg,1082,"Region Midtjylland"
"Støttrup, 9640 Farsø",Støttrup,9640,0820,Vesthimmerlands,1081,"Region Nordjylland"
"Hestbæk, 9640 Farsø",Hestbæk,9640,0820,Vesthimmerlands,1081,"Region Nordjylland"
"Testrup, 8320 Mårslet",Testrup,8320,0751,Aarhus,1082,"Region Midtjylland"
"Ettrup, 9620 Aalestrup",Ettrup,9620,0791,Viborg,1082,"Region Midtjylland"
"Ejstrup, 9640 Farsø",Ejstrup,9640,0820,Vesthimmerlands,1081,"Region Nordjylland"
"Harrild, 7330 Brande",Harrild,7330,0630,Vejle,1083,"Region Syddanmark"
"Harrild, 7361 Ejstrupholm",Harrild,7361,0630,Vejle,1083,"Region Syddanmark"
"Ballen, 8355 Solbjerg",Ballen,8355,0751,Aarhus,1082,"Region Midtjylland"
"Lynnerupgdr, 9240 Nibe",Lynnerupgdr,9240,0820,Vesthimmerlands,1081,"Region Nordjylland"
"Juelsminde, 7130 Juelsminde",Juelsminde,7130,0766,Hedensted,1082,"Region Midtjylland"
"Holtum, 7100 Vejle",Holtum,7100,0630,Vejle,1083,"Region Syddanmark"
"Kulerup, 4100 Ringsted",Kulerup,4100,0259,Køge,1085,"Region Sjælland"
"Aggersund Syd, 9670 Løgstør","Aggersund Syd",9670,0820,Vesthimmerlands,1081,"Region Nordjylland"
"Ølby Lyng, 4600 Køge","Ølby Lyng",4600,0259,Køge,1085,"Region Sjælland"
"Bering, 8361 Hasselager",Bering,8361,0751,Aarhus,1082,"Region Midtjylland"
"Geding, 8381 Tilst",Geding,8381,0751,Aarhus,1082,"Region Midtjylland"
"Ejby, 4130 Viby Sjælland",Ejby,4130,0259,Køge,1085,"Region Sjælland"
"Ejby, 4623 Lille Skensved",Ejby,4623,0259,Køge,1085,"Region Sjælland"
"Onsted, 8355 Solbjerg",Onsted,8355,0751,Aarhus,1082,"Region Midtjylland"
"Dybvad Mølle, 9600 Aars","Dybvad Mølle",9600,0820,Vesthimmerlands,1081,"Region Nordjylland"
"Vielsted, 4180 Sorø",Vielsted,4180,0329,Ringsted,1085,"Region Sjælland"
"Vielsted, 4296 Nyrup",Vielsted,4296,0316,Holbæk,1085,"Region Sjælland"
"Dyndet, 4140 Borup",Dyndet,4140,0259,Køge,1085,"Region Sjælland"
"Ø Oustrup, 9600 Aars","Ø Oustrup",9600,0820,Vesthimmerlands,1081,"Region Nordjylland"
"Gislum, 9600 Aars",Gislum,9600,0820,Vesthimmerlands,1081,"Region Nordjylland"
"Kyringe, 4100 Ringsted",Kyringe,4100,0259,Køge,1085,"Region Sjælland"
"Kyringe, 4296 Nyrup",Kyringe,4296,0316,Holbæk,1085,"Region Sjælland"
"Ø Karleby, 4900 Nakskov","Ø Karleby",4900,0360,Lolland,1085,"Region Sjælland"
"Skelstrup, 4930 Maribo",Skelstrup,4930,0360,Lolland,1085,"Region Sjælland"
"Errindlev, Havn, 4895 Errindlev","Errindlev, Havn",4895,0360,Lolland,1085,"Region Sjælland"
"Agersbøl, 7100 Vejle",Agersbøl,7100,0630,Vejle,1083,"Region Syddanmark"
"Odby, 7790 Thyholm",Odby,7790,0671,Struer,1082,"Region Midtjylland"
"Staksrode, 7150 Barrit",Staksrode,7150,0766,Hedensted,1082,"Region Midtjylland"
"Skottemarke, 4960 Holeby",Skottemarke,4960,0360,Lolland,1085,"Region Sjælland"
"Donnerup, 7160 Tørring",Donnerup,7160,0630,Vejle,1083,"Region Syddanmark"
"Kramnitze, 4970 Rødby",Kramnitze,4970,0360,Lolland,1085,"Region Sjælland"
"Spettrup, 8722 Hedensted",Spettrup,8722,0766,Hedensted,1082,"Region Midtjylland"
"Oddesund, 7790 Thyholm",Oddesund,7790,0671,Struer,1082,"Region Midtjylland"
"Bisholt, 7130 Juelsminde",Bisholt,7130,0766,Hedensted,1082,"Region Midtjylland"
"Arnøje, 4660 Store Heddinge",Arnøje,4660,0336,Stevns,1085,"Region Sjælland"
"Arnøje, 4672 Klippinge",Arnøje,4672,0336,Stevns,1085,"Region Sjælland"
"Vallø, 4600 Køge",Vallø,4600,0259,Køge,1085,"Region Sjælland"
"Vallø, 4652 Hårlev",Vallø,4652,0320,Faxe,1085,"Region Sjælland"
"As Hede, 7130 Juelsminde","As Hede",7130,0766,Hedensted,1082,"Region Midtjylland"
"Abed, 4920 Søllested",Abed,4920,0360,Lolland,1085,"Region Sjælland"
"Flemming, 8762 Flemming",Flemming,8762,0615,Horsens,1082,"Region Midtjylland"
"Brund, 7130 Juelsminde",Brund,7130,0766,Hedensted,1082,"Region Midtjylland"
"Torsø, 4895 Errindlev",Torsø,4895,0360,Lolland,1085,"Region Sjælland"
"Bråskov, 8783 Hornsyld",Bråskov,8783,0615,Horsens,1082,"Region Midtjylland"
"Helligkilde, 7790 Thyholm",Helligkilde,7790,0671,Struer,1082,"Region Midtjylland"
"St-Heddinge, 4660 Store Heddinge",St-Heddinge,4660,0336,Stevns,1085,"Region Sjælland"
"Brandstrup, 4970 Rødby",Brandstrup,4970,0360,Lolland,1085,"Region Sjælland"
"Urlev, 8722 Hedensted",Urlev,8722,0766,Hedensted,1082,"Region Midtjylland"
"Søndbjerg, 7790 Thyholm",Søndbjerg,7790,0671,Struer,1082,"Region Midtjylland"
"Havnelev Mark, 4673 Rødvig Stevns","Havnelev Mark",4673,0336,Stevns,1085,"Region Sjælland"
"Hyldager, 4895 Errindlev",Hyldager,4895,0360,Lolland,1085,"Region Sjælland"
"Løjtofte, 4900 Nakskov",Løjtofte,4900,0360,Lolland,1085,"Region Sjælland"
"Remmerslund, 8722 Hedensted",Remmerslund,8722,0766,Hedensted,1082,"Region Midtjylland"
"Højerup, 4660 Store Heddinge",Højerup,4660,0336,Stevns,1085,"Region Sjælland"
"Højerup, 4673 Rødvig Stevns",Højerup,4673,0336,Stevns,1085,"Region Sjælland"
"Langholm, 4983 Dannemare",Langholm,4983,0360,Lolland,1085,"Region Sjælland"
"Øl Nederholm, 8723 Løsning","Øl Nederholm",8723,0766,Hedensted,1082,"Region Midtjylland"
"Stouby, 7140 Stouby",Stouby,7140,0766,Hedensted,1082,"Region Midtjylland"
"Nybølle, 4913 Horslunde",Nybølle,4913,0360,Lolland,1085,"Region Sjælland"
"Vråby, 4652 Hårlev",Vråby,4652,0320,Faxe,1085,"Region Sjælland"
"Alsø, 4960 Holeby",Alsø,4960,0360,Lolland,1085,"Region Sjælland"
"Hosby, 7130 Juelsminde",Hosby,7130,0766,Hedensted,1082,"Region Midtjylland"
"Nebsager, 7130 Juelsminde",Nebsager,7130,0766,Hedensted,1082,"Region Midtjylland"
"Nebsager, 8783 Hornsyld",Nebsager,8783,0615,Horsens,1082,"Region Midtjylland"
"Kastager, 4913 Horslunde",Kastager,4913,0360,Lolland,1085,"Region Sjælland"
"Sdr Egebølle, 4983 Dannemare","Sdr Egebølle",4983,0360,Lolland,1085,"Region Sjælland"
"Tjørnebjerg, 4970 Rødby",Tjørnebjerg,4970,0360,Lolland,1085,"Region Sjælland"
"Nr. Søby, 7840 Højslev","Nr. Søby",7840,0779,Skive,1082,"Region Midtjylland"
"Ejskær, 7800 Skive",Ejskær,7800,0661,Holstebro,1082,"Region Midtjylland"
"Tørslev, 3630 Jægerspris",Tørslev,3630,0250,Frederikssund,1084,"Region Hovedstaden"
"Lyngerup, 3630 Jægerspris",Lyngerup,3630,0250,Frederikssund,1084,"Region Hovedstaden"
"Volling, 7860 Spøttrup",Volling,7860,0779,Skive,1082,"Region Midtjylland"
"Sejstrup, 7840 Højslev",Sejstrup,7840,0779,Skive,1082,"Region Midtjylland"
"Nr. Debel, 7884 Fur","Nr. Debel",7884,0779,Skive,1082,"Region Midtjylland"
"Haslevgaarde, 9560 Hadsund",Haslevgaarde,9560,0840,Rebild,1081,"Region Nordjylland"
"Svallerup, 4400 Kalundborg",Svallerup,4400,0326,Kalundborg,1085,"Region Sjælland"
"Kyndby Huse, 3630 Jægerspris","Kyndby Huse",3630,0250,Frederikssund,1084,"Region Hovedstaden"
"Skovsgård, 9500 Hobro",Skovsgård,9500,0791,Viborg,1082,"Region Midtjylland"
"Vive, 9560 Hadsund",Vive,9560,0840,Rebild,1081,"Region Nordjylland"
"Tollestrup, 9500 Hobro",Tollestrup,9500,0791,Viborg,1082,"Region Midtjylland"
"Tollestrup, 9620 Aalestrup",Tollestrup,9620,0791,Viborg,1082,"Region Midtjylland"
"Risbjerg, 4291 Ruds Vedby",Risbjerg,4291,0326,Kalundborg,1085,"Region Sjælland"
"Yttrup, 7870 Roslev",Yttrup,7870,0779,Skive,1082,"Region Midtjylland"
"Tinghøj, 7870 Roslev",Tinghøj,7870,0779,Skive,1082,"Region Midtjylland"
"Vejleby, 4050 Skibby",Vejleby,4050,0250,Frederikssund,1084,"Region Hovedstaden"
"Anshede, 7884 Fur",Anshede,7884,0779,Skive,1082,"Region Midtjylland"
"Sunde, 7884 Fur",Sunde,7884,0779,Skive,1082,"Region Midtjylland"
"Lem, 7860 Spøttrup",Lem,7860,0779,Skive,1082,"Region Midtjylland"
"Visborg, 9560 Hadsund",Visborg,9560,0840,Rebild,1081,"Region Nordjylland"
"Strids Mølle, 4450 Jyderup","Strids Mølle",4450,0316,Holbæk,1085,"Region Sjælland"
"Strids Mølle, 4470 Svebølle","Strids Mølle",4470,0316,Holbæk,1085,"Region Sjælland"
"Solbjerg, 4200 Slagelse",Solbjerg,4200,0326,Kalundborg,1085,"Region Sjælland"
"Solbjerg, 4270 Høng",Solbjerg,4270,0326,Kalundborg,1085,"Region Sjælland"
"Østby, 4050 Skibby",Østby,4050,0250,Frederikssund,1084,"Region Hovedstaden"
"Trustrup, 7800 Skive",Trustrup,7800,0661,Holstebro,1082,"Region Midtjylland"
"Værslev, 4400 Kalundborg",Værslev,4400,0326,Kalundborg,1085,"Region Sjælland"
"Værslev, 4490 Jerslev Sjælland",Værslev,4490,0326,Kalundborg,1085,"Region Sjælland"
"Løjes Mølle, 4291 Ruds Vedby","Løjes Mølle",4291,0326,Kalundborg,1085,"Region Sjælland"
"Reersø, 4281 Gørlev",Reersø,4281,0326,Kalundborg,1085,"Region Sjælland"
"Tind Banke, 4291 Ruds Vedby","Tind Banke",4291,0326,Kalundborg,1085,"Region Sjælland"
"Høng Hede, 4270 Høng","Høng Hede",4270,0326,Kalundborg,1085,"Region Sjælland"
"Høng Hede, 4281 Gørlev","Høng Hede",4281,0326,Kalundborg,1085,"Region Sjælland"
"Ø. Jebjerg, 7870 Roslev","Ø. Jebjerg",7870,0779,Skive,1082,"Region Midtjylland"
"Rybjerg, 7870 Roslev",Rybjerg,7870,0779,Skive,1082,"Region Midtjylland"
"Centerparken, 4270 Høng",Centerparken,4270,0326,Kalundborg,1085,"Region Sjælland"
"Græsmarken, 4591 Føllenslev",Græsmarken,4591,0306,Odsherred,1085,"Region Sjælland"
"Bakkendrup, 4281 Gørlev",Bakkendrup,4281,0326,Kalundborg,1085,"Region Sjælland"
"Hvidbjerg, 7860 Spøttrup",Hvidbjerg,7860,0779,Skive,1082,"Region Midtjylland"
"Ramsing, 7860 Spøttrup",Ramsing,7860,0779,Skive,1082,"Region Midtjylland"
"Grøndal, 9500 Hobro",Grøndal,9500,0791,Viborg,1082,"Region Midtjylland"
"Fjelsted, 9550 Mariager",Fjelsted,9550,0730,Randers,1082,"Region Midtjylland"
"Dovenrød, 4291 Ruds Vedby",Dovenrød,4291,0326,Kalundborg,1085,"Region Sjælland"
"Præsteskov, 4450 Jyderup",Præsteskov,4450,0316,Holbæk,1085,"Region Sjælland"
"Mullerup, 4200 Slagelse",Mullerup,4200,0326,Kalundborg,1085,"Region Sjælland"
"Skammegård, 7870 Roslev",Skammegård,7870,0779,Skive,1082,"Region Midtjylland"
"Lihme Mark, 7860 Spøttrup","Lihme Mark",7860,0779,Skive,1082,"Region Midtjylland"
"Bramslev, 9500 Hobro",Bramslev,9500,0791,Viborg,1082,"Region Midtjylland"
"Højbjerg, 4470 Svebølle",Højbjerg,4470,0316,Holbæk,1085,"Region Sjælland"
"Nørgård, 7870 Roslev",Nørgård,7870,0779,Skive,1082,"Region Midtjylland"
"Kirkeby, 7870 Roslev",Kirkeby,7870,0779,Skive,1082,"Region Midtjylland"
"Frihedslund, 4291 Ruds Vedby",Frihedslund,4291,0326,Kalundborg,1085,"Region Sjælland"
"V. Grønning, 7800 Skive","V. Grønning",7800,0661,Holstebro,1082,"Region Midtjylland"
"V. Grønning, 7870 Roslev","V. Grønning",7870,0779,Skive,1082,"Region Midtjylland"
"Korsbakken, 7840 Højslev",Korsbakken,7840,0779,Skive,1082,"Region Midtjylland"
"Grove, 7860 Spøttrup",Grove,7860,0779,Skive,1082,"Region Midtjylland"
"Katbjerg, 9500 Hobro",Katbjerg,9500,0791,Viborg,1082,"Region Midtjylland"
"Katbjerg, 9550 Mariager",Katbjerg,9550,0730,Randers,1082,"Region Midtjylland"
"Bøgebjerg, 4291 Ruds Vedby",Bøgebjerg,4291,0326,Kalundborg,1085,"Region Sjælland"
"Oue, 9500 Hobro",Oue,9500,0791,Viborg,1082,"Region Midtjylland"
"Tobberup, 9500 Hobro",Tobberup,9500,0791,Viborg,1082,"Region Midtjylland"
"Norup, 8970 Havndal",Norup,8970,0730,Randers,1082,"Region Midtjylland"
"Sillesthoved, 7323 Give",Sillesthoved,7323,0630,Vejle,1083,"Region Syddanmark"
"Holtum, 7100 Vejle",Holtum,7100,0630,Vejle,1083,"Region Syddanmark"
"Buddum, 9560 Hadsund",Buddum,9560,0840,Rebild,1081,"Region Nordjylland"
"Gettrup, 9500 Hobro",Gettrup,9500,0791,Viborg,1082,"Region Midtjylland"
"Gettrup, 9550 Mariager",Gettrup,9550,0730,Randers,1082,"Region Midtjylland"
"Frembjerg, 9510 Arden",Frembjerg,9510,0840,Rebild,1081,"Region Nordjylland"
"Elbæk, 7080 Børkop",Elbæk,7080,0630,Vejle,1083,"Region Syddanmark"
"Nørskov, 7323 Give",Nørskov,7323,0630,Vejle,1083,"Region Syddanmark"
"Vindblæs, 8970 Havndal",Vindblæs,8970,0730,Randers,1082,"Region Midtjylland"
"Barsmosegård, 9510 Arden",Barsmosegård,9510,0840,Rebild,1081,"Region Nordjylland"
"Hjortsballe, 7323 Give",Hjortsballe,7323,0630,Vejle,1083,"Region Syddanmark"
"Smalby, 9370 Hals",Smalby,9370,0810,Brønderslev,1081,"Region Nordjylland"
"Hald-Tostrup, 9500 Hobro",Hald-Tostrup,9500,0791,Viborg,1082,"Region Midtjylland"
"Svenstrup, 9550 Mariager",Svenstrup,9550,0730,Randers,1082,"Region Midtjylland"
"Hopballe, 7300 Jelling",Hopballe,7300,0630,Vejle,1083,"Region Syddanmark"
"Nørremarken, 7100 Vejle",Nørremarken,7100,0630,Vejle,1083,"Region Syddanmark"
"Trinderup, 9500 Hobro",Trinderup,9500,0791,Viborg,1082,"Region Midtjylland"
"Gunderup, 9550 Mariager",Gunderup,9550,0730,Randers,1082,"Region Midtjylland"
"Jelling Skov, 7300 Jelling","Jelling Skov",7300,0630,Vejle,1083,"Region Syddanmark"
"Sellerup Strand, 7080 Børkop","Sellerup Strand",7080,0630,Vejle,1083,"Region Syddanmark"
"Gerå, 9340 Asaa",Gerå,9340,0810,Brønderslev,1081,"Region Nordjylland"
"Fritshuse, 7321 Gadbjerg",Fritshuse,7321,0630,Vejle,1083,"Region Syddanmark"
"Rosenby, 9330 Dronninglund",Rosenby,9330,0810,Brønderslev,1081,"Region Nordjylland"
"Serritslev, 9700 Brønderslev",Serritslev,9700,0810,Brønderslev,1081,"Region Nordjylland"
"V. Tørslev, 9550 Mariager","V. Tørslev",9550,0730,Randers,1082,"Region Midtjylland"
"Ørsø, 9330 Dronninglund",Ørsø,9330,0810,Brønderslev,1081,"Region Nordjylland"
"Kraghede, 9382 Tylstrup",Kraghede,9382,0810,Brønderslev,1081,"Region Nordjylland"
"Trollerup, 7300 Jelling",Trollerup,7300,0630,Vejle,1083,"Region Syddanmark"
"Skovdallund, 7300 Jelling",Skovdallund,7300,0630,Vejle,1083,"Region Syddanmark"
"Fredsted, 6040 Egtved",Fredsted,6040,0621,Kolding,1083,"Region Syddanmark"
"Ørum, 9320 Hjallerup",Ørum,9320,0810,Brønderslev,1081,"Region Nordjylland"
"Skærup, 7080 Børkop",Skærup,7080,0630,Vejle,1083,"Region Syddanmark"
"Skærup, 7100 Vejle",Skærup,7100,0630,Vejle,1083,"Region Syddanmark"
"Åst, 7184 Vandel",Åst,7184,0630,Vejle,1083,"Region Syddanmark"
"Ildved, 7160 Tørring",Ildved,7160,0630,Vejle,1083,"Region Syddanmark"
"Ildved, 7300 Jelling",Ildved,7300,0630,Vejle,1083,"Region Syddanmark"
"Præstbro, 9330 Dronninglund",Præstbro,9330,0810,Brønderslev,1081,"Region Nordjylland"
"Try, 9330 Dronninglund",Try,9330,0810,Brønderslev,1081,"Region Nordjylland"
"Agersted, 9330 Dronninglund",Agersted,9330,0810,Brønderslev,1081,"Region Nordjylland"
"Marstal, 5960 Marstal",Marstal,5960,0492,Ærø,1083,"Region Syddanmark"
"Brøndsted Mk, 7080 Børkop","Brøndsted Mk",7080,0630,Vejle,1083,"Region Syddanmark"
"Kildegården, 2740 Skovlunde",Kildegården,2740,0151,Ballerup,1084,"Region Hovedstaden"
"Lønå, 7323 Give",Lønå,7323,0630,Vejle,1083,"Region Syddanmark"
"Ollerup, 7300 Jelling",Ollerup,7300,0630,Vejle,1083,"Region Syddanmark"
"Aagaard, 6040 Egtved",Aagaard,6040,0621,Kolding,1083,"Region Syddanmark"
"Vonge, 7173 Vonge",Vonge,7173,0630,Vejle,1083,"Region Syddanmark"
"Vonge, 7323 Give",Vonge,7323,0630,Vejle,1083,"Region Syddanmark"
"Mølvang, 7300 Jelling",Mølvang,7300,0630,Vejle,1083,"Region Syddanmark"
"Ramskov, 7323 Give",Ramskov,7323,0630,Vejle,1083,"Region Syddanmark"
"Bjerlev, 7300 Jelling",Bjerlev,7300,0630,Vejle,1083,"Region Syddanmark"
"Fragdrup, 9500 Hobro",Fragdrup,9500,0791,Viborg,1082,"Region Midtjylland"
"Tved, 6630 Rødding",Tved,6630,0510,Haderslev,1083,"Region Syddanmark"
"Svenstrup, 9230 Svenstrup J",Svenstrup,9230,0840,Rebild,1081,"Region Nordjylland"
"Pandum, 9240 Nibe",Pandum,9240,0820,Vesthimmerlands,1081,"Region Nordjylland"
"Stenderup, 6630 Rødding",Stenderup,6630,0510,Haderslev,1083,"Region Syddanmark"
"V Holsted, 6670 Holsted","V Holsted",6670,0561,Esbjerg,1083,"Region Syddanmark"
"Brørup, 6650 Brørup",Brørup,6650,0575,Vejen,1083,"Region Syddanmark"
"V Aastrup, 6752 Glejbjerg","V Aastrup",6752,0575,Vejen,1083,"Region Syddanmark"
"Nr Aastrup, 6753 Agerbæk","Nr Aastrup",6753,0573,Varde,1083,"Region Syddanmark"
"Uglerup, 4300 Holbæk",Uglerup,4300,0316,Holbæk,1085,"Region Sjælland"
"Dragerup, 4300 Holbæk",Dragerup,4300,0316,Holbæk,1085,"Region Sjælland"
"Lammefjorden, 4520 Svinninge",Lammefjorden,4520,0316,Holbæk,1085,"Region Sjælland"
"Lammefjorden, 4532 Gislinge",Lammefjorden,4532,0316,Holbæk,1085,"Region Sjælland"
"Gesten, 6600 Vejen",Gesten,6600,0575,Vejen,1083,"Region Syddanmark"
"Gesten, 6621 Gesten",Gesten,6621,0575,Vejen,1083,"Region Syddanmark"
"Hjembæk, 4450 Jyderup",Hjembæk,4450,0316,Holbæk,1085,"Region Sjælland"
"Undløse, 4340 Tølløse",Undløse,4340,0316,Holbæk,1085,"Region Sjælland"
"Undløse, 4350 Ugerløse",Undløse,4350,0316,Holbæk,1085,"Region Sjælland"
"Surhave, 6650 Brørup",Surhave,6650,0575,Vejen,1083,"Region Syddanmark"
"Stilde, 6650 Brørup",Stilde,6650,0575,Vejen,1083,"Region Syddanmark"
"Stilde, 6670 Holsted",Stilde,6670,0561,Esbjerg,1083,"Region Syddanmark"
"Kastrup, 4300 Holbæk",Kastrup,4300,0316,Holbæk,1085,"Region Sjælland"
"Østergårde, 9240 Nibe",Østergårde,9240,0820,Vesthimmerlands,1081,"Region Nordjylland"
"Dover, 6630 Rødding",Dover,6630,0510,Haderslev,1083,"Region Syddanmark"
"Dover, 6660 Lintrup",Dover,6660,0575,Vejen,1083,"Region Syddanmark"
"Sdr.Holsted, 6670 Holsted",Sdr.Holsted,6670,0561,Esbjerg,1083,"Region Syddanmark"
"Brændstrup, 6630 Rødding",Brændstrup,6630,0510,Haderslev,1083,"Region Syddanmark"
"Tingerup, 4330 Hvalsø",Tingerup,4330,0316,Holbæk,1085,"Region Sjælland"
"Tingerup, 4360 Kirke Eskilstrup",Tingerup,4360,0316,Holbæk,1085,"Region Sjælland"
"Kyringe, 4100 Ringsted",Kyringe,4100,0259,Køge,1085,"Region Sjælland"
"Veerst, 6600 Vejen",Veerst,6600,0575,Vejen,1083,"Region Syddanmark"
"Veerst, 6622 Bække",Veerst,6622,0575,Vejen,1083,"Region Syddanmark"
"Bromølle, 4450 Jyderup",Bromølle,4450,0316,Holbæk,1085,"Region Sjælland"
"Tvilho, 6670 Holsted",Tvilho,6670,0561,Esbjerg,1083,"Region Syddanmark"
"Tvilho, 6752 Glejbjerg",Tvilho,6752,0575,Vejen,1083,"Region Syddanmark"
"Ravnholt, 6600 Vejen",Ravnholt,6600,0575,Vejen,1083,"Region Syddanmark"
"Friheden, 4440 Mørkøv",Friheden,4440,0316,Holbæk,1085,"Region Sjælland"
"Knabstrup, 4420 Regstrup",Knabstrup,4420,0316,Holbæk,1085,"Region Sjælland"
"Knabstrup, 4440 Mørkøv",Knabstrup,4440,0316,Holbæk,1085,"Region Sjælland"
"Akselholm, 4450 Jyderup",Akselholm,4450,0316,Holbæk,1085,"Region Sjælland"
"Holsted St, 6670 Holsted","Holsted St",6670,0561,Esbjerg,1083,"Region Syddanmark"
"Skodborg, 6630 Rødding",Skodborg,6630,0510,Haderslev,1083,"Region Syddanmark"
"Algestrup, 4340 Tølløse",Algestrup,4340,0316,Holbæk,1085,"Region Sjælland"
"Hørby, 4300 Holbæk",Hørby,4300,0316,Holbæk,1085,"Region Sjælland"
"Roved, 6600 Vejen",Roved,6600,0575,Vejen,1083,"Region Syddanmark"
"Kongstrup, 4390 Vipperød",Kongstrup,4390,0316,Holbæk,1085,"Region Sjælland"
"Sønderskov, 6650 Brørup",Sønderskov,6650,0575,Vejen,1083,"Region Syddanmark"
"Katrinedal, 4520 Svinninge",Katrinedal,4520,0316,Holbæk,1085,"Region Sjælland"
"Gudumlund, 9280 Storvorde",Gudumlund,9280,0851,Aalborg,1081,"Region Nordjylland"
"Gudumlund, 9293 Kongerslev",Gudumlund,9293,0840,Rebild,1081,"Region Nordjylland"
"Beltoft, 9240 Nibe",Beltoft,9240,0820,Vesthimmerlands,1081,"Region Nordjylland"
"Torndrup, 9370 Hals",Torndrup,9370,0810,Brønderslev,1081,"Region Nordjylland"
"Kølby, 9240 Nibe",Kølby,9240,0820,Vesthimmerlands,1081,"Region Nordjylland"
"Halkær, 9240 Nibe",Halkær,9240,0820,Vesthimmerlands,1081,"Region Nordjylland"
"Aastrup, 6752 Glejbjerg",Aastrup,6752,0575,Vejen,1083,"Region Syddanmark"
"Nyby, 4340 Tølløse",Nyby,4340,0316,Holbæk,1085,"Region Sjælland"
"Nyby, 4390 Vipperød",Nyby,4390,0316,Holbæk,1085,"Region Sjælland"
"Fakkebjerg, 5935 Bagenkop",Fakkebjerg,5935,0482,Langeland,1083,"Region Syddanmark"
"Eskebjerg, 5900 Rudkøbing",Eskebjerg,5900,0482,Langeland,1083,"Region Syddanmark"
"Grynderup, 7870 Roslev",Grynderup,7870,0779,Skive,1082,"Region Midtjylland"
"Bjørndrup, 7900 Nykøbing M",Bjørndrup,7900,0773,Morsø,1081,"Region Nordjylland"
"Magleby, 5935 Bagenkop",Magleby,5935,0482,Langeland,1083,"Region Syddanmark"
"Kurvemose, 5900 Rudkøbing",Kurvemose,5900,0482,Langeland,1083,"Region Syddanmark"
"Jenle, 7870 Roslev",Jenle,7870,0779,Skive,1082,"Region Midtjylland"
"Sejerslev, 7900 Nykøbing M",Sejerslev,7900,0773,Morsø,1081,"Region Nordjylland"
"Sdr Longelse, 5900 Rudkøbing","Sdr Longelse",5900,0482,Langeland,1083,"Region Syddanmark"
"Lohals, 5953 Tranekær",Lohals,5953,0482,Langeland,1083,"Region Syddanmark"
"Hesselbjerg, 5932 Humble",Hesselbjerg,5932,0482,Langeland,1083,"Region Syddanmark"
"Lund, 7840 Højslev",Lund,7840,0779,Skive,1082,"Region Midtjylland"
"Tæbring, 7900 Nykøbing M",Tæbring,7900,0773,Morsø,1081,"Region Nordjylland"
"Kås Mark, 7860 Spøttrup","Kås Mark",7860,0779,Skive,1082,"Region Midtjylland"
"Fursundparken, 7870 Roslev",Fursundparken,7870,0779,Skive,1082,"Region Midtjylland"
"Korsebølle, 5953 Tranekær",Korsebølle,5953,0482,Langeland,1083,"Region Syddanmark"
"Frydendal, 4440 Mørkøv",Frydendal,4440,0316,Holbæk,1085,"Region Sjælland"
"Faarup, 7900 Nykøbing M",Faarup,7900,0773,Morsø,1081,"Region Nordjylland"
"Sdr Ørum, 7840 Højslev","Sdr Ørum",7840,0779,Skive,1082,"Region Midtjylland"
"Frellesvig, 5953 Tranekær",Frellesvig,5953,0482,Langeland,1083,"Region Syddanmark"
"Risum, 7870 Roslev",Risum,7870,0779,Skive,1082,"Region Midtjylland"
"Borup, 4420 Regstrup",Borup,4420,0316,Holbæk,1085,"Region Sjælland"
"Snevre, 4420 Regstrup",Snevre,4420,0316,Holbæk,1085,"Region Sjælland"
"Torp, 7960 Karby",Torp,7960,0773,Morsø,1081,"Region Nordjylland"
"Sundby, 7950 Erslev",Sundby,7950,0773,Morsø,1081,"Region Nordjylland"
"Bogø, 5900 Rudkøbing",Bogø,5900,0482,Langeland,1083,"Region Syddanmark"
"Ø Hærup, 7860 Spøttrup","Ø Hærup",7860,0779,Skive,1082,"Region Midtjylland"
"Vesterhuse, 5953 Tranekær",Vesterhuse,5953,0482,Langeland,1083,"Region Syddanmark"
"Bakkerne, 7884 Fur",Bakkerne,7884,0779,Skive,1082,"Region Midtjylland"
"Dragstrup, 7950 Erslev",Dragstrup,7950,0773,Morsø,1081,"Region Nordjylland"
"Lismose, 5953 Tranekær",Lismose,5953,0482,Langeland,1083,"Region Syddanmark"
"Koldkilde, 7884 Fur",Koldkilde,7884,0779,Skive,1082,"Region Midtjylland"
"Rakkeby, 7900 Nykøbing M",Rakkeby,7900,0773,Morsø,1081,"Region Nordjylland"
"Rakkeby, 7960 Karby",Rakkeby,7960,0773,Morsø,1081,"Region Nordjylland"
"Rakkeby, 7970 Redsted M",Rakkeby,7970,0773,Morsø,1081,"Region Nordjylland"
"Vils, 7900 Nykøbing M",Vils,7900,0773,Morsø,1081,"Region Nordjylland"
"Vils, 7980 Vils",Vils,7980,0773,Morsø,1081,"Region Nordjylland"
"Simmerbølle, 5900 Rudkøbing",Simmerbølle,5900,0482,Langeland,1083,"Region Syddanmark"
"Snøde Udfl, 5953 Tranekær","Snøde Udfl",5953,0482,Langeland,1083,"Region Syddanmark"
"Kulepile, 5900 Rudkøbing",Kulepile,5900,0482,Langeland,1083,"Region Syddanmark"
"Brandsby, 5932 Humble",Brandsby,5932,0482,Langeland,1083,"Region Syddanmark"
"Mogenstrup, 8961 Allingåbro",Mogenstrup,8961,0707,Norddjurs,1082,"Region Midtjylland"
"Hønsinge, 4560 Vig",Hønsinge,4560,0306,Odsherred,1085,"Region Sjælland"
"Saldrup, 8570 Trustrup",Saldrup,8570,0706,Syddjurs,1082,"Region Midtjylland"
"Hørve Lamfj, 4534 Hørve","Hørve Lamfj",4534,0306,Odsherred,1085,"Region Sjælland"
"Ell Hovedgdr, 4573 Højby","Ell Hovedgdr",4573,0306,Odsherred,1085,"Region Sjælland"
"Vejleby, 4534 Hørve",Vejleby,4534,0306,Odsherred,1085,"Region Sjælland"
"Thorsø Mark, 8500 Grenaa","Thorsø Mark",8500,0707,Norddjurs,1082,"Region Midtjylland"
"Vindekilde, 4534 Hørve",Vindekilde,4534,0306,Odsherred,1085,"Region Sjælland"
"Vindekilde, 4540 Fårevejle",Vindekilde,4540,0306,Odsherred,1085,"Region Sjælland"
"Lestrup, 4500 Nykøbing Sj",Lestrup,4500,0306,Odsherred,1085,"Region Sjælland"
"Gudmindrp L, 4573 Højby","Gudmindrp L",4573,0306,Odsherred,1085,"Region Sjælland"
"Ordrup, 4540 Fårevejle",Ordrup,4540,0306,Odsherred,1085,"Region Sjælland"
"Havnebyen, 4583 Sjællands Odde",Havnebyen,4583,0306,Odsherred,1085,"Region Sjælland"
"Stenbergholt, 8963 Auning",Stenbergholt,8963,0706,Syddjurs,1082,"Region Midtjylland"
"V Alling Mk, 8963 Auning","V Alling Mk",8963,0706,Syddjurs,1082,"Region Midtjylland"
"Stenvad Mk, 8586 Ørum Djurs","Stenvad Mk",8586,0707,Norddjurs,1082,"Region Midtjylland"
"Vejlby, 8500 Grenaa",Vejlby,8500,0707,Norddjurs,1082,"Region Midtjylland"
"Veggerslev, 8500 Grenaa",Veggerslev,8500,0707,Norddjurs,1082,"Region Midtjylland"
"Kårup, 4540 Fårevejle",Kårup,4540,0306,Odsherred,1085,"Region Sjælland"
"Atterup, 4571 Grevinge",Atterup,4571,0306,Odsherred,1085,"Region Sjælland"
"Dolmer, 8500 Grenaa",Dolmer,8500,0707,Norddjurs,1082,"Region Midtjylland"
"Gundestrup, 4571 Grevinge",Gundestrup,4571,0306,Odsherred,1085,"Region Sjælland"
"Georgsminde, 8581 Nimtofte",Georgsminde,8581,0706,Syddjurs,1082,"Region Midtjylland"
"Frenderup, 4571 Grevinge",Frenderup,4571,0306,Odsherred,1085,"Region Sjælland"
"Veddinge, 4540 Fårevejle",Veddinge,4540,0306,Odsherred,1085,"Region Sjælland"
"Høve, 4550 Asnæs",Høve,4550,0306,Odsherred,1085,"Region Sjælland"
"Gelstrup, 4500 Nykøbing Sj",Gelstrup,4500,0306,Odsherred,1085,"Region Sjælland"
"Thorsø, 7850 Stoholm Jyll",Thorsø,7850,0791,Viborg,1082,"Region Midtjylland"
"Estruplund, 8950 Ørsted",Estruplund,8950,0707,Norddjurs,1082,"Region Midtjylland"
"Ell Kohave, 4573 Højby","Ell Kohave",4573,0306,Odsherred,1085,"Region Sjælland"
"Svinninge, 4572 Nørre Asmindrup",Svinninge,4572,0306,Odsherred,1085,"Region Sjælland"
"Nr. Rind, 8832 Skals","Nr. Rind",8832,0791,Viborg,1082,"Region Midtjylland"
"Holbæk, 8950 Ørsted",Holbæk,8950,0707,Norddjurs,1082,"Region Midtjylland"
"Vestervang, 4583 Sjællands Odde",Vestervang,4583,0306,Odsherred,1085,"Region Sjælland"
"Sonnerup, 4500 Nykøbing Sj",Sonnerup,4500,0306,Odsherred,1085,"Region Sjælland"
"Kærby, 8560 Kolind",Kærby,8560,0706,Syddjurs,1082,"Region Midtjylland"
"Ginnerup, 8500 Grenaa",Ginnerup,8500,0707,Norddjurs,1082,"Region Midtjylland"
"Gl Mølle, 8586 Ørum Djurs","Gl Mølle",8586,0707,Norddjurs,1082,"Region Midtjylland"
"Ingerslev, 8950 Ørsted",Ingerslev,8950,0707,Norddjurs,1082,"Region Midtjylland"
"Skaverup, 4572 Nørre Asmindrup",Skaverup,4572,0306,Odsherred,1085,"Region Sjælland"
"Mastrup, 8500 Grenaa",Mastrup,8500,0707,Norddjurs,1082,"Region Midtjylland"
"Mastrup, 8586 Ørum Djurs",Mastrup,8586,0707,Norddjurs,1082,"Region Midtjylland"
"Østerballe, 8444 Balle",Østerballe,8444,0706,Syddjurs,1082,"Region Midtjylland"
"Skovgårde, 8961 Allingåbro",Skovgårde,8961,0707,Norddjurs,1082,"Region Midtjylland"
"Ulstrup, 4560 Vig",Ulstrup,4560,0306,Odsherred,1085,"Region Sjælland"
"Tranehuse, 8585 Glesborg",Tranehuse,8585,0707,Norddjurs,1082,"Region Midtjylland"
"Voldby Mk, 8500 Grenaa","Voldby Mk",8500,0707,Norddjurs,1082,"Region Midtjylland"
"Vesterbæk, 6800 Varde",Vesterbæk,6800,0573,Varde,1083,"Region Syddanmark"
"Åstrup, 5600 Faaborg",Åstrup,5600,0430,Faaborg-Midtfyn,1083,"Region Syddanmark"
"Mønsted, 8800 Viborg",Mønsted,8800,0740,Silkeborg,1082,"Region Midtjylland"
"Hersom, 9500 Hobro",Hersom,9500,0791,Viborg,1082,"Region Midtjylland"
"Knudby, 8831 Løgstrup",Knudby,8831,0791,Viborg,1082,"Region Midtjylland"
"Frisvad, 6800 Varde",Frisvad,6800,0573,Varde,1083,"Region Syddanmark"
"Hvam St, 9620 Aalestrup","Hvam St",9620,0791,Viborg,1082,"Region Midtjylland"
"Snorup, 6862 Tistrup",Snorup,6862,0573,Varde,1083,"Region Syddanmark"
"Flarup, 8830 Tjele",Flarup,8830,0791,Viborg,1082,"Region Midtjylland"
"Forsomho, 6870 Ølgod",Forsomho,6870,0573,Varde,1083,"Region Syddanmark"
"Grærup, 6840 Oksbøl",Grærup,6840,0573,Varde,1083,"Region Syddanmark"
"Jyllerup, 6818 Årre",Jyllerup,6818,0561,Esbjerg,1083,"Region Syddanmark"
"Katterød, 5600 Faaborg",Katterød,5600,0430,Faaborg-Midtfyn,1083,"Region Syddanmark"
"Skravad, 9632 Møldrup",Skravad,9632,0791,Viborg,1082,"Region Midtjylland"
"Haugård, 9632 Møldrup",Haugård,9632,0791,Viborg,1082,"Region Midtjylland"
"Vindum, 8850 Bjerringbro",Vindum,8850,0710,Favrskov,1082,"Region Midtjylland"
"Horne, 6800 Varde",Horne,6800,0573,Varde,1083,"Region Syddanmark"
"Horne, 6855 Outrup",Horne,6855,0573,Varde,1083,"Region Syddanmark"
"Horne, 6862 Tistrup",Horne,6862,0573,Varde,1083,"Region Syddanmark"
"Horne, 6870 Ølgod",Horne,6870,0573,Varde,1083,"Region Syddanmark"
"Hellerup, 5750 Ringe",Hellerup,5750,0430,Faaborg-Midtfyn,1083,"Region Syddanmark"
"Gullev, 8850 Bjerringbro",Gullev,8850,0710,Favrskov,1082,"Region Midtjylland"
"Sjørring, 8830 Tjele",Sjørring,8830,0791,Viborg,1082,"Region Midtjylland"
"Dømmestrup, 5792 Årslev",Dømmestrup,5792,0430,Faaborg-Midtfyn,1083,"Region Syddanmark"
"Horne, 5600 Faaborg",Horne,5600,0430,Faaborg-Midtfyn,1083,"Region Syddanmark"
"Nr Broby, 5672 Broby","Nr Broby",5672,0430,Faaborg-Midtfyn,1083,"Region Syddanmark"
"Dollerup, 8800 Viborg",Dollerup,8800,0740,Silkeborg,1082,"Region Midtjylland"
"Strellev, 6870 Ølgod",Strellev,6870,0573,Varde,1083,"Region Syddanmark"
"Kvong, 6800 Varde",Kvong,6800,0573,Varde,1083,"Region Syddanmark"
"Kaleko, 5600 Faaborg",Kaleko,5600,0430,Faaborg-Midtfyn,1083,"Region Syddanmark"
"Sdr Broby, 5672 Broby","Sdr Broby",5672,0430,Faaborg-Midtfyn,1083,"Region Syddanmark"
"Rolfsted, 5863 Ferritslev Fyn",Rolfsted,5863,0430,Faaborg-Midtfyn,1083,"Region Syddanmark"
"Nr Søby Mark, 5792 Årslev","Nr Søby Mark",5792,0430,Faaborg-Midtfyn,1083,"Region Syddanmark"
"Rudme, 5750 Ringe",Rudme,5750,0430,Faaborg-Midtfyn,1083,"Region Syddanmark"
"Vroue, 7800 Skive",Vroue,7800,0661,Holstebro,1082,"Region Midtjylland"
"Vroue, 8800 Viborg",Vroue,8800,0740,Silkeborg,1082,"Region Midtjylland"
"Hørup, 9632 Møldrup",Hørup,9632,0791,Viborg,1082,"Region Midtjylland"
"Debel, 6753 Agerbæk",Debel,6753,0573,Varde,1083,"Region Syddanmark"
"Blaksmark, 6800 Varde",Blaksmark,6800,0573,Varde,1083,"Region Syddanmark"
"Bjerne, 5600 Faaborg",Bjerne,5600,0430,Faaborg-Midtfyn,1083,"Region Syddanmark"
"Smollerup, 7850 Stoholm Jyll",Smollerup,7850,0791,Viborg,1082,"Region Midtjylland"
"Ståby, 5672 Broby",Ståby,5672,0430,Faaborg-Midtfyn,1083,"Region Syddanmark"
"Formyre, 8830 Tjele",Formyre,8830,0791,Viborg,1082,"Region Midtjylland"
"Tranbjerg, 6818 Årre",Tranbjerg,6818,0561,Esbjerg,1083,"Region Syddanmark"
"Vorning, 8830 Tjele",Vorning,8830,0791,Viborg,1082,"Region Midtjylland"
"Sjørup, 8800 Viborg",Sjørup,8800,0740,Silkeborg,1082,"Region Midtjylland"
"Kokholm, 8830 Tjele",Kokholm,8830,0791,Viborg,1082,"Region Midtjylland"
"Sækbæk, 6800 Varde",Sækbæk,6800,0573,Varde,1083,"Region Syddanmark"
"Hillerslev, 5750 Ringe",Hillerslev,5750,0430,Faaborg-Midtfyn,1083,"Region Syddanmark"
"Lunddorp, 8830 Tjele",Lunddorp,8830,0791,Viborg,1082,"Region Midtjylland"
"Skelhøje, 7470 Karup J",Skelhøje,7470,0657,Herning,1082,"Region Midtjylland"
"Sjørup, 7470 Karup J",Sjørup,7470,0657,Herning,1082,"Region Midtjylland"
"Varde, 6800 Varde",Varde,6800,0573,Varde,1083,"Region Syddanmark"
"Broholm, 9632 Møldrup",Broholm,9632,0791,Viborg,1082,"Region Midtjylland"
"Tolstrup, 8832 Skals",Tolstrup,8832,0791,Viborg,1082,"Region Midtjylland"
"Olstrup, 4683 Rønnede",Olstrup,4683,0320,Faxe,1085,"Region Sjælland"
"Olstrup, 4690 Haslev",Olstrup,4690,0320,Faxe,1085,"Region Sjælland"
"Bjerget, 7741 Frøstrup",Bjerget,7741,0787,Thisted,1081,"Region Nordjylland"
"Lille Valby, 4000 Roskilde","Lille Valby",4000,0169,Høje-Taastrup,1084,"Region Hovedstaden"
"Leestrup Str, 4640 Faxe","Leestrup Str",4640,0320,Faxe,1085,"Region Sjælland"
"Skovsted, 7700 Thisted",Skovsted,7700,0787,Thisted,1081,"Region Nordjylland"
"Ræhr, 7730 Hanstholm",Ræhr,7730,0787,Thisted,1081,"Region Nordjylland"
"Kirkerup, 4000 Roskilde",Kirkerup,4000,0169,Høje-Taastrup,1084,"Region Hovedstaden"
"Horneby Fælled, 3100 Hornbæk","Horneby Fælled",3100,0217,Helsingør,1084,"Region Hovedstaden"
"Smerup, 4653 Karise",Smerup,4653,0320,Faxe,1085,"Region Sjælland"
"Søster Svenstrup, 4130 Viby Sjælland","Søster Svenstrup",4130,0259,Køge,1085,"Region Sjælland"
"Øverød, 2840 Holte",Øverød,2840,0173,Lyngby-Taarbæk,1084,"Region Hovedstaden"
"Turebyholm, 4682 Tureby",Turebyholm,4682,0259,Køge,1085,"Region Sjælland"
"Turebyholm, 4690 Haslev",Turebyholm,4690,0320,Faxe,1085,"Region Sjælland"
"Tureby Ovdr, 4682 Tureby","Tureby Ovdr",4682,0259,Køge,1085,"Region Sjælland"
"Snoldelev Mark, 4621 Gadstrup","Snoldelev Mark",4621,0265,Roskilde,1085,"Region Sjælland"
"Gerdrup, 4000 Roskilde",Gerdrup,4000,0169,Høje-Taastrup,1084,"Region Hovedstaden"
"Dalby Præste, 4682 Tureby","Dalby Præste",4682,0259,Køge,1085,"Region Sjælland"
"Slæggerup, 4000 Roskilde",Slæggerup,4000,0169,Høje-Taastrup,1084,"Region Hovedstaden"
"Hyllede, 4640 Faxe",Hyllede,4640,0320,Faxe,1085,"Region Sjælland"
"Hyllede, 4683 Rønnede",Hyllede,4683,0320,Faxe,1085,"Region Sjælland"
"Rejnstrup, 4640 Faxe",Rejnstrup,4640,0320,Faxe,1085,"Region Sjælland"
"Vindinge, 4000 Roskilde",Vindinge,4000,0169,Høje-Taastrup,1084,"Region Hovedstaden"
"Vindinge, 4030 Tune",Vindinge,4030,0253,Greve,1085,"Region Sjælland"
"Tingerup, 4683 Rønnede",Tingerup,4683,0320,Faxe,1085,"Region Sjælland"
"Hylleholt, 4654 Faxe Ladeplads",Hylleholt,4654,0320,Faxe,1085,"Region Sjælland"
"Taagerup Ovd, 4682 Tureby","Taagerup Ovd",4682,0259,Køge,1085,"Region Sjælland"
"Huseby, 3200 Helsinge",Huseby,3200,0219,Hillerød,1084,"Region Hovedstaden"
"Mønge Huse, 3200 Helsinge","Mønge Huse",3200,0219,Hillerød,1084,"Region Hovedstaden"
"Bannebjerg, 3230 Græsted",Bannebjerg,3230,0217,Helsingør,1084,"Region Hovedstaden"
"Veddelev, 4000 Roskilde",Veddelev,4000,0169,Høje-Taastrup,1084,"Region Hovedstaden"
"Kongsted, 4683 Rønnede",Kongsted,4683,0320,Faxe,1085,"Region Sjælland"
"Tågerup, 4653 Karise",Tågerup,4653,0320,Faxe,1085,"Region Sjælland"
"Vorupør, 7700 Thisted",Vorupør,7700,0787,Thisted,1081,"Region Nordjylland"
"Østerild, 7700 Thisted",Østerild,7700,0787,Thisted,1081,"Region Nordjylland"
"Sønderhå, 7752 Snedsted",Sønderhå,7752,0787,Thisted,1081,"Region Nordjylland"
"Sønderhå, 7755 Bedsted Thy",Sønderhå,7755,0787,Thisted,1081,"Region Nordjylland"
"Hassing, 7755 Bedsted Thy",Hassing,7755,0787,Thisted,1081,"Region Nordjylland"
"Skyum, 7752 Snedsted",Skyum,7752,0787,Thisted,1081,"Region Nordjylland"
"Sennels, 7700 Thisted",Sennels,7700,0787,Thisted,1081,"Region Nordjylland"
"L Spjellerup, 4640 Faxe","L Spjellerup",4640,0320,Faxe,1085,"Region Sjælland"
"Vråmose, 4654 Faxe Ladeplads",Vråmose,4654,0320,Faxe,1085,"Region Sjælland"
"Lyngby, 7755 Bedsted Thy",Lyngby,7755,0787,Thisted,1081,"Region Nordjylland"
"Monsholt, 4653 Karise",Monsholt,4653,0320,Faxe,1085,"Region Sjælland"
"Ettrup, 7760 Hurup Thy",Ettrup,7760,0671,Struer,1082,"Region Midtjylland"
"Lysholm, 4690 Haslev",Lysholm,4690,0320,Faxe,1085,"Region Sjælland"
"Østerby Havn, 9940 Læsø","Østerby Havn",9940,0825,Læsø,1081,"Region Nordjylland"
"Byrum, 9940 Læsø",Byrum,9940,0825,Læsø,1081,"Region Nordjylland"
"Orup, 4640 Faxe",Orup,4640,0320,Faxe,1085,"Region Sjælland"
"Karise Ovdr, 4653 Karise","Karise Ovdr",4653,0320,Faxe,1085,"Region Sjælland"
"Abildhave, 7700 Thisted",Abildhave,7700,0787,Thisted,1081,"Region Nordjylland"
"Abildhave, 7741 Frøstrup",Abildhave,7741,0787,Thisted,1081,"Region Nordjylland"
"Sundby, 7700 Thisted",Sundby,7700,0787,Thisted,1081,"Region Nordjylland"
"Sundby, 7752 Snedsted",Sundby,7752,0787,Thisted,1081,"Region Nordjylland"
"Kjelstrup, 7700 Thisted",Kjelstrup,7700,0787,Thisted,1081,"Region Nordjylland"
"Lille Brande, 7260 Sønder Omme","Lille Brande",7260,0530,Billund,1083,"Region Syddanmark"
"Brændstoft, 6300 Gråsten",Brændstoft,6300,0540,Sønderborg,1083,"Region Syddanmark"
"Ertebjerg, 6470 Sydals",Ertebjerg,6470,0540,Sønderborg,1083,"Region Syddanmark"
"Havnbjergskov, 6430 Nordborg",Havnbjergskov,6430,0540,Sønderborg,1083,"Region Syddanmark"
"Fynshav, 6440 Augustenborg",Fynshav,6440,0540,Sønderborg,1083,"Region Syddanmark"
"Tørsbøl, 6300 Gråsten",Tørsbøl,6300,0540,Sønderborg,1083,"Region Syddanmark"
"Vetterslev, 4100 Ringsted",Vetterslev,4100,0259,Køge,1085,"Region Sjælland"
"Kløv, 7700 Thisted",Kløv,7700,0787,Thisted,1081,"Region Nordjylland"
"Busholm, 6310 Broager",Busholm,6310,0540,Sønderborg,1083,"Region Syddanmark"
"Majbøl, 6470 Sydals",Majbøl,6470,0540,Sønderborg,1083,"Region Syddanmark"
"Spails, 7755 Bedsted Thy",Spails,7755,0787,Thisted,1081,"Region Nordjylland"
"Stagstrup, 7752 Snedsted",Stagstrup,7752,0787,Thisted,1081,"Region Nordjylland"
"Hjortspring, 6430 Nordborg",Hjortspring,6430,0540,Sønderborg,1083,"Region Syddanmark"
"Lille Svenstrup, 4100 Ringsted","Lille Svenstrup",4100,0259,Køge,1085,"Region Sjælland"
"Tolstrup, 4100 Ringsted",Tolstrup,4100,0259,Køge,1085,"Region Sjælland"
"Asserballe, 6440 Augustenborg",Asserballe,6440,0540,Sønderborg,1083,"Region Syddanmark"
"Iller, 6310 Broager",Iller,6310,0540,Sønderborg,1083,"Region Syddanmark"
"Rindby Strand, 6720 Fanø","Rindby Strand",6720,0563,Fanø,1083,"Region Syddanmark"
"Klingbjerg, 6430 Nordborg",Klingbjerg,6430,0540,Sønderborg,1083,"Region Syddanmark"
"Faurholm, 6470 Sydals",Faurholm,6470,0540,Sønderborg,1083,"Region Syddanmark"
"Ragebøl, 6400 Sønderborg",Ragebøl,6400,0540,Sønderborg,1083,"Region Syddanmark"
"Øster Snogbæk, 6400 Sønderborg","Øster Snogbæk",6400,0540,Sønderborg,1083,"Region Syddanmark"
"Holballe, 6470 Sydals",Holballe,6470,0540,Sønderborg,1083,"Region Syddanmark"
"Nybøl, 6400 Sønderborg",Nybøl,6400,0540,Sønderborg,1083,"Region Syddanmark"
"Hejnsvig Mk, 7250 Hejnsvig","Hejnsvig Mk",7250,0530,Billund,1083,"Region Syddanmark"
"Billund, 7190 Billund",Billund,7190,0530,Billund,1083,"Region Syddanmark"
"Hf. Sundsmark, 6400 Sønderborg","Hf. Sundsmark",6400,0540,Sønderborg,1083,"Region Syddanmark"
"Sønderskov, 6400 Sønderborg",Sønderskov,6400,0540,Sønderborg,1083,"Region Syddanmark"
"Filskov, 7200 Grindsted",Filskov,7200,0530,Billund,1083,"Region Syddanmark"
"Vesterlund, 6430 Nordborg",Vesterlund,6430,0540,Sønderborg,1083,"Region Syddanmark"
"Ågerup, 4140 Borup",Ågerup,4140,0259,Køge,1085,"Region Sjælland"
"Grindsted By, 7200 Grindsted","Grindsted By",7200,0530,Billund,1083,"Region Syddanmark"
"Æblebjerg, 6470 Sydals",Æblebjerg,6470,0540,Sønderborg,1083,"Region Syddanmark"
"Tandslet, 6470 Sydals",Tandslet,6470,0540,Sønderborg,1083,"Region Syddanmark"
"Nypøl, 6470 Sydals",Nypøl,6470,0540,Sønderborg,1083,"Region Syddanmark"
"Giesegård, 4100 Ringsted",Giesegård,4100,0259,Køge,1085,"Region Sjælland"
"Mortenstrup, 4174 Jystrup Midtsj",Mortenstrup,4174,0259,Køge,1085,"Region Sjælland"
"Sødring, 8970 Havndal",Sødring,8970,0730,Randers,1082,"Region Midtjylland"
"Volstrup, 8920 Randers NV",Volstrup,8920,0730,Randers,1082,"Region Midtjylland"
"Kobæk, 4230 Skælskør",Kobæk,4230,0330,Slagelse,1085,"Region Sjælland"
"Hvidsten, 8981 Spentrup",Hvidsten,8981,0730,Randers,1082,"Region Midtjylland"
"Uggelhuse, 8960 Randers SØ",Uggelhuse,8960,0710,Favrskov,1082,"Region Midtjylland"
"Kjærgård Mrk, 6740 Bramming","Kjærgård Mrk",6740,0561,Esbjerg,1083,"Region Syddanmark"
"Drastrup, 8960 Randers SØ",Drastrup,8960,0710,Favrskov,1082,"Region Midtjylland"
"Fussingø, 8920 Randers NV",Fussingø,8920,0730,Randers,1082,"Region Midtjylland"
"Tammestrup Mark, 8960 Randers SØ","Tammestrup Mark",8960,0710,Favrskov,1082,"Region Midtjylland"
"Kammerslusen, 6760 Ribe",Kammerslusen,6760,0561,Esbjerg,1083,"Region Syddanmark"
"Roager, 6760 Ribe",Roager,6760,0561,Esbjerg,1083,"Region Syddanmark"
"Hørning Mark, 8960 Randers SØ","Hørning Mark",8960,0710,Favrskov,1082,"Region Midtjylland"
"Hessellund, 6690 Gørding",Hessellund,6690,0561,Esbjerg,1083,"Region Syddanmark"
"Vedskølle, 4230 Skælskør",Vedskølle,4230,0330,Slagelse,1085,"Region Sjælland"
"Vedbysønder, 4200 Slagelse",Vedbysønder,4200,0326,Kalundborg,1085,"Region Sjælland"
"Favrholt, 6760 Ribe",Favrholt,6760,0561,Esbjerg,1083,"Region Syddanmark"
"Lille Roager, 6760 Ribe","Lille Roager",6760,0561,Esbjerg,1083,"Region Syddanmark"
"Rønnesholm, 4200 Slagelse",Rønnesholm,4200,0326,Kalundborg,1085,"Region Sjælland"
"Lorup, 4180 Sorø",Lorup,4180,0329,Ringsted,1085,"Region Sjælland"
"Lorup, 4200 Slagelse",Lorup,4200,0326,Kalundborg,1085,"Region Sjælland"
"Næsby Strand, 4200 Slagelse","Næsby Strand",4200,0326,Kalundborg,1085,"Region Sjælland"
"Dronningborg, 8930 Randers NØ",Dronningborg,8930,0730,Randers,1082,"Region Midtjylland"
"Enderup, 6760 Ribe",Enderup,6760,0561,Esbjerg,1083,"Region Syddanmark"
"Tanderup, 6760 Ribe",Tanderup,6760,0561,Esbjerg,1083,"Region Syddanmark"
"Læsten, 8920 Randers NV",Læsten,8920,0730,Randers,1082,"Region Midtjylland"
"Magleby, 4230 Skælskør",Magleby,4230,0330,Slagelse,1085,"Region Sjælland"
"Drøsselbjerg, 4200 Slagelse",Drøsselbjerg,4200,0326,Kalundborg,1085,"Region Sjælland"
"Dysse, 8981 Spentrup",Dysse,8981,0730,Randers,1082,"Region Midtjylland"
"Hjerting, 6710 Esbjerg V",Hjerting,6710,0561,Esbjerg,1083,"Region Syddanmark"
"Randrup, 8981 Spentrup",Randrup,8981,0730,Randers,1082,"Region Midtjylland"
"Haveforening Scandia, 8930 Randers NØ","Haveforening Scandia",8930,0730,Randers,1082,"Region Midtjylland"
"Råby, 8970 Havndal",Råby,8970,0730,Randers,1082,"Region Midtjylland"
"Vemmelev, 4241 Vemmelev",Vemmelev,4241,0330,Slagelse,1085,"Region Sjælland"
"Stude, 4241 Vemmelev",Stude,4241,0330,Slagelse,1085,"Region Sjælland"
"Sibberup, 4230 Skælskør",Sibberup,4230,0330,Slagelse,1085,"Region Sjælland"
"Lindbjerg, 8930 Randers NØ",Lindbjerg,8930,0730,Randers,1082,"Region Midtjylland"
"Kåtrup, 8990 Fårup",Kåtrup,8990,0730,Randers,1082,"Region Midtjylland"
"Kåtrup, 9550 Mariager",Kåtrup,9550,0730,Randers,1082,"Region Midtjylland"
"Ll Valby, 4200 Slagelse","Ll Valby",4200,0326,Kalundborg,1085,"Region Sjælland"
"Nordruptange, 4190 Munke Bjergby",Nordruptange,4190,0330,Slagelse,1085,"Region Sjælland"
"Svinding, 8920 Randers NV",Svinding,8920,0730,Randers,1082,"Region Midtjylland"
"Værum, 8940 Randers SV",Værum,8940,0710,Favrskov,1082,"Region Midtjylland"
"Binderup, 8970 Havndal",Binderup,8970,0730,Randers,1082,"Region Midtjylland"
"Lund, 8960 Randers SØ",Lund,8960,0710,Favrskov,1082,"Region Midtjylland"
"Ammelhede, 8960 Randers SØ",Ammelhede,8960,0710,Favrskov,1082,"Region Midtjylland"
"Linde, 8981 Spentrup",Linde,8981,0730,Randers,1082,"Region Midtjylland"
"Moeskær Mark, 8960 Randers SØ","Moeskær Mark",8960,0710,Favrskov,1082,"Region Midtjylland"
"Nordruplund, 4190 Munke Bjergby",Nordruplund,4190,0330,Slagelse,1085,"Region Sjælland"
"Tinkerup, 3250 Gilleleje",Tinkerup,3250,0270,Gribskov,1084,"Region Hovedstaden"
"Str Børstrup, 3250 Gilleleje","Str Børstrup",3250,0270,Gribskov,1084,"Region Hovedstaden"
"Høgsted, 9760 Vrå",Høgsted,9760,0810,Brønderslev,1081,"Region Nordjylland"
"Høgsted, 9800 Hjørring",Høgsted,9800,0860,Hjørring,1081,"Region Nordjylland"
"Nakkehoved, 3120 Dronningmølle",Nakkehoved,3120,0270,Gribskov,1084,"Region Hovedstaden"
"Nakkehoved, 3250 Gilleleje",Nakkehoved,3250,0270,Gribskov,1084,"Region Hovedstaden"
"Astrup, 9800 Hjørring",Astrup,9800,0860,Hjørring,1081,"Region Nordjylland"
"Astrup, 9870 Sindal",Astrup,9870,0813,Frederikshavn,1081,"Region Nordjylland"
"Højrup,Horne, 9850 Hirtshals","Højrup,Horne",9850,0860,Hjørring,1081,"Region Nordjylland"
"Hammersholt, 3400 Hillerød",Hammersholt,3400,0201,Allerød,1084,"Region Hovedstaden"
"Gjurup, 9800 Hjørring",Gjurup,9800,0860,Hjørring,1081,"Region Nordjylland"
"Gunderup, 9760 Vrå",Gunderup,9760,0810,Brønderslev,1081,"Region Nordjylland"
"Gunderup, 9800 Hjørring",Gunderup,9800,0860,Hjørring,1081,"Region Nordjylland"
"Bendstrup, 3400 Hillerød",Bendstrup,3400,0201,Allerød,1084,"Region Hovedstaden"
"Ernebjerg, 5491 Blommenslyst",Ernebjerg,5491,0461,Odense,1083,"Region Syddanmark"
"Fraugdekærby, 5220 Odense SØ",Fraugdekærby,5220,0461,Odense,1083,"Region Syddanmark"
"Stige, 5270 Odense N",Stige,5270,0461,Odense,1083,"Region Syddanmark"
"Brændekilde, 5250 Odense SV",Brændekilde,5250,0461,Odense,1083,"Region Syddanmark"
"Brændekilde, 5491 Blommenslyst",Brændekilde,5491,0461,Odense,1083,"Region Syddanmark"
"Mosbjerg, 9870 Sindal",Mosbjerg,9870,0813,Frederikshavn,1081,"Region Nordjylland"
"Skøttrup, 9480 Løkken",Skøttrup,9480,0810,Brønderslev,1081,"Region Nordjylland"
"Vrensted, 9480 Løkken",Vrensted,9480,0810,Brønderslev,1081,"Region Nordjylland"
"Fraugde, 5220 Odense SØ",Fraugde,5220,0461,Odense,1083,"Region Syddanmark"
"Holmstrup, 4200 Slagelse",Holmstrup,4200,0326,Kalundborg,1085,"Region Sjælland"
"Tuen, 9881 Bindslev",Tuen,9881,0813,Frederikshavn,1081,"Region Nordjylland"
"Kalør, 5200 Odense V",Kalør,5200,0461,Odense,1083,"Region Syddanmark"
"Rubjerg, 9480 Løkken",Rubjerg,9480,0810,Brønderslev,1081,"Region Nordjylland"
"Lundby, 4230 Skælskør",Lundby,4230,0330,Slagelse,1085,"Region Sjælland"
"Fårdrup, 4200 Slagelse",Fårdrup,4200,0326,Kalundborg,1085,"Region Sjælland"
"Valbygård, 4200 Slagelse",Valbygård,4200,0326,Kalundborg,1085,"Region Sjælland"
"Blæsbjerg, 9870 Sindal",Blæsbjerg,9870,0813,Frederikshavn,1081,"Region Nordjylland"
"Tjæreby, 4220 Korsør",Tjæreby,4220,0330,Slagelse,1085,"Region Sjælland"
"Tjæreby, 4241 Vemmelev",Tjæreby,4241,0330,Slagelse,1085,"Region Sjælland"
"Nr Rubjerg, 9480 Løkken","Nr Rubjerg",9480,0810,Brønderslev,1081,"Region Nordjylland"
"Nr Rubjerg, 9800 Hjørring","Nr Rubjerg",9800,0860,Hjørring,1081,"Region Nordjylland"
"Tornby, 9850 Hirtshals",Tornby,9850,0860,Hjørring,1081,"Region Nordjylland"
"Dvergetved, 9870 Sindal",Dvergetved,9870,0813,Frederikshavn,1081,"Region Nordjylland"
"Dvergetved, 9900 Frederikshavn",Dvergetved,9900,0813,Frederikshavn,1081,"Region Nordjylland"
"Hyllerup, 4200 Slagelse",Hyllerup,4200,0326,Kalundborg,1085,"Region Sjælland"
"Asdal, 9850 Hirtshals",Asdal,9850,0860,Hjørring,1081,"Region Nordjylland"
"Furreby, 9480 Løkken",Furreby,9480,0810,Brønderslev,1081,"Region Nordjylland"
"Guldager, 9760 Vrå",Guldager,9760,0810,Brønderslev,1081,"Region Nordjylland"
"Guldager, 9800 Hjørring",Guldager,9800,0860,Hjørring,1081,"Region Nordjylland"
"Kirkendrup, 5270 Odense N",Kirkendrup,5270,0461,Odense,1083,"Region Syddanmark"
"Foldbjerg, 9760 Vrå",Foldbjerg,9760,0810,Brønderslev,1081,"Region Nordjylland"
"Vollerup, 9760 Vrå",Vollerup,9760,0810,Brønderslev,1081,"Region Nordjylland"
"Børglum, 9760 Vrå",Børglum,9760,0810,Brønderslev,1081,"Region Nordjylland"
"Fjelsted, 9800 Hjørring",Fjelsted,9800,0860,Hjørring,1081,"Region Nordjylland"
"Sdr Rubjerg, 9480 Løkken","Sdr Rubjerg",9480,0810,Brønderslev,1081,"Region Nordjylland"
"Lørslev, 9800 Hjørring",Lørslev,9800,0860,Hjørring,1081,"Region Nordjylland"
"Skt Klemens, 5260 Odense S","Skt Klemens",5260,0461,Odense,1083,"Region Syddanmark"
"Freersvang, 3400 Hillerød",Freersvang,3400,0201,Allerød,1084,"Region Hovedstaden"
"Sønder Strødam, 3400 Hillerød","Sønder Strødam",3400,0201,Allerød,1084,"Region Hovedstaden"
"Tjæreby, 3400 Hillerød",Tjæreby,3400,0201,Allerød,1084,"Region Hovedstaden"
"Hjallese, 5230 Odense M",Hjallese,5230,0461,Odense,1083,"Region Syddanmark"
"Hjallese, 5250 Odense SV",Hjallese,5250,0461,Odense,1083,"Region Syddanmark"
"Hjallese, 5260 Odense S",Hjallese,5260,0461,Odense,1083,"Region Syddanmark"
"Horne, 9850 Hirtshals",Horne,9850,0860,Hjørring,1081,"Region Nordjylland"
"Skovs Højrup, 5270 Odense N","Skovs Højrup",5270,0461,Odense,1083,"Region Syddanmark"
"Næsby, 5000 Odense C",Næsby,5000,0461,Odense,1083,"Region Syddanmark"
"Næsby, 5210 Odense NV",Næsby,5210,0461,Odense,1083,"Region Syddanmark"
"Næsby, 5270 Odense N",Næsby,5270,0461,Odense,1083,"Region Syddanmark"
"Stenløse, 5260 Odense S",Stenløse,5260,0461,Odense,1083,"Region Syddanmark"
"Fjendstrup, 4850 Stubbekøbing",Fjendstrup,4850,0376,Guldborgsund,1085,"Region Sjælland"
"Trampenbjerg, 8752 Østbirk",Trampenbjerg,8752,0615,Horsens,1082,"Region Midtjylland"
"Sdr Vissing, 8740 Brædstrup","Sdr Vissing",8740,0615,Horsens,1082,"Region Midtjylland"
"Ønslev, 4800 Nykøbing F",Ønslev,4800,0376,Guldborgsund,1085,"Region Sjælland"
"Ønslev, 4863 Eskilstrup",Ønslev,4863,0376,Guldborgsund,1085,"Region Sjælland"
"V Ulslev, 4894 Øster Ulslev","V Ulslev",4894,0360,Lolland,1085,"Region Sjælland"
"Stensballe, 8700 Horsens",Stensballe,8700,0615,Horsens,1082,"Region Midtjylland"
"Monbjerg, 8752 Østbirk",Monbjerg,8752,0615,Horsens,1082,"Region Midtjylland"
"Lundby, 4840 Nørre Alslev",Lundby,4840,0376,Guldborgsund,1085,"Region Sjælland"
"Lundby, 4863 Eskilstrup",Lundby,4863,0376,Guldborgsund,1085,"Region Sjælland"
"Horreby, 4800 Nykøbing F",Horreby,4800,0376,Guldborgsund,1085,"Region Sjælland"
"Tostenæs, 4792 Askeby",Tostenæs,4792,0390,Vordingborg,1085,"Region Sjælland"
"Lommelev, 4840 Nørre Alslev",Lommelev,4840,0376,Guldborgsund,1085,"Region Sjælland"
"Aastrup, 4850 Stubbekøbing",Aastrup,4850,0376,Guldborgsund,1085,"Region Sjælland"
"Tyrrestrup, 8700 Horsens",Tyrrestrup,8700,0615,Horsens,1082,"Region Midtjylland"
"Tjørnemark, 4780 Stege",Tjørnemark,4780,0390,Vordingborg,1085,"Region Sjælland"
"Sørup, 4894 Øster Ulslev",Sørup,4894,0360,Lolland,1085,"Region Sjælland"
"Skerne, 4840 Nørre Alslev",Skerne,4840,0376,Guldborgsund,1085,"Region Sjælland"
"Ovstrup, 4863 Eskilstrup",Ovstrup,4863,0376,Guldborgsund,1085,"Region Sjælland"
"Tingstedholm, 8751 Gedved",Tingstedholm,8751,0615,Horsens,1082,"Region Midtjylland"
"Rodemark, 4850 Stubbekøbing",Rodemark,4850,0376,Guldborgsund,1085,"Region Sjælland"
"Nørrestrand, 8700 Horsens",Nørrestrand,8700,0615,Horsens,1082,"Region Midtjylland"
"Tønning, 8740 Brædstrup",Tønning,8740,0615,Horsens,1082,"Region Midtjylland"
"Kraneled, 4791 Borre",Kraneled,4791,0390,Vordingborg,1085,"Region Sjælland"
"Neble, 4750 Lundby",Neble,4750,0370,Næstved,1085,"Region Sjælland"
"Ejby, 4070 Kirke Hyllinge",Ejby,4070,0350,Lejre,1085,"Region Sjælland"
"Eget, 4800 Nykøbing F",Eget,4800,0376,Guldborgsund,1085,"Region Sjælland"
"Handermelle, 4894 Øster Ulslev",Handermelle,4894,0360,Lolland,1085,"Region Sjælland"
"Hammersholm, 8700 Horsens",Hammersholm,8700,0615,Horsens,1082,"Region Midtjylland"
"Gammelstrup, 8740 Brædstrup",Gammelstrup,8740,0615,Horsens,1082,"Region Midtjylland"
"St Lind, 4780 Stege","St Lind",4780,0390,Vordingborg,1085,"Region Sjælland"
"Purup, 8752 Østbirk",Purup,8752,0615,Horsens,1082,"Region Midtjylland"
"Nr Frejlev, 4892 Kettinge","Nr Frejlev",4892,0376,Guldborgsund,1085,"Region Sjælland"
"Tunderup, 4800 Nykøbing F",Tunderup,4800,0376,Guldborgsund,1085,"Region Sjælland"
"Åes, 8700 Horsens",Åes,8700,0615,Horsens,1082,"Region Midtjylland"
"Åes, 8732 Hovedgård",Åes,8732,0615,Horsens,1082,"Region Midtjylland"
"Nr Frenderup, 4780 Stege","Nr Frenderup",4780,0390,Vordingborg,1085,"Region Sjælland"
"Balle, 4735 Mern",Balle,4735,0390,Vordingborg,1085,"Region Sjælland"
"Torpe, 4780 Stege",Torpe,4780,0390,Vordingborg,1085,"Region Sjælland"
"Jungshoved, 4720 Præstø",Jungshoved,4720,0390,Vordingborg,1085,"Region Sjælland"
"Herritslev, 4880 Nysted",Herritslev,4880,0376,Guldborgsund,1085,"Region Sjælland"
"Vestenbæk, 4773 Stensved",Vestenbæk,4773,0390,Vordingborg,1085,"Region Sjælland"
"Nyborre, 4791 Borre",Nyborre,4791,0390,Vordingborg,1085,"Region Sjælland"
"Ullemark, 4780 Stege",Ullemark,4780,0390,Vordingborg,1085,"Region Sjælland"
"Stege, 4780 Stege",Stege,4780,0390,Vordingborg,1085,"Region Sjælland"
"Elbæk, 8700 Horsens",Elbæk,8700,0615,Horsens,1082,"Region Midtjylland"
"Maglebrænde, 4850 Stubbekøbing",Maglebrænde,4850,0376,Guldborgsund,1085,"Region Sjælland"
"Hjelm, 4990 Sakskøbing",Hjelm,4990,0376,Guldborgsund,1085,"Region Sjælland"
"Skullerup, 4330 Hvalsø",Skullerup,4330,0316,Holbæk,1085,"Region Sjælland"
"Ørnhøj, 6973 Ørnhøj",Ørnhøj,6973,0657,Herning,1082,"Region Midtjylland"
"Karstoft, 6933 Kibæk",Karstoft,6933,0657,Herning,1082,"Region Midtjylland"
"Karstoft, 7330 Brande",Karstoft,7330,0630,Vejle,1083,"Region Syddanmark"
"Troldhede, 6933 Kibæk",Troldhede,6933,0657,Herning,1082,"Region Midtjylland"
"Troldhede, 7280 Sønder Felding",Troldhede,7280,0657,Herning,1082,"Region Midtjylland"
"Foldby, 8382 Hinnerup",Foldby,8382,0710,Favrskov,1082,"Region Midtjylland"
"Rosenlund, 8870 Langå",Rosenlund,8870,0710,Favrskov,1082,"Region Midtjylland"
"Gødstrup, 7400 Herning",Gødstrup,7400,0657,Herning,1082,"Region Midtjylland"
"Stavlund, 7540 Haderup",Stavlund,7540,0657,Herning,1082,"Region Midtjylland"
"Aastrup, 4060 Kirke Såby",Aastrup,4060,0350,Lejre,1085,"Region Sjælland"
"Aastrup, 4340 Tølløse",Aastrup,4340,0316,Holbæk,1085,"Region Sjælland"
"Nysted, 8881 Thorsø",Nysted,8881,0710,Favrskov,1082,"Region Midtjylland"
"Bregnetved, 4320 Lejre",Bregnetved,4320,0259,Køge,1085,"Region Sjælland"
"Ravning, 6760 Ribe",Ravning,6760,0561,Esbjerg,1083,"Region Syddanmark"
"Grølsted, 8881 Thorsø",Grølsted,8881,0710,Favrskov,1082,"Region Midtjylland"
"Lyndby, 4060 Kirke Såby",Lyndby,4060,0350,Lejre,1085,"Region Sjælland"
"Lyndby, 4070 Kirke Hyllinge",Lyndby,4070,0350,Lejre,1085,"Region Sjælland"
"Gøderup, 4000 Roskilde",Gøderup,4000,0169,Høje-Taastrup,1084,"Region Hovedstaden"
"Gøderup, 4621 Gadstrup",Gøderup,4621,0265,Roskilde,1085,"Region Sjælland"
"Rebelsig, 6740 Bramming",Rebelsig,6740,0561,Esbjerg,1083,"Region Syddanmark"
"Vester Vedsted, 6760 Ribe","Vester Vedsted",6760,0561,Esbjerg,1083,"Region Syddanmark"
"Fjelstervang, 6933 Kibæk",Fjelstervang,6933,0657,Herning,1082,"Region Midtjylland"
"Langskov, 8370 Hadsten",Langskov,8370,0710,Favrskov,1082,"Region Midtjylland"
"Studsgård, 7400 Herning",Studsgård,7400,0657,Herning,1082,"Region Midtjylland"
"Opsneum, 6731 Tjæreborg",Opsneum,6731,0561,Esbjerg,1083,"Region Syddanmark"
"Ll Darum, 6740 Bramming","Ll Darum",6740,0561,Esbjerg,1083,"Region Syddanmark"
"Grimstrup, 6818 Årre",Grimstrup,6818,0561,Esbjerg,1083,"Region Syddanmark"
"Hadbjerg, 8370 Hadsten",Hadbjerg,8370,0710,Favrskov,1082,"Region Midtjylland"
"Lerbjerg, 8370 Hadsten",Lerbjerg,8370,0710,Favrskov,1082,"Region Midtjylland"
"Lerbjerg, 8870 Langå",Lerbjerg,8870,0710,Favrskov,1082,"Region Midtjylland"
"Bramstrup, 8370 Hadsten",Bramstrup,8370,0710,Favrskov,1082,"Region Midtjylland"
"Bjerndrup, 6690 Gørding",Bjerndrup,6690,0561,Esbjerg,1083,"Region Syddanmark"
"Vibæk, 6740 Bramming",Vibæk,6740,0561,Esbjerg,1083,"Region Syddanmark"
"Allerup, 6731 Tjæreborg",Allerup,6731,0561,Esbjerg,1083,"Region Syddanmark"
"Sjelborg, 6710 Esbjerg V",Sjelborg,6710,0561,Esbjerg,1083,"Region Syddanmark"
"Varming, 6760 Ribe",Varming,6760,0561,Esbjerg,1083,"Region Syddanmark"
"Nielstrup, 8370 Hadsten",Nielstrup,8370,0710,Favrskov,1082,"Region Midtjylland"
"Ørre, 7400 Herning",Ørre,7400,0657,Herning,1082,"Region Midtjylland"
"Svejstrup, 8370 Hadsten",Svejstrup,8370,0710,Favrskov,1082,"Region Midtjylland"
"Snepsgårde, 6760 Ribe",Snepsgårde,6760,0561,Esbjerg,1083,"Region Syddanmark"
"Solbjerg, 6731 Tjæreborg",Solbjerg,6731,0561,Esbjerg,1083,"Region Syddanmark"
"Åvang, 4320 Lejre",Åvang,4320,0259,Køge,1085,"Region Sjælland"
"Kirke Hyllinge, 4070 Kirke Hyllinge","Kirke Hyllinge",4070,0350,Lejre,1085,"Region Sjælland"
"Vistorp, 7451 Sunds",Vistorp,7451,0657,Herning,1082,"Region Midtjylland"
"Vistorp, 7540 Haderup",Vistorp,7540,0657,Herning,1082,"Region Midtjylland"
"Hinnerup, 8382 Hinnerup",Hinnerup,8382,0710,Favrskov,1082,"Region Midtjylland"
"Kirke Sonnerup, 4060 Kirke Såby","Kirke Sonnerup",4060,0350,Lejre,1085,"Region Sjælland"
"Bryllegaard, 5690 Tommerup",Bryllegaard,5690,0420,Assens,1083,"Region Syddanmark"
"Truelsmose, 5631 Ebberup",Truelsmose,5631,0420,Assens,1083,"Region Syddanmark"
"Søbjerg, 5683 Haarby",Søbjerg,5683,0420,Assens,1083,"Region Syddanmark"
"Skydebjerg, 5560 Aarup",Skydebjerg,5560,0410,Middelfart,1083,"Region Syddanmark"
"Basselund, 5620 Glamsbjerg",Basselund,5620,0420,Assens,1083,"Region Syddanmark"
"Syvsten, 9300 Sæby",Syvsten,9300,0813,Frederikshavn,1081,"Region Nordjylland"
"Hjeds, 9541 Suldrup",Hjeds,9541,0820,Vesthimmerlands,1081,"Region Nordjylland"
"Borup, 9530 Støvring",Borup,9530,0840,Rebild,1081,"Region Nordjylland"
"Badskær, 9352 Dybvad",Badskær,9352,0810,Brønderslev,1081,"Region Nordjylland"
"Torsted, 9520 Skørping",Torsted,9520,0840,Rebild,1081,"Region Nordjylland"
"Torsted, 9541 Suldrup",Torsted,9541,0820,Vesthimmerlands,1081,"Region Nordjylland"
"Rebstrup, 9541 Suldrup",Rebstrup,9541,0820,Vesthimmerlands,1081,"Region Nordjylland"
"Sø Søby, 5610 Assens","Sø Søby",5610,0410,Middelfart,1083,"Region Syddanmark"
"Ø Holmen, 9900 Frederikshavn","Ø Holmen",9900,0813,Frederikshavn,1081,"Region Nordjylland"
"Kgs Tisted, 9610 Nørager","Kgs Tisted",9610,0820,Vesthimmerlands,1081,"Region Nordjylland"
"Højris Mølle, 9240 Nibe","Højris Mølle",9240,0820,Vesthimmerlands,1081,"Region Nordjylland"
"Egerup Mark, 5610 Assens","Egerup Mark",5610,0410,Middelfart,1083,"Region Syddanmark"
"Øksenhede, 9300 Sæby",Øksenhede,9300,0813,Frederikshavn,1081,"Region Nordjylland"
"Himmerig, 9981 Jerup",Himmerig,9981,0813,Frederikshavn,1081,"Region Nordjylland"
"Lyngså, 9300 Sæby",Lyngså,9300,0813,Frederikshavn,1081,"Region Nordjylland"
"Sulbæk, 9300 Sæby",Sulbæk,9300,0813,Frederikshavn,1081,"Region Nordjylland"
"Sulbæk, 9900 Frederikshavn",Sulbæk,9900,0813,Frederikshavn,1081,"Region Nordjylland"
"Kirketerp, 9240 Nibe",Kirketerp,9240,0820,Vesthimmerlands,1081,"Region Nordjylland"
"Kirketerp, 9541 Suldrup",Kirketerp,9541,0820,Vesthimmerlands,1081,"Region Nordjylland"
"Grøftager, 9610 Nørager",Grøftager,9610,0820,Vesthimmerlands,1081,"Region Nordjylland"
"Vejrhøj, 9610 Nørager",Vejrhøj,9610,0820,Vesthimmerlands,1081,"Region Nordjylland"
"Snave Mark, 5683 Haarby","Snave Mark",5683,0420,Assens,1083,"Region Syddanmark"
"Nårup Skov, 5690 Tommerup","Nårup Skov",5690,0420,Assens,1083,"Region Syddanmark"
"Gundestrup, 5690 Tommerup",Gundestrup,5690,0420,Assens,1083,"Region Syddanmark"
"Lendum, 9870 Sindal",Lendum,9870,0813,Frederikshavn,1081,"Region Nordjylland"
"Bradstrup, 9500 Hobro",Bradstrup,9500,0791,Viborg,1082,"Region Midtjylland"
"Bradstrup, 9610 Nørager",Bradstrup,9610,0820,Vesthimmerlands,1081,"Region Nordjylland"
"Vestermarie, 3700 Rønne",Vestermarie,3700,0400,Bornholm,1084,"Region Hovedstaden"
"Vestermarie, 3720 Aakirkeby",Vestermarie,3720,0400,Bornholm,1084,"Region Hovedstaden"
"Vestermarie, 3751 Østermarie",Vestermarie,3751,0400,Bornholm,1084,"Region Hovedstaden"
"Bregnemose, 5690 Tommerup",Bregnemose,5690,0420,Assens,1083,"Region Syddanmark"
"Elling, 9900 Frederikshavn",Elling,9900,0813,Frederikshavn,1081,"Region Nordjylland"
"Elling, 9970 Strandby",Elling,9970,0813,Frederikshavn,1081,"Region Nordjylland"
"Nørlund, 9610 Nørager",Nørlund,9610,0820,Vesthimmerlands,1081,"Region Nordjylland"
"Ibsker, 3730 Nexø",Ibsker,3730,0400,Bornholm,1084,"Region Hovedstaden"
"Ibsker, 3740 Svaneke",Ibsker,3740,0400,Bornholm,1084,"Region Hovedstaden"
"Ibsker, 3751 Østermarie",Ibsker,3751,0400,Bornholm,1084,"Region Hovedstaden"
"Ørbæk, 5683 Haarby",Ørbæk,5683,0420,Assens,1083,"Region Syddanmark"
"Sørå, 9330 Dronninglund",Sørå,9330,0810,Brønderslev,1081,"Region Nordjylland"
"Sørå, 9340 Asaa",Sørå,9340,0810,Brønderslev,1081,"Region Nordjylland"
"Kandestederne, 9990 Skagen",Kandestederne,9990,0813,Frederikshavn,1081,"Region Nordjylland"
"Aakirkeby, 3720 Aakirkeby",Aakirkeby,3720,0400,Bornholm,1084,"Region Hovedstaden"
"Nysum, 9500 Hobro",Nysum,9500,0791,Viborg,1082,"Region Midtjylland"
"Nysum, 9510 Arden",Nysum,9510,0840,Rebild,1081,"Region Nordjylland"
"Nysum, 9610 Nørager",Nysum,9610,0820,Vesthimmerlands,1081,"Region Nordjylland"
"Pedersker, 3720 Aakirkeby",Pedersker,3720,0400,Bornholm,1084,"Region Hovedstaden"
"Væde, 5462 Morud",Væde,5462,0480,Nordfyns,1083,"Region Syddanmark"
"Voerså, 9300 Sæby",Voerså,9300,0813,Frederikshavn,1081,"Region Nordjylland"
"Voerså, 9330 Dronninglund",Voerså,9330,0810,Brønderslev,1081,"Region Nordjylland"
"Skærum, 9870 Sindal",Skærum,9870,0813,Frederikshavn,1081,"Region Nordjylland"
"Skærum, 9900 Frederikshavn",Skærum,9900,0813,Frederikshavn,1081,"Region Nordjylland"
"Listed, 3740 Svaneke",Listed,3740,0400,Bornholm,1084,"Region Hovedstaden"
"Arnager, 3700 Rønne",Arnager,3700,0400,Bornholm,1084,"Region Hovedstaden"
"Kalstrup, 9240 Nibe",Kalstrup,9240,0820,Vesthimmerlands,1081,"Region Nordjylland"
"Trunderup, 5683 Haarby",Trunderup,5683,0420,Assens,1083,"Region Syddanmark"
"St Rørbæk, 9500 Hobro","St Rørbæk",9500,0791,Viborg,1082,"Region Midtjylland"
"Krengerup, 5620 Glamsbjerg",Krengerup,5620,0420,Assens,1083,"Region Syddanmark"
"Brorstrup, 9610 Nørager",Brorstrup,9610,0820,Vesthimmerlands,1081,"Region Nordjylland"
"St Brøndum, 9520 Skørping","St Brøndum",9520,0840,Rebild,1081,"Region Nordjylland"
"Hjelmerup, 5690 Tommerup",Hjelmerup,5690,0420,Assens,1083,"Region Syddanmark"
"Brønserud, 5492 Vissenbjerg",Brønserud,5492,0420,Assens,1083,"Region Syddanmark"
"Rødovre, 2610 Rødovre",Rødovre,2610,0101,København,1084,"Region Hovedstaden"
"Møllebj Hus, 5690 Tommerup","Møllebj Hus",5690,0420,Assens,1083,"Region Syddanmark"
"Koppenbjerg, 5620 Glamsbjerg",Koppenbjerg,5620,0420,Assens,1083,"Region Syddanmark"
"Frendstrup, 9541 Suldrup",Frendstrup,9541,0820,Vesthimmerlands,1081,"Region Nordjylland"
"Skovby Nymark, 5400 Bogense","Skovby Nymark",5400,0480,Nordfyns,1083,"Region Syddanmark"
"Vester Højst, 6240 Løgumkloster","Vester Højst",6240,0550,Tønder,1083,"Region Syddanmark"
"Ejlinge Ø, 5400 Bogense","Ejlinge Ø",5400,0480,Nordfyns,1083,"Region Syddanmark"
"Nordstranden, 5450 Otterup",Nordstranden,5450,0480,Nordfyns,1083,"Region Syddanmark"
"Svinborg, 6240 Løgumkloster",Svinborg,6240,0550,Tønder,1083,"Region Syddanmark"
"Kov, 6240 Løgumkloster",Kov,6240,0550,Tønder,1083,"Region Syddanmark"
"Vierne, 5471 Søndersø",Vierne,5471,0480,Nordfyns,1083,"Region Syddanmark"
"Vinum, 6780 Skærbæk",Vinum,6780,0550,Tønder,1083,"Region Syddanmark"
"Møgeltønder, 6270 Tønder",Møgeltønder,6270,0550,Tønder,1083,"Region Syddanmark"
"Møgeltønder, 6280 Højer",Møgeltønder,6280,0550,Tønder,1083,"Region Syddanmark"
"Egebjerggård, 5450 Otterup",Egebjerggård,5450,0480,Nordfyns,1083,"Region Syddanmark"
"Korntved, 6270 Tønder",Korntved,6270,0550,Tønder,1083,"Region Syddanmark"
"Nr Højrup, 5450 Otterup","Nr Højrup",5450,0480,Nordfyns,1083,"Region Syddanmark"
"Østerby, 6280 Højer",Østerby,6280,0550,Tønder,1083,"Region Syddanmark"
"Rejsby, 6780 Skærbæk",Rejsby,6780,0550,Tønder,1083,"Region Syddanmark"
"Birkelev, 6780 Skærbæk",Birkelev,6780,0550,Tønder,1083,"Region Syddanmark"
"Agerskov, 6534 Agerskov",Agerskov,6534,0510,Haderslev,1083,"Region Syddanmark"
"Kogsbøl, 6280 Højer",Kogsbøl,6280,0550,Tønder,1083,"Region Syddanmark"
"Methaslund, 6240 Løgumkloster",Methaslund,6240,0550,Tønder,1083,"Region Syddanmark"
"Glavendrup, 5485 Skamby",Glavendrup,5485,0480,Nordfyns,1083,"Region Syddanmark"
"Vøjremosen, 5450 Otterup",Vøjremosen,5450,0480,Nordfyns,1083,"Region Syddanmark"
"Harritslev F, 5400 Bogense","Harritslev F",5400,0480,Nordfyns,1083,"Region Syddanmark"
"Bedsted Bjerg, 6240 Løgumkloster","Bedsted Bjerg",6240,0550,Tønder,1083,"Region Syddanmark"
"Bedsted, 6240 Løgumkloster",Bedsted,6240,0550,Tønder,1083,"Region Syddanmark"
"Nyhave, 5400 Bogense",Nyhave,5400,0480,Nordfyns,1083,"Region Syddanmark"
"Branderup, 6535 Branderup J",Branderup,6535,0550,Tønder,1083,"Region Syddanmark"
"R Østermark, 6780 Skærbæk","R Østermark",6780,0550,Tønder,1083,"Region Syddanmark"
"Landsende, 6792 Rømø",Landsende,6792,0550,Tønder,1083,"Region Syddanmark"
"Kristianslund, 5400 Bogense",Kristianslund,5400,0480,Nordfyns,1083,"Region Syddanmark"
"Svinø, 4750 Lundby",Svinø,4750,0370,Næstved,1085,"Region Sjælland"
"Risby, 4750 Lundby",Risby,4750,0370,Næstved,1085,"Region Sjælland"
"Kongsbjerg, 6270 Tønder",Kongsbjerg,6270,0550,Tønder,1083,"Region Syddanmark"
"Nørreborg, 6270 Tønder",Nørreborg,6270,0550,Tønder,1083,"Region Syddanmark"
"Bjerndrup, 6240 Løgumkloster",Bjerndrup,6240,0550,Tønder,1083,"Region Syddanmark"
"Arrild, 6520 Toftlund",Arrild,6520,0510,Haderslev,1083,"Region Syddanmark"
"Ringe, 5450 Otterup",Ringe,5450,0480,Nordfyns,1083,"Region Syddanmark"
"Nislev, 5450 Otterup",Nislev,5450,0480,Nordfyns,1083,"Region Syddanmark"
"Langevad, 6240 Løgumkloster",Langevad,6240,0550,Tønder,1083,"Region Syddanmark"
"Smidstrup, 5400 Bogense",Smidstrup,5400,0480,Nordfyns,1083,"Region Syddanmark"
"Maderup, 5471 Søndersø",Maderup,5471,0480,Nordfyns,1083,"Region Syddanmark"
"Kolshave, 5400 Bogense",Kolshave,5400,0480,Nordfyns,1083,"Region Syddanmark"
"Bjerrum, 5450 Otterup",Bjerrum,5450,0480,Nordfyns,1083,"Region Syddanmark"
"Idyllendal, 5400 Bogense",Idyllendal,5400,0480,Nordfyns,1083,"Region Syddanmark"
"Sønderstrand, 6792 Rømø",Sønderstrand,6792,0550,Tønder,1083,"Region Syddanmark"
"Nybo, 6240 Løgumkloster",Nybo,6240,0550,Tønder,1083,"Region Syddanmark"
"Lovrup, 6780 Skærbæk",Lovrup,6780,0550,Tønder,1083,"Region Syddanmark"
"Vellinge, 5450 Otterup",Vellinge,5450,0480,Nordfyns,1083,"Region Syddanmark"
"Bønderby, 6270 Tønder",Bønderby,6270,0550,Tønder,1083,"Region Syddanmark"
"St Emmerske, 6270 Tønder","St Emmerske",6270,0550,Tønder,1083,"Region Syddanmark"
"Fremmelev, 5450 Otterup",Fremmelev,5450,0480,Nordfyns,1083,"Region Syddanmark"
"Allerup, 6520 Toftlund",Allerup,6520,0510,Haderslev,1083,"Region Syddanmark"
"Klinte Holme, 5400 Bogense","Klinte Holme",5400,0480,Nordfyns,1083,"Region Syddanmark"
"Ruggård, 5474 Veflinge",Ruggård,5474,0480,Nordfyns,1083,"Region Syddanmark"
"Rundbjerg, 6535 Branderup J",Rundbjerg,6535,0550,Tønder,1083,"Region Syddanmark"
"V Gammelby, 6280 Højer","V Gammelby",6280,0550,Tønder,1083,"Region Syddanmark"
"Skæregårde, 5400 Bogense",Skæregårde,5400,0480,Nordfyns,1083,"Region Syddanmark"
"Alslev Mark, 6240 Løgumkloster","Alslev Mark",6240,0550,Tønder,1083,"Region Syddanmark"
"Nørre Løgum, 6240 Løgumkloster","Nørre Løgum",6240,0550,Tønder,1083,"Region Syddanmark"
"Klintebjerg, 5450 Otterup",Klintebjerg,5450,0480,Nordfyns,1083,"Region Syddanmark"
"Nørtorup Mk, 9690 Fjerritslev","Nørtorup Mk",9690,0849,Jammerbugt,1081,"Region Nordjylland"
"Voldkær, 9490 Pandrup",Voldkær,9490,0849,Jammerbugt,1081,"Region Nordjylland"
"Ryaa, 9440 Aabybro",Ryaa,9440,0810,Brønderslev,1081,"Region Nordjylland"
"Ågårds Mark, 9690 Fjerritslev","Ågårds Mark",9690,0849,Jammerbugt,1081,"Region Nordjylland"
"Stødov, 8420 Knebel",Stødov,8420,0706,Syddjurs,1082,"Region Midtjylland"
"Torup, 8350 Hundslund",Torup,8350,0727,Odder,1082,"Region Midtjylland"
"Gosmer, 8300 Odder",Gosmer,8300,0727,Odder,1082,"Region Midtjylland"
"Damsgaard, 8300 Odder",Damsgaard,8300,0727,Odder,1082,"Region Midtjylland"
"Moseby, 9490 Pandrup",Moseby,9490,0849,Jammerbugt,1081,"Region Nordjylland"
"Nr Økse Enge, 9460 Brovst","Nr Økse Enge",9460,0849,Jammerbugt,1081,"Region Nordjylland"
"Thorupstrand, 9690 Fjerritslev",Thorupstrand,9690,0849,Jammerbugt,1081,"Region Nordjylland"
"Ondrup, 8300 Odder",Ondrup,8300,0727,Odder,1082,"Region Midtjylland"
"Bogens, 8400 Ebeltoft",Bogens,8400,0706,Syddjurs,1082,"Region Midtjylland"
"Bogensholm, 8400 Ebeltoft",Bogensholm,8400,0706,Syddjurs,1082,"Region Midtjylland"
"Randlev, 8300 Odder",Randlev,8300,0727,Odder,1082,"Region Midtjylland"
"Præstholm, 8300 Odder",Præstholm,8300,0727,Odder,1082,"Region Midtjylland"
"Rørth, 8300 Odder",Rørth,8300,0727,Odder,1082,"Region Midtjylland"
"Mejlhede, 9690 Fjerritslev",Mejlhede,9690,0849,Jammerbugt,1081,"Region Nordjylland"
"Ålegårdsmark, 9690 Fjerritslev",Ålegårdsmark,9690,0849,Jammerbugt,1081,"Region Nordjylland"
"Klim Mark, 9690 Fjerritslev","Klim Mark",9690,0849,Jammerbugt,1081,"Region Nordjylland"
"Elsegårde, 8400 Ebeltoft",Elsegårde,8400,0706,Syddjurs,1082,"Region Midtjylland"
"Kokkedalskær, 9460 Brovst",Kokkedalskær,9460,0849,Jammerbugt,1081,"Region Nordjylland"
"Hyllested, 8400 Ebeltoft",Hyllested,8400,0706,Syddjurs,1082,"Region Midtjylland"
"Hyllested, 8444 Balle",Hyllested,8444,0706,Syddjurs,1082,"Region Midtjylland"
"Svorbæk, 8300 Odder",Svorbæk,8300,0727,Odder,1082,"Region Midtjylland"
"Tværkær, 9460 Brovst",Tværkær,9460,0849,Jammerbugt,1081,"Region Nordjylland"
"Ny Skovsgård, 9460 Brovst","Ny Skovsgård",9460,0849,Jammerbugt,1081,"Region Nordjylland"
"Nøruplund, 8400 Ebeltoft",Nøruplund,8400,0706,Syddjurs,1082,"Region Midtjylland"
"Bonderupvang, 9690 Fjerritslev",Bonderupvang,9690,0849,Jammerbugt,1081,"Region Nordjylland"
"Essig, 8410 Rønde",Essig,8410,0706,Syddjurs,1082,"Region Midtjylland"
"Myager, 9690 Fjerritslev",Myager,9690,0849,Jammerbugt,1081,"Region Nordjylland"
"Eg, 8420 Knebel",Eg,8420,0706,Syddjurs,1082,"Region Midtjylland"
"Strandkær, 8400 Ebeltoft",Strandkær,8400,0706,Syddjurs,1082,"Region Midtjylland"
"Halling, 8543 Hornslet",Halling,8543,0706,Syddjurs,1082,"Region Midtjylland"
"Korupskov, 8550 Ryomgård",Korupskov,8550,0706,Syddjurs,1082,"Region Midtjylland"
"Gaunby, 5560 Aarup",Gaunby,5560,0410,Middelfart,1083,"Region Syddanmark"
"Bjergby, 7830 Vinderup",Bjergby,7830,0657,Herning,1082,"Region Midtjylland"
"Klemstrup, 8550 Ryomgård",Klemstrup,8550,0706,Syddjurs,1082,"Region Midtjylland"
"Battrupholt, 8581 Nimtofte",Battrupholt,8581,0706,Syddjurs,1082,"Region Midtjylland"
"Østerby, 8305 Samsø",Østerby,8305,0741,Samsø,1082,"Region Midtjylland"
"Nørhede, 6990 Ulfborg",Nørhede,6990,0657,Herning,1082,"Region Midtjylland"
"Husby, 6990 Ulfborg",Husby,6990,0657,Herning,1082,"Region Midtjylland"
"Frankfri, 5690 Tommerup",Frankfri,5690,0420,Assens,1083,"Region Syddanmark"
"Hjerm, 7560 Hjerm",Hjerm,7560,0661,Holstebro,1082,"Region Midtjylland"
"Feldborg, 7540 Haderup",Feldborg,7540,0657,Herning,1082,"Region Midtjylland"
"Fjeld, 8550 Ryomgård",Fjeld,8550,0706,Syddjurs,1082,"Region Midtjylland"
"Gråske, 8400 Ebeltoft",Gråske,8400,0706,Syddjurs,1082,"Region Midtjylland"
"Søbo, 5683 Haarby",Søbo,5683,0420,Assens,1083,"Region Syddanmark"
"Jattrup, 7830 Vinderup",Jattrup,7830,0657,Herning,1082,"Region Midtjylland"
"Nr Fjand, 6990 Ulfborg","Nr Fjand",6990,0657,Herning,1082,"Region Midtjylland"
"Raunholt, 7830 Vinderup",Raunholt,7830,0657,Herning,1082,"Region Midtjylland"
"Ellev, 8410 Rønde",Ellev,8410,0706,Syddjurs,1082,"Region Midtjylland"
"Skeldrup, 8560 Kolind",Skeldrup,8560,0706,Syddjurs,1082,"Region Midtjylland"
"Agerbæk, 7830 Vinderup",Agerbæk,7830,0657,Herning,1082,"Region Midtjylland"
"Staby, 6990 Ulfborg",Staby,6990,0657,Herning,1082,"Region Midtjylland"
"Sarup, 5683 Haarby",Sarup,5683,0420,Assens,1083,"Region Syddanmark"
"Trandum Skovby, 7830 Vinderup","Trandum Skovby",7830,0657,Herning,1082,"Region Midtjylland"
"Kirkebyen, 6990 Ulfborg",Kirkebyen,6990,0657,Herning,1082,"Region Midtjylland"
"Turup, 5610 Assens",Turup,5610,0410,Middelfart,1083,"Region Syddanmark"
"Obitsø, 7830 Vinderup",Obitsø,7830,0657,Herning,1082,"Region Midtjylland"
"Mårup, 8560 Kolind",Mårup,8560,0706,Syddjurs,1082,"Region Midtjylland"
"Blegmosen, 8550 Ryomgård",Blegmosen,8550,0706,Syddjurs,1082,"Region Midtjylland"
"Balskov, 8410 Rønde",Balskov,8410,0706,Syddjurs,1082,"Region Midtjylland"
"Balskov, 8543 Hornslet",Balskov,8543,0706,Syddjurs,1082,"Region Midtjylland"
"Balskov, 8544 Mørke",Balskov,8544,0706,Syddjurs,1082,"Region Midtjylland"
"Sevelskovby, 7830 Vinderup",Sevelskovby,7830,0657,Herning,1082,"Region Midtjylland"
"Sdr Hvam, 7500 Holstebro","Sdr Hvam",7500,0657,Herning,1082,"Region Midtjylland"
"Hølmkjær, 7830 Vinderup",Hølmkjær,7830,0657,Herning,1082,"Region Midtjylland"
"Mølleskoven, 8581 Nimtofte",Mølleskoven,8581,0706,Syddjurs,1082,"Region Midtjylland"
"Skalbjerg, 5492 Vissenbjerg",Skalbjerg,5492,0420,Assens,1083,"Region Syddanmark"
"Brunsvig, 5690 Tommerup",Brunsvig,5690,0420,Assens,1083,"Region Syddanmark"
"Rydhave, 7830 Vinderup",Rydhave,7830,0657,Herning,1082,"Region Midtjylland"
"Mejdal, 7500 Holstebro",Mejdal,7500,0657,Herning,1082,"Region Midtjylland"
"Nørregaard, 5690 Tommerup",Nørregaard,5690,0420,Assens,1083,"Region Syddanmark"
"Romerhus, 5620 Glamsbjerg",Romerhus,5620,0420,Assens,1083,"Region Syddanmark"
"Ryde, 7830 Vinderup",Ryde,7830,0657,Herning,1082,"Region Midtjylland"
"Smouen, 8410 Rønde",Smouen,8410,0706,Syddjurs,1082,"Region Midtjylland"
"Bugtrup Mark, 8560 Kolind","Bugtrup Mark",8560,0706,Syddjurs,1082,"Region Midtjylland"
"Skarresø, 8550 Ryomgård",Skarresø,8550,0706,Syddjurs,1082,"Region Midtjylland"
"Fruerlund, 8410 Rønde",Fruerlund,8410,0706,Syddjurs,1082,"Region Midtjylland"
"Harboøre, 7673 Harboøre",Harboøre,7673,0665,Lemvig,1082,"Region Midtjylland"
"Kagstrup, 4160 Herlufmagle",Kagstrup,4160,0320,Faxe,1085,"Region Sjælland"
"Fløjbjerg, 6580 Vamdrup",Fløjbjerg,6580,0621,Kolding,1083,"Region Syddanmark"
"Helleruphus, 4250 Fuglebjerg",Helleruphus,4250,0330,Slagelse,1085,"Region Sjælland"
"Højrup, 6560 Sommersted",Højrup,6560,0510,Haderslev,1083,"Region Syddanmark"
"Svenstrup, 4700 Næstved",Svenstrup,4700,0370,Næstved,1085,"Region Sjælland"
"Regerup, 4171 Glumsø",Regerup,4171,0370,Næstved,1085,"Region Sjælland"
"Vejlby, 7000 Fredericia",Vejlby,7000,0607,Fredericia,1083,"Region Syddanmark"
"Vadsby, 2640 Hedehusene",Vadsby,2640,0169,Høje-Taastrup,1084,"Region Hovedstaden"
"Jenstrup, 4700 Næstved",Jenstrup,4700,0370,Næstved,1085,"Region Sjælland"
"Krømlinge, 4700 Næstved",Krømlinge,4700,0370,Næstved,1085,"Region Sjælland"
"Fjaltring, 7620 Lemvig",Fjaltring,7620,0665,Lemvig,1082,"Region Midtjylland"
"Fjaltring, 7650 Bøvlingbjerg",Fjaltring,7650,0665,Lemvig,1082,"Region Midtjylland"
"Gudum, 7600 Struer",Gudum,7600,0661,Holstebro,1082,"Region Midtjylland"
"Gudum, 7620 Lemvig",Gudum,7620,0665,Lemvig,1082,"Region Midtjylland"
"Rynkeby, 5300 Kerteminde",Rynkeby,5300,0440,Kerteminde,1083,"Region Syddanmark"
"Rynkeby, 5350 Rynkeby",Rynkeby,5350,0440,Kerteminde,1083,"Region Syddanmark"
"Rynkeby, 5540 Ullerslev",Rynkeby,5540,0440,Kerteminde,1083,"Region Syddanmark"
"Rynkeby, 5550 Langeskov",Rynkeby,5550,0430,Faaborg-Midtfyn,1083,"Region Syddanmark"
"Urup, 5350 Rynkeby",Urup,5350,0440,Kerteminde,1083,"Region Syddanmark"
"Urup, 5550 Langeskov",Urup,5550,0430,Faaborg-Midtfyn,1083,"Region Syddanmark"
"Langevrå, 4700 Næstved",Langevrå,4700,0370,Næstved,1085,"Region Sjælland"
"Bogensø, 5390 Martofte",Bogensø,5390,0440,Kerteminde,1083,"Region Syddanmark"
"Tvinde, 5300 Kerteminde",Tvinde,5300,0440,Kerteminde,1083,"Region Syddanmark"
"Tvinde, 5350 Rynkeby",Tvinde,5350,0440,Kerteminde,1083,"Region Syddanmark"
"Mogenstrup, 4700 Næstved",Mogenstrup,4700,0370,Næstved,1085,"Region Sjælland"
"Tvede, 4700 Næstved",Tvede,4700,0370,Næstved,1085,"Region Sjælland"
"Fløng, 2640 Hedehusene",Fløng,2640,0169,Høje-Taastrup,1084,"Region Hovedstaden"
"Østerby, 6580 Vamdrup",Østerby,6580,0621,Kolding,1083,"Region Syddanmark"
"Smørumovre, 2765 Smørum",Smørumovre,2765,0240,Egedal,1084,"Region Hovedstaden"
"Kølstrup, 5300 Kerteminde",Kølstrup,5300,0440,Kerteminde,1083,"Region Syddanmark"
"Holt, 6580 Vamdrup",Holt,6580,0621,Kolding,1083,"Region Syddanmark"
"Sdr Vilstrup, 6000 Kolding","Sdr Vilstrup",6000,0621,Kolding,1083,"Region Syddanmark"
"Sdr Vilstrup, 6051 Almind","Sdr Vilstrup",6051,0621,Kolding,1083,"Region Syddanmark"
"Bulbjerg Bakke, 2750 Ballerup","Bulbjerg Bakke",2750,0151,Ballerup,1084,"Region Hovedstaden"
"Bulbjerg Bakke, 2765 Smørum","Bulbjerg Bakke",2765,0240,Egedal,1084,"Region Hovedstaden"
"Nybølle, 2765 Smørum",Nybølle,2765,0240,Egedal,1084,"Region Hovedstaden"
"Bregnør, 5300 Kerteminde",Bregnør,5300,0440,Kerteminde,1083,"Region Syddanmark"
"Børup Mark, 7000 Fredericia","Børup Mark",7000,0607,Fredericia,1083,"Region Syddanmark"
"Hejse, 7000 Fredericia",Hejse,7000,0607,Fredericia,1083,"Region Syddanmark"
"Haldagerlille, 4250 Fuglebjerg",Haldagerlille,4250,0330,Slagelse,1085,"Region Sjælland"
"Aller, 6070 Christiansfeld",Aller,6070,0510,Haderslev,1083,"Region Syddanmark"
"Myrup, 4700 Næstved",Myrup,4700,0370,Næstved,1085,"Region Sjælland"
"Høkkelbjerg, 6070 Christiansfeld",Høkkelbjerg,6070,0510,Haderslev,1083,"Region Syddanmark"
"Drejø, 5700 Svendborg",Drejø,5700,0479,Svendborg,1083,"Region Syddanmark"
"Hf. Trekanten, 2700 Brønshøj","Hf. Trekanten",2700,0101,København,1084,"Region Hovedstaden"
"Revsøre, 5874 Hesselager",Revsøre,5874,0450,Nyborg,1083,"Region Syddanmark"
"Opsund, 6920 Videbæk",Opsund,6920,0760,Ringkøbing-Skjern,1082,"Region Midtjylland"
"Opsund, 6971 Spjald",Opsund,6971,0760,Ringkøbing-Skjern,1082,"Region Midtjylland"
"Ollerup, 5762 Vester Skerninge",Ollerup,5762,0430,Faaborg-Midtfyn,1083,"Region Syddanmark"
"Hf. 4. Maj 1921, 2100 København Ø","Hf. 4. Maj 1921",2100,0101,København,1084,"Region Hovedstaden"
"Ulbølle, 5762 Vester Skerninge",Ulbølle,5762,0430,Faaborg-Midtfyn,1083,"Region Syddanmark"
"Væggerskilde, 6971 Spjald",Væggerskilde,6971,0760,Ringkøbing-Skjern,1082,"Region Midtjylland"
"Vium Øst, 6920 Videbæk","Vium Øst",6920,0760,Ringkøbing-Skjern,1082,"Region Midtjylland"
"Spjald, 6971 Spjald",Spjald,6971,0760,Ringkøbing-Skjern,1082,"Region Midtjylland"
"Påby, 6000 Kolding",Påby,6000,0621,Kolding,1083,"Region Syddanmark"
"Ødis Kroge, 6580 Vamdrup","Ødis Kroge",6580,0621,Kolding,1083,"Region Syddanmark"
"Videbæk Øst, 6920 Videbæk","Videbæk Øst",6920,0760,Ringkøbing-Skjern,1082,"Region Midtjylland"
"Fiskbæk, 6900 Skjern",Fiskbæk,6900,0760,Ringkøbing-Skjern,1082,"Region Midtjylland"
"Fiskbæk, 6920 Videbæk",Fiskbæk,6920,0760,Ringkøbing-Skjern,1082,"Region Midtjylland"
"Dejbjerg, 6900 Skjern",Dejbjerg,6900,0760,Ringkøbing-Skjern,1082,"Region Midtjylland"
"Dejbjerg, 6940 Lem St",Dejbjerg,6940,0760,Ringkøbing-Skjern,1082,"Region Midtjylland"
"Galdbjerg, 5874 Hesselager",Galdbjerg,5874,0450,Nyborg,1083,"Region Syddanmark"
"Vojenslund, 6500 Vojens",Vojenslund,6500,0510,Haderslev,1083,"Region Syddanmark"
"Over Jerstal, 6500 Vojens","Over Jerstal",6500,0510,Haderslev,1083,"Region Syddanmark"
"Vester Nybøl, 6510 Gram","Vester Nybøl",6510,0510,Haderslev,1083,"Region Syddanmark"
"Oksenvad, 6560 Sommersted",Oksenvad,6560,0510,Haderslev,1083,"Region Syddanmark"
"Hee, 6950 Ringkøbing",Hee,6950,0760,Ringkøbing-Skjern,1082,"Region Midtjylland"
"Hee, 6980 Tim",Hee,6980,0760,Ringkøbing-Skjern,1082,"Region Midtjylland"
"Skanderup, 6640 Lunderskov",Skanderup,6640,0621,Kolding,1083,"Region Syddanmark"
"Stallerup, 6000 Kolding",Stallerup,6000,0621,Kolding,1083,"Region Syddanmark"
"Vedsted, 6500 Vojens",Vedsted,6500,0510,Haderslev,1083,"Region Syddanmark"
"Brøndlund, 6500 Vojens",Brøndlund,6500,0510,Haderslev,1083,"Region Syddanmark"
"Brejn Gård M, 6971 Spjald","Brejn Gård M",6971,0760,Ringkøbing-Skjern,1082,"Region Midtjylland"
"Vorgod, 6920 Videbæk",Vorgod,6920,0760,Ringkøbing-Skjern,1082,"Region Midtjylland"
"Vorgod Ø, 6920 Videbæk","Vorgod Ø",6920,0760,Ringkøbing-Skjern,1082,"Region Midtjylland"
"Vorgod Ø, 6933 Kibæk","Vorgod Ø",6933,0657,Herning,1082,"Region Midtjylland"
"Odderbæk, 6971 Spjald",Odderbæk,6971,0760,Ringkøbing-Skjern,1082,"Region Midtjylland"
"Hejsager, 6100 Haderslev",Hejsager,6100,0510,Haderslev,1083,"Region Syddanmark"
"Ø Finderup, 6900 Skjern","Ø Finderup",6900,0760,Ringkøbing-Skjern,1082,"Region Midtjylland"
"Hover, 6950 Ringkøbing",Hover,6950,0760,Ringkøbing-Skjern,1082,"Region Midtjylland"
"Hover, 6971 Spjald",Hover,6971,0760,Ringkøbing-Skjern,1082,"Region Midtjylland"
"Pilgård Mark, 6971 Spjald","Pilgård Mark",6971,0760,Ringkøbing-Skjern,1082,"Region Midtjylland"
"Vojensmark, 6500 Vojens",Vojensmark,6500,0510,Haderslev,1083,"Region Syddanmark"
"Kloster, 6950 Ringkøbing",Kloster,6950,0760,Ringkøbing-Skjern,1082,"Region Midtjylland"
"Haverslevkær, 9690 Fjerritslev",Haverslevkær,9690,0849,Jammerbugt,1081,"Region Nordjylland"
"Jegerup, 6500 Vojens",Jegerup,6500,0510,Haderslev,1083,"Region Syddanmark"
"Fyrskov, 6500 Vojens",Fyrskov,6500,0510,Haderslev,1083,"Region Syddanmark"
"Barde Timrng, 7480 Vildbjerg","Barde Timrng",7480,0657,Herning,1082,"Region Midtjylland"
"Gøttrupholme, 9690 Fjerritslev",Gøttrupholme,9690,0849,Jammerbugt,1081,"Region Nordjylland"
"Storlund, 6510 Gram",Storlund,6510,0510,Haderslev,1083,"Region Syddanmark"
"Høgelund, 6500 Vojens",Høgelund,6500,0510,Haderslev,1083,"Region Syddanmark"
"Strandelhjørn, 6500 Vojens",Strandelhjørn,6500,0510,Haderslev,1083,"Region Syddanmark"
"Rimmerhus, 6920 Videbæk",Rimmerhus,6920,0760,Ringkøbing-Skjern,1082,"Region Midtjylland"
"Hvide Sande, 6960 Hvide Sande","Hvide Sande",6960,0760,Ringkøbing-Skjern,1082,"Region Midtjylland"
"Bjerregaard, 6960 Hvide Sande",Bjerregaard,6960,0760,Ringkøbing-Skjern,1082,"Region Midtjylland"
"Bækskov, 6500 Vojens",Bækskov,6500,0510,Haderslev,1083,"Region Syddanmark"
"Brejngård M, 6971 Spjald","Brejngård M",6971,0760,Ringkøbing-Skjern,1082,"Region Midtjylland"
"Hf. De Syv Små Haver, 2700 Brønshøj","Hf. De Syv Små Haver",2700,0101,København,1084,"Region Hovedstaden"
"Bæk, 6500 Vojens",Bæk,6500,0510,Haderslev,1083,"Region Syddanmark"
"Hundtofte, 5771 Stenstrup",Hundtofte,5771,0430,Faaborg-Midtfyn,1083,"Region Syddanmark"
"Gammel Tappernøje, 4733 Tappernøje","Gammel Tappernøje",4733,0320,Faxe,1085,"Region Sjælland"
"Næsby, 4171 Glumsø",Næsby,4171,0370,Næstved,1085,"Region Sjælland"
"Ravnebjerg, 4200 Slagelse",Ravnebjerg,4200,0326,Kalundborg,1085,"Region Sjælland"
"Ravnebjerg, 4250 Fuglebjerg",Ravnebjerg,4250,0330,Slagelse,1085,"Region Sjælland"
"Katrineholm, 4200 Slagelse",Katrineholm,4200,0326,Kalundborg,1085,"Region Sjælland"
"Katrineholm, 4250 Fuglebjerg",Katrineholm,4250,0330,Slagelse,1085,"Region Sjælland"
"Skafterup, 4243 Rude",Skafterup,4243,0330,Slagelse,1085,"Region Sjælland"
"Skafterup, 4262 Sandved",Skafterup,4262,0330,Slagelse,1085,"Region Sjælland"
"Enø, 4736 Karrebæksminde",Enø,4736,0370,Næstved,1085,"Region Sjælland"
"Vridsløse, 4700 Næstved",Vridsløse,4700,0370,Næstved,1085,"Region Sjælland"
"Hæggerup, 4160 Herlufmagle",Hæggerup,4160,0320,Faxe,1085,"Region Sjælland"
"Snesere Ovdr, 4733 Tappernøje","Snesere Ovdr",4733,0320,Faxe,1085,"Region Sjælland"
"Gerdrup, 4700 Næstved",Gerdrup,4700,0370,Næstved,1085,"Region Sjælland"
"Næsby Vrå, 4171 Glumsø","Næsby Vrå",4171,0370,Næstved,1085,"Region Sjælland"
"Ll Røttinge, 4733 Tappernøje","Ll Røttinge",4733,0320,Faxe,1085,"Region Sjælland"
"Holløse Møll, 4160 Herlufmagle","Holløse Møll",4160,0320,Faxe,1085,"Region Sjælland"
"Axelved, 4683 Rønnede",Axelved,4683,0320,Faxe,1085,"Region Sjælland"
"Lamdrup, 5800 Nyborg",Lamdrup,5800,0450,Nyborg,1083,"Region Syddanmark"
"Maemosen, 5871 Frørup",Maemosen,5871,0450,Nyborg,1083,"Region Syddanmark"
"Refsvindinge, 5853 Ørbæk",Refsvindinge,5853,0430,Faaborg-Midtfyn,1083,"Region Syddanmark"
"Rygård, 5874 Hesselager",Rygård,5874,0450,Nyborg,1083,"Region Syddanmark"
"Sulkendrup, 5800 Nyborg",Sulkendrup,5800,0450,Nyborg,1083,"Region Syddanmark"
"Sofienlund, 5853 Ørbæk",Sofienlund,5853,0430,Faaborg-Midtfyn,1083,"Region Syddanmark"
"Hovslund Mrk, 6230 Rødekro","Hovslund Mrk",6230,0580,Aabenraa,1083,"Region Syddanmark"
"Østerbæk, 6330 Padborg",Østerbæk,6330,0580,Aabenraa,1083,"Region Syddanmark"
"Hellevad Mrk, 6230 Rødekro","Hellevad Mrk",6230,0580,Aabenraa,1083,"Region Syddanmark"
"Kravlund, 6360 Tinglev",Kravlund,6360,0580,Aabenraa,1083,"Region Syddanmark"
"Svejrup, 6200 Aabenraa",Svejrup,6200,0580,Aabenraa,1083,"Region Syddanmark"
"Kassø, 6230 Rødekro",Kassø,6230,0580,Aabenraa,1083,"Region Syddanmark"
"Tinglev, 6330 Padborg",Tinglev,6330,0580,Aabenraa,1083,"Region Syddanmark"
"Lovtrup, 6360 Tinglev",Lovtrup,6360,0580,Aabenraa,1083,"Region Syddanmark"
"Fogderup, 6372 Bylderup-Bov",Fogderup,6372,0580,Aabenraa,1083,"Region Syddanmark"
"Torp, 6200 Aabenraa",Torp,6200,0580,Aabenraa,1083,"Region Syddanmark"
"Broderup Mark, 6360 Tinglev","Broderup Mark",6360,0580,Aabenraa,1083,"Region Syddanmark"
"Barsmark, 6200 Aabenraa",Barsmark,6200,0580,Aabenraa,1083,"Region Syddanmark"
"Bodum, 6200 Aabenraa",Bodum,6200,0580,Aabenraa,1083,"Region Syddanmark"
"Vesterbæk, 6330 Padborg",Vesterbæk,6330,0580,Aabenraa,1083,"Region Syddanmark"
"Rebbøl, 6392 Bolderslev",Rebbøl,6392,0580,Aabenraa,1083,"Region Syddanmark"
"Kamp, 6230 Rødekro",Kamp,6230,0580,Aabenraa,1083,"Region Syddanmark"
"Genner Mark, 6230 Rødekro","Genner Mark",6230,0580,Aabenraa,1083,"Region Syddanmark"
"Avbæk, 6200 Aabenraa",Avbæk,6200,0580,Aabenraa,1083,"Region Syddanmark"
"Løjt Kirkeby, 6200 Aabenraa","Løjt Kirkeby",6200,0580,Aabenraa,1083,"Region Syddanmark"
"Hokkerup, 6340 Kruså",Hokkerup,6340,0580,Aabenraa,1083,"Region Syddanmark"
"Genner Str, 6230 Rødekro","Genner Str",6230,0580,Aabenraa,1083,"Region Syddanmark"
"Kalvø, 6230 Rødekro",Kalvø,6230,0580,Aabenraa,1083,"Region Syddanmark"
"Storring, 8464 Galten",Storring,8464,0746,Skanderborg,1082,"Region Midtjylland"
"Dørup, 8660 Skanderborg",Dørup,8660,0615,Horsens,1082,"Region Midtjylland"
"Ris, 8660 Skanderborg",Ris,8660,0615,Horsens,1082,"Region Midtjylland"
"Midstrup, 8620 Kjellerup",Midstrup,8620,0740,Silkeborg,1082,"Region Midtjylland"
"Velling, 8654 Bryrup",Velling,8654,0615,Horsens,1082,"Region Midtjylland"
"Lundsgård, 8653 Them",Lundsgård,8653,0740,Silkeborg,1082,"Region Midtjylland"
"Bødskov, 8600 Silkeborg",Bødskov,8600,0740,Silkeborg,1082,"Region Midtjylland"
"Bødskov, 8653 Them",Bødskov,8653,0740,Silkeborg,1082,"Region Midtjylland"
"Revl, 8620 Kjellerup",Revl,8620,0740,Silkeborg,1082,"Region Midtjylland"
"Allingskovby, 8600 Silkeborg",Allingskovby,8600,0740,Silkeborg,1082,"Region Midtjylland"
"Ravnholt, 8620 Kjellerup",Ravnholt,8620,0740,Silkeborg,1082,"Region Midtjylland"
"Rodelund, 8653 Them",Rodelund,8653,0740,Silkeborg,1082,"Region Midtjylland"
"Illerhede, 8620 Kjellerup",Illerhede,8620,0740,Silkeborg,1082,"Region Midtjylland"
"Illerhede, 8643 Ans By",Illerhede,8643,0740,Silkeborg,1082,"Region Midtjylland"
"Mausing, 8620 Kjellerup",Mausing,8620,0740,Silkeborg,1082,"Region Midtjylland"
"Elkær, 8620 Kjellerup",Elkær,8620,0740,Silkeborg,1082,"Region Midtjylland"
"Demstrup, 8620 Kjellerup",Demstrup,8620,0740,Silkeborg,1082,"Region Midtjylland"
"Astrup, 8620 Kjellerup",Astrup,8620,0740,Silkeborg,1082,"Region Midtjylland"
"Levring, 8620 Kjellerup",Levring,8620,0740,Silkeborg,1082,"Region Midtjylland"
"Bødskovdal, 8600 Silkeborg",Bødskovdal,8600,0740,Silkeborg,1082,"Region Midtjylland"
"Nørskovlund, 8620 Kjellerup",Nørskovlund,8620,0740,Silkeborg,1082,"Region Midtjylland"
"Tømmerby, 8653 Them",Tømmerby,8653,0740,Silkeborg,1082,"Region Midtjylland"
"Ungstrup, 8620 Kjellerup",Ungstrup,8620,0740,Silkeborg,1082,"Region Midtjylland"
"Sjørslev, 8620 Kjellerup",Sjørslev,8620,0740,Silkeborg,1082,"Region Midtjylland"
"Kompedal, 7442 Engesvang",Kompedal,7442,0740,Silkeborg,1082,"Region Midtjylland"
"Hornskov, 8620 Kjellerup",Hornskov,8620,0740,Silkeborg,1082,"Region Midtjylland"
"Tyklund, 8654 Bryrup",Tyklund,8654,0615,Horsens,1082,"Region Midtjylland"
"Grundvad, 8800 Viborg",Grundvad,8800,0740,Silkeborg,1082,"Region Midtjylland"
"Roland, 3480 Fredensborg",Roland,3480,0210,Fredensborg,1084,"Region Hovedstaden"
"Niverød, 2990 Nivå",Niverød,2990,0210,Fredensborg,1084,"Region Hovedstaden"
"Slagballe, 8740 Brædstrup",Slagballe,8740,0615,Horsens,1082,"Region Midtjylland"
"Baaringvad, 5580 Nørre Aaby",Baaringvad,5580,0410,Middelfart,1083,"Region Syddanmark"
"Sletterød, 5463 Harndrup",Sletterød,5463,0410,Middelfart,1083,"Region Syddanmark"
"Gremmeløkke, 5592 Ejby",Gremmeløkke,5592,0410,Middelfart,1083,"Region Syddanmark"
"Brønsholm, 2980 Kokkedal",Brønsholm,2980,0210,Fredensborg,1084,"Region Hovedstaden"
"Holme, 5591 Gelsted",Holme,5591,0410,Middelfart,1083,"Region Syddanmark"
"Hjorte, 5591 Gelsted",Hjorte,5591,0410,Middelfart,1083,"Region Syddanmark"
"Brenderup Sk, 5464 Brenderup Fyn","Brenderup Sk",5464,0410,Middelfart,1083,"Region Syddanmark"
"Husby, 5592 Ejby",Husby,5592,0410,Middelfart,1083,"Region Syddanmark"
"Ellesø, 5592 Ejby",Ellesø,5592,0410,Middelfart,1083,"Region Syddanmark"
"Varbjerg, 5464 Brenderup Fyn",Varbjerg,5464,0410,Middelfart,1083,"Region Syddanmark"
"Ejby, 5592 Ejby",Ejby,5592,0410,Middelfart,1083,"Region Syddanmark"
"Roerslev Mrk, 5466 Asperup","Roerslev Mrk",5466,0410,Middelfart,1083,"Region Syddanmark"
"Roerslev Mrk, 5580 Nørre Aaby","Roerslev Mrk",5580,0410,Middelfart,1083,"Region Syddanmark"
"Sibirien, 5592 Ejby",Sibirien,5592,0410,Middelfart,1083,"Region Syddanmark"
"Lybæk, 5464 Brenderup Fyn",Lybæk,5464,0410,Middelfart,1083,"Region Syddanmark"
"Asperup Mark, 5466 Asperup","Asperup Mark",5466,0410,Middelfart,1083,"Region Syddanmark"
"Asperup Mark, 5580 Nørre Aaby","Asperup Mark",5580,0410,Middelfart,1083,"Region Syddanmark"
"Nymarken, 5464 Brenderup Fyn",Nymarken,5464,0410,Middelfart,1083,"Region Syddanmark"
"Vejrup Mark, 5464 Brenderup Fyn","Vejrup Mark",5464,0410,Middelfart,1083,"Region Syddanmark"
"Tårup, 5591 Gelsted",Tårup,5591,0410,Middelfart,1083,"Region Syddanmark"
"Vedelshave, 5466 Asperup",Vedelshave,5466,0410,Middelfart,1083,"Region Syddanmark"
"Lunge Bjerge, 5591 Gelsted","Lunge Bjerge",5591,0410,Middelfart,1083,"Region Syddanmark"
"Vejlby Fed, 5500 Middelfart","Vejlby Fed",5500,0410,Middelfart,1083,"Region Syddanmark"
"Vesterdal, 5580 Nørre Aaby",Vesterdal,5580,0410,Middelfart,1083,"Region Syddanmark"
"Middelfart, 5500 Middelfart",Middelfart,5500,0410,Middelfart,1083,"Region Syddanmark"
"Lunghøj, 5591 Gelsted",Lunghøj,5591,0410,Middelfart,1083,"Region Syddanmark"
"Padesø, 5560 Aarup",Padesø,5560,0410,Middelfart,1083,"Region Syddanmark"
"Rydskov, 5560 Aarup",Rydskov,5560,0410,Middelfart,1083,"Region Syddanmark"
"Holse St, 5464 Brenderup Fyn","Holse St",5464,0410,Middelfart,1083,"Region Syddanmark"
"Varbjerg Strand, 5464 Brenderup Fyn","Varbjerg Strand",5464,0410,Middelfart,1083,"Region Syddanmark"
"Barslev, 7790 Thyholm",Barslev,7790,0671,Struer,1082,"Region Midtjylland"
"Harndrupskov, 5463 Harndrup",Harndrupskov,5463,0410,Middelfart,1083,"Region Syddanmark"
"Skerris, 7330 Brande",Skerris,7330,0630,Vejle,1083,"Region Syddanmark"
"Ormslev, 8260 Viby J",Ormslev,8260,0751,Aarhus,1082,"Region Midtjylland"
"Ormslev, 8462 Harlev J",Ormslev,8462,0751,Aarhus,1082,"Region Midtjylland"
"Kanne, 8355 Solbjerg",Kanne,8355,0751,Aarhus,1082,"Region Midtjylland"
"Kællingtand, 9600 Aars",Kællingtand,9600,0820,Vesthimmerlands,1081,"Region Nordjylland"
"Tykskov, 7361 Ejstrupholm",Tykskov,7361,0630,Vejle,1083,"Region Syddanmark"
"Bjørnstrup, 9600 Aars",Bjørnstrup,9600,0820,Vesthimmerlands,1081,"Region Nordjylland"
"Gl. Ullits, 9640 Farsø","Gl. Ullits",9640,0820,Vesthimmerlands,1081,"Region Nordjylland"
"Brejl, 7361 Ejstrupholm",Brejl,7361,0630,Vejle,1083,"Region Syddanmark"
"Krejbjerg, 7361 Ejstrupholm",Krejbjerg,7361,0630,Vejle,1083,"Region Syddanmark"
"Dyringhave, 7361 Ejstrupholm",Dyringhave,7361,0630,Vejle,1083,"Region Syddanmark"
"Matrupladegd, 8766 Nørre Snede",Matrupladegd,8766,0756,Ikast-Brande,1082,"Region Midtjylland"
"Enslev, 8361 Hasselager",Enslev,8361,0751,Aarhus,1082,"Region Midtjylland"
"Hverrestrup, 9620 Aalestrup",Hverrestrup,9620,0791,Viborg,1082,"Region Midtjylland"
"Søkbæk, 9640 Farsø",Søkbæk,9640,0820,Vesthimmerlands,1081,"Region Nordjylland"
"Risbjerg, 7330 Brande",Risbjerg,7330,0630,Vejle,1083,"Region Syddanmark"
"Todbjerg, 8520 Lystrup",Todbjerg,8520,0751,Aarhus,1082,"Region Midtjylland"
"Todbjerg, 8530 Hjortshøj",Todbjerg,8530,0751,Aarhus,1082,"Region Midtjylland"
"Sønderlund, 9240 Nibe",Sønderlund,9240,0820,Vesthimmerlands,1081,"Region Nordjylland"
"Gjellerup, 8220 Brabrand",Gjellerup,8220,0751,Aarhus,1082,"Region Midtjylland"
"Hasle, 8210 Aarhus V",Hasle,8210,0751,Aarhus,1082,"Region Midtjylland"
"Ebdrup, 9640 Farsø",Ebdrup,9640,0820,Vesthimmerlands,1081,"Region Nordjylland"
"Brårup, 9670 Løgstør",Brårup,9670,0820,Vesthimmerlands,1081,"Region Nordjylland"
"Brøndum, 9670 Løgstør",Brøndum,9670,0820,Vesthimmerlands,1081,"Region Nordjylland"
"Lundager, 7330 Brande",Lundager,7330,0630,Vejle,1083,"Region Syddanmark"
"Groest, 7361 Ejstrupholm",Groest,7361,0630,Vejle,1083,"Region Syddanmark"
"Rasborg, 8355 Solbjerg",Rasborg,8355,0751,Aarhus,1082,"Region Midtjylland"
"Højby Mark, 8462 Harlev J","Højby Mark",8462,0751,Aarhus,1082,"Region Midtjylland"
"Ll Ajstrup, 9240 Nibe","Ll Ajstrup",9240,0820,Vesthimmerlands,1081,"Region Nordjylland"
"Ll Ajstrup, 9600 Aars","Ll Ajstrup",9600,0820,Vesthimmerlands,1081,"Region Nordjylland"
"Strandby, 9640 Farsø",Strandby,9640,0820,Vesthimmerlands,1081,"Region Nordjylland"
"Simested, 9620 Aalestrup",Simested,9620,0791,Viborg,1082,"Region Midtjylland"
"Elev, 8200 Aarhus N",Elev,8200,0751,Aarhus,1082,"Region Midtjylland"
"Elev, 8520 Lystrup",Elev,8520,0751,Aarhus,1082,"Region Midtjylland"
"Munksjørup, 9670 Løgstør",Munksjørup,9670,0820,Vesthimmerlands,1081,"Region Nordjylland"
"Præstebolig, 9631 Gedsted",Præstebolig,9631,0791,Viborg,1082,"Region Midtjylland"
"Salling, 9670 Løgstør",Salling,9670,0820,Vesthimmerlands,1081,"Region Nordjylland"
"Pisselhøj, 9600 Aars",Pisselhøj,9600,0820,Vesthimmerlands,1081,"Region Nordjylland"
"Løgsted, 9670 Løgstør",Løgsted,9670,0820,Vesthimmerlands,1081,"Region Nordjylland"
"Hørslevbol, 8462 Harlev J",Hørslevbol,8462,0751,Aarhus,1082,"Region Midtjylland"
"Gunderup, 9640 Farsø",Gunderup,9640,0820,Vesthimmerlands,1081,"Region Nordjylland"
"Tolstrup, 9600 Aars",Tolstrup,9600,0820,Vesthimmerlands,1081,"Region Nordjylland"
"Livø, 9681 Ranum",Livø,9681,0820,Vesthimmerlands,1081,"Region Nordjylland"
"Ll Ladager, 4623 Lille Skensved","Ll Ladager",4623,0259,Køge,1085,"Region Sjælland"
"Gummersmarke, 4100 Ringsted",Gummersmarke,4100,0259,Køge,1085,"Region Sjælland"
"St Ladager, 4623 Lille Skensved","St Ladager",4623,0259,Køge,1085,"Region Sjælland"
"Thorsgårde, 9600 Aars",Thorsgårde,9600,0820,Vesthimmerlands,1081,"Region Nordjylland"
"Mølgård, 9600 Aars",Mølgård,9600,0820,Vesthimmerlands,1081,"Region Nordjylland"
"Baandrup, 9620 Aalestrup",Baandrup,9620,0791,Viborg,1082,"Region Midtjylland"
"Stenderup, 8781 Stenderup",Stenderup,8781,0615,Horsens,1082,"Region Midtjylland"
"Borregaard, 7790 Thyholm",Borregaard,7790,0671,Struer,1082,"Region Midtjylland"
"Studehave, 4895 Errindlev",Studehave,4895,0360,Lolland,1085,"Region Sjælland"
"Hestbæk, 7600 Struer",Hestbæk,7600,0661,Holstebro,1082,"Region Midtjylland"
"Hestbæk, 7660 Bækmarksbro",Hestbæk,7660,0665,Lemvig,1082,"Region Midtjylland"
"Maglehøj, 4983 Dannemare",Maglehøj,4983,0360,Lolland,1085,"Region Sjælland"
"Fousing, 7600 Struer",Fousing,7600,0661,Holstebro,1082,"Region Midtjylland"
"Kragenæs, 4943 Torrig L",Kragenæs,4943,0360,Lolland,1085,"Region Sjælland"
"Solskov, 8722 Hedensted",Solskov,8722,0766,Hedensted,1082,"Region Midtjylland"
"Serup, 7790 Thyholm",Serup,7790,0671,Struer,1082,"Region Midtjylland"
"As, 7130 Juelsminde",As,7130,0766,Hedensted,1082,"Region Midtjylland"
"Keldernæs, 4952 Stokkemarke",Keldernæs,4952,0360,Lolland,1085,"Region Sjælland"
"Merring, 8700 Horsens",Merring,8700,0615,Horsens,1082,"Region Midtjylland"
"Merring, 8723 Løsning",Merring,8723,0766,Hedensted,1082,"Region Midtjylland"
"Krønge, 4930 Maribo",Krønge,4930,0360,Lolland,1085,"Region Sjælland"
"Krønge, 4960 Holeby",Krønge,4960,0360,Lolland,1085,"Region Sjælland"
"Mageltving, 4943 Torrig L",Mageltving,4943,0360,Lolland,1085,"Region Sjælland"
"Ulkær, 7100 Vejle",Ulkær,7100,0630,Vejle,1083,"Region Syddanmark"
"Kalhave, 7171 Uldum",Kalhave,7171,0766,Hedensted,1082,"Region Midtjylland"
"Hauge, 7160 Tørring",Hauge,7160,0630,Vejle,1083,"Region Syddanmark"
"Holtug, 4660 Store Heddinge",Holtug,4660,0336,Stevns,1085,"Region Sjælland"
"Holtug, 4672 Klippinge",Holtug,4672,0336,Stevns,1085,"Region Sjælland"
"Ringsebølle, 4970 Rødby",Ringsebølle,4970,0360,Lolland,1085,"Region Sjælland"
"Sd Horslunde, 4913 Horslunde","Sd Horslunde",4913,0360,Lolland,1085,"Region Sjælland"
"Hindsels, 7790 Thyholm",Hindsels,7790,0671,Struer,1082,"Region Midtjylland"
"Hedensted Skov, 8722 Hedensted","Hedensted Skov",8722,0766,Hedensted,1082,"Region Midtjylland"
"Hyrup, 7140 Stouby",Hyrup,7140,0766,Hedensted,1082,"Region Midtjylland"
"Hyrup, 7150 Barrit",Hyrup,7150,0766,Hedensted,1082,"Region Midtjylland"
"Olstrup, 4895 Errindlev",Olstrup,4895,0360,Lolland,1085,"Region Sjælland"
"Vesterby, 4930 Maribo",Vesterby,4930,0360,Lolland,1085,"Region Sjælland"
"Vesterby, 4960 Holeby",Vesterby,4960,0360,Lolland,1085,"Region Sjælland"
"Lundehøje, 4895 Errindlev",Lundehøje,4895,0360,Lolland,1085,"Region Sjælland"
"Harvig, 4673 Rødvig Stevns",Harvig,4673,0336,Stevns,1085,"Region Sjælland"
"Saksfjed Ø, 4970 Rødby","Saksfjed Ø",4970,0360,Lolland,1085,"Region Sjælland"
"Haurum, 7171 Uldum",Haurum,7171,0766,Hedensted,1082,"Region Midtjylland"
"Haurum, 8762 Flemming",Haurum,8762,0615,Horsens,1082,"Region Midtjylland"
"Sjælstofte, 4895 Errindlev",Sjælstofte,4895,0360,Lolland,1085,"Region Sjælland"
"Sjælstofte, 4970 Rødby",Sjælstofte,4970,0360,Lolland,1085,"Region Sjælland"
"Smedskær, 7140 Stouby",Smedskær,7140,0766,Hedensted,1082,"Region Midtjylland"
"Ussinggård, 8723 Løsning",Ussinggård,8723,0766,Hedensted,1082,"Region Midtjylland"
"Lihme, 7860 Spøttrup",Lihme,7860,0779,Skive,1082,"Region Midtjylland"
"Pikhede, 7884 Fur",Pikhede,7884,0779,Skive,1082,"Region Midtjylland"
"Sæbygårdparken, 7870 Roslev",Sæbygårdparken,7870,0779,Skive,1082,"Region Midtjylland"
"Akselterp, 9510 Arden",Akselterp,9510,0840,Rebild,1081,"Region Nordjylland"
"Snostrup, 3600 Frederikssund",Snostrup,3600,0219,Hillerød,1084,"Region Hovedstaden"
"Tørslev Hage, 3630 Jægerspris","Tørslev Hage",3630,0250,Frederikssund,1084,"Region Hovedstaden"
"Kyndby Mark, 3630 Jægerspris","Kyndby Mark",3630,0250,Frederikssund,1084,"Region Hovedstaden"
"Øster Dølby, 7800 Skive","Øster Dølby",7800,0661,Holstebro,1082,"Region Midtjylland"
"Mollerup, 7860 Spøttrup",Mollerup,7860,0779,Skive,1082,"Region Midtjylland"
"Odde, 9560 Hadsund",Odde,9560,0840,Rebild,1081,"Region Nordjylland"
"Manderup, 3550 Slangerup",Manderup,3550,0201,Allerød,1084,"Region Hovedstaden"
"Grinderslev, 7870 Roslev",Grinderslev,7870,0779,Skive,1082,"Region Midtjylland"
"Nordby, 4592 Sejerø",Nordby,4592,0326,Kalundborg,1085,"Region Sjælland"
"Vandf Mølle, 4450 Jyderup","Vandf Mølle",4450,0316,Holbæk,1085,"Region Sjælland"
"Hvornum, 9500 Hobro",Hvornum,9500,0791,Viborg,1082,"Region Midtjylland"
"Blæsinge, 4200 Slagelse",Blæsinge,4200,0326,Kalundborg,1085,"Region Sjælland"
"Herslev, 4270 Høng",Herslev,4270,0326,Kalundborg,1085,"Region Sjælland"
"Sønderby, 4050 Skibby",Sønderby,4050,0250,Frederikssund,1084,"Region Hovedstaden"
"Kulhuse, 3630 Jægerspris",Kulhuse,3630,0250,Frederikssund,1084,"Region Hovedstaden"
"Batum, 7870 Roslev",Batum,7870,0779,Skive,1082,"Region Midtjylland"
"Hem, 7800 Skive",Hem,7800,0661,Holstebro,1082,"Region Midtjylland"
"Hem, 7860 Spøttrup",Hem,7860,0779,Skive,1082,"Region Midtjylland"
"Bostrup, 7870 Roslev",Bostrup,7870,0779,Skive,1082,"Region Midtjylland"
"Brokholm, 7870 Roslev",Brokholm,7870,0779,Skive,1082,"Region Midtjylland"
"V. Lyby, 7800 Skive","V. Lyby",7800,0661,Holstebro,1082,"Region Midtjylland"
"Reersø Ornum, 4281 Gørlev","Reersø Ornum",4281,0326,Kalundborg,1085,"Region Sjælland"
"Hallebygård, 4450 Jyderup",Hallebygård,4450,0316,Holbæk,1085,"Region Sjælland"
"Hallebygård, 4490 Jerslev Sjælland",Hallebygård,4490,0326,Kalundborg,1085,"Region Sjælland"
"Særslev, 4460 Snertinge",Særslev,4460,0316,Holbæk,1085,"Region Sjælland"
"Lyby, 7800 Skive",Lyby,7800,0661,Holstebro,1082,"Region Midtjylland"
"Sallingsund, 7870 Roslev",Sallingsund,7870,0779,Skive,1082,"Region Midtjylland"
"Ørslevk Mark, 7840 Højslev","Ørslevk Mark",7840,0779,Skive,1082,"Region Midtjylland"
"Vester Dølby, 7800 Skive","Vester Dølby",7800,0661,Holstebro,1082,"Region Midtjylland"
"Gamskjær, 7840 Højslev",Gamskjær,7840,0779,Skive,1082,"Region Midtjylland"
"Løgtved, 4470 Svebølle",Løgtved,4470,0316,Holbæk,1085,"Region Sjælland"
"Bjergby, 7870 Roslev",Bjergby,7870,0779,Skive,1082,"Region Midtjylland"
"Vejby, 7860 Spøttrup",Vejby,7860,0779,Skive,1082,"Region Midtjylland"
"Hestbæk, 7870 Roslev",Hestbæk,7870,0779,Skive,1082,"Region Midtjylland"
"Debel Mark, 7884 Fur","Debel Mark",7884,0779,Skive,1082,"Region Midtjylland"
"Sæby, 4270 Høng",Sæby,4270,0326,Kalundborg,1085,"Region Sjælland"
"Tindinge Bk, 4291 Ruds Vedby","Tindinge Bk",4291,0326,Kalundborg,1085,"Region Sjælland"
"Bilidt, 8990 Fårup",Bilidt,8990,0730,Randers,1082,"Region Midtjylland"
"Als Odde, 9560 Hadsund","Als Odde",9560,0840,Rebild,1081,"Region Nordjylland"
"Toelstang, 4200 Slagelse",Toelstang,4200,0326,Kalundborg,1085,"Region Sjælland"
"Toelstang, 4281 Gørlev",Toelstang,4281,0326,Kalundborg,1085,"Region Sjælland"
"Jorløse, 4470 Svebølle",Jorløse,4470,0316,Holbæk,1085,"Region Sjælland"
"Jorløse, 4490 Jerslev Sjælland",Jorløse,4490,0326,Kalundborg,1085,"Region Sjælland"
"Fladbjerg, 9550 Mariager",Fladbjerg,9550,0730,Randers,1082,"Region Midtjylland"
"Brøndum, 7860 Spøttrup",Brøndum,7860,0779,Skive,1082,"Region Midtjylland"
"Kongshøj, 7870 Roslev",Kongshøj,7870,0779,Skive,1082,"Region Midtjylland"
"Løgtved, 4450 Jyderup",Løgtved,4450,0316,Holbæk,1085,"Region Sjælland"
"Tjørnelunde, 4270 Høng",Tjørnelunde,4270,0326,Kalundborg,1085,"Region Sjælland"
"Tjørnelunde, 4291 Ruds Vedby",Tjørnelunde,4291,0326,Kalundborg,1085,"Region Sjælland"
"Lindbjerg, 3600 Frederikssund",Lindbjerg,3600,0219,Hillerød,1084,"Region Hovedstaden"
"Lindeballe, 7184 Vandel",Lindeballe,7184,0630,Vejle,1083,"Region Syddanmark"
"Lindeballe, 7321 Gadbjerg",Lindeballe,7321,0630,Vejle,1083,"Region Syddanmark"
"Lindeballe, 7323 Give",Lindeballe,7323,0630,Vejle,1083,"Region Syddanmark"
"Mindstrup, 7173 Vonge",Mindstrup,7173,0630,Vejle,1083,"Region Syddanmark"
"Mindstrup, 7300 Jelling",Mindstrup,7300,0630,Vejle,1083,"Region Syddanmark"
"Hedeby, 7323 Give",Hedeby,7323,0630,Vejle,1083,"Region Syddanmark"
"Brøndbj Hede, 9510 Arden","Brøndbj Hede",9510,0840,Rebild,1081,"Region Nordjylland"
"Brøndbj Hede, 9560 Hadsund","Brøndbj Hede",9560,0840,Rebild,1081,"Region Nordjylland"
"Damstedgård, 9510 Arden",Damstedgård,9510,0840,Rebild,1081,"Region Nordjylland"
"St. Lihme, 7182 Bredsten","St. Lihme",7182,0630,Vejle,1083,"Region Syddanmark"
"St. Lihme, 7183 Randbøl","St. Lihme",7183,0630,Vejle,1083,"Region Syddanmark"
"Rørbæk, 7323 Give",Rørbæk,7323,0630,Vejle,1083,"Region Syddanmark"
"Lerager, 7323 Give",Lerager,7323,0630,Vejle,1083,"Region Syddanmark"
"Mejsling, 7100 Vejle",Mejsling,7100,0630,Vejle,1083,"Region Syddanmark"
"Fårup, 7300 Jelling",Fårup,7300,0630,Vejle,1083,"Region Syddanmark"
"Ørum Kirkeby, 9320 Hjallerup","Ørum Kirkeby",9320,0810,Brønderslev,1081,"Region Nordjylland"
"Jordbroen, 9330 Dronninglund",Jordbroen,9330,0810,Brønderslev,1081,"Region Nordjylland"
"Harhøj, 9560 Hadsund",Harhøj,9560,0840,Rebild,1081,"Region Nordjylland"
"Riis Mark, 7323 Give","Riis Mark",7323,0630,Vejle,1083,"Region Syddanmark"
"Refstrup, 7321 Gadbjerg",Refstrup,7321,0630,Vejle,1083,"Region Syddanmark"
"Hammelmose, 9700 Brønderslev",Hammelmose,9700,0810,Brønderslev,1081,"Region Nordjylland"
"Østerled, 9330 Dronninglund",Østerled,9330,0810,Brønderslev,1081,"Region Nordjylland"
"Ørvad, 9560 Hadsund",Ørvad,9560,0840,Rebild,1081,"Region Nordjylland"
"Gauersl Skov, 7080 Børkop","Gauersl Skov",7080,0630,Vejle,1083,"Region Syddanmark"
"Vejrholt, 9510 Arden",Vejrholt,9510,0840,Rebild,1081,"Region Nordjylland"
"Dørken, 7323 Give",Dørken,7323,0630,Vejle,1083,"Region Syddanmark"
"Bindeballe, 7183 Randbøl",Bindeballe,7183,0630,Vejle,1083,"Region Syddanmark"
"Ålstrup, 9700 Brønderslev",Ålstrup,9700,0810,Brønderslev,1081,"Region Nordjylland"
"Melholt, 9340 Asaa",Melholt,9340,0810,Brønderslev,1081,"Region Nordjylland"
"Melholt, 9370 Hals",Melholt,9370,0810,Brønderslev,1081,"Region Nordjylland"
"Valsgård Mar, 9500 Hobro","Valsgård Mar",9500,0791,Viborg,1082,"Region Midtjylland"
"Dalsgård Mrk, 9560 Hadsund","Dalsgård Mrk",9560,0840,Rebild,1081,"Region Nordjylland"
"Overkarls, 9500 Hobro",Overkarls,9500,0791,Viborg,1082,"Region Midtjylland"
"Mørkholt, 7080 Børkop",Mørkholt,7080,0630,Vejle,1083,"Region Syddanmark"
"Gammel Agersted, 9330 Dronninglund","Gammel Agersted",9330,0810,Brønderslev,1081,"Region Nordjylland"
"Tudvad, 7100 Vejle",Tudvad,7100,0630,Vejle,1083,"Region Syddanmark"
"Karlskov, 7190 Billund",Karlskov,7190,0530,Billund,1083,"Region Syddanmark"
"Karlskov, 7323 Give",Karlskov,7323,0630,Vejle,1083,"Region Syddanmark"
"Børkop, 7080 Børkop",Børkop,7080,0630,Vejle,1083,"Region Syddanmark"
"Hollensted, 9700 Brønderslev",Hollensted,9700,0810,Brønderslev,1081,"Region Nordjylland"
"Hundshoved, 8766 Nørre Snede",Hundshoved,8766,0756,Ikast-Brande,1082,"Region Midtjylland"
"Gødsbøl, 7184 Vandel",Gødsbøl,7184,0630,Vejle,1083,"Region Syddanmark"
"Gødsbøl, 7190 Billund",Gødsbøl,7190,0530,Billund,1083,"Region Syddanmark"
"Gødsbøl, 7321 Gadbjerg",Gødsbøl,7321,0630,Vejle,1083,"Region Syddanmark"
"Gødsbøl, 7323 Give",Gødsbøl,7323,0630,Vejle,1083,"Region Syddanmark"
"Søby, 5985 Søby Ærø",Søby,5985,0492,Ærø,1083,"Region Syddanmark"
"Tykhøjet, 7321 Gadbjerg",Tykhøjet,7321,0630,Vejle,1083,"Region Syddanmark"
"Sellerup, 7080 Børkop",Sellerup,7080,0630,Vejle,1083,"Region Syddanmark"
"Kuldbjerg, 7321 Gadbjerg",Kuldbjerg,7321,0630,Vejle,1083,"Region Syddanmark"
"Kuldbjerg, 7323 Give",Kuldbjerg,7323,0630,Vejle,1083,"Region Syddanmark"
"Velling, 7000 Fredericia",Velling,7000,0607,Fredericia,1083,"Region Syddanmark"
"Vesterlund, 7323 Give",Vesterlund,7323,0630,Vejle,1083,"Region Syddanmark"
"Kragnæs, 5960 Marstal",Kragnæs,5960,0492,Ærø,1083,"Region Syddanmark"
"Kragnæs, 5970 Ærøskøbing",Kragnæs,5970,0492,Ærø,1083,"Region Syddanmark"
"Loftlund, 7323 Give",Loftlund,7323,0630,Vejle,1083,"Region Syddanmark"
"Vingsted, 7182 Bredsten",Vingsted,7182,0630,Vejle,1083,"Region Syddanmark"
"Krusborg, 7361 Ejstrupholm",Krusborg,7361,0630,Vejle,1083,"Region Syddanmark"
"Højvænge, 2750 Ballerup",Højvænge,2750,0151,Ballerup,1084,"Region Hovedstaden"
"Løserup, 4300 Holbæk",Løserup,4300,0316,Holbæk,1085,"Region Sjælland"
"Smededal, 4440 Mørkøv",Smededal,4440,0316,Holbæk,1085,"Region Sjælland"
"Vår, 9240 Nibe",Vår,9240,0820,Vesthimmerlands,1081,"Region Nordjylland"
"Ejdrup, 9240 Nibe",Ejdrup,9240,0820,Vesthimmerlands,1081,"Region Nordjylland"
"Søndersted, 4340 Tølløse",Søndersted,4340,0316,Holbæk,1085,"Region Sjælland"
"Søndersted, 4420 Regstrup",Søndersted,4420,0316,Holbæk,1085,"Region Sjælland"
"Lillevorde, 9280 Storvorde",Lillevorde,9280,0851,Aalborg,1081,"Region Nordjylland"
"Klæstrup, 9240 Nibe",Klæstrup,9240,0820,Vesthimmerlands,1081,"Region Nordjylland"
"Udstrup, 4370 Store Merløse",Udstrup,4370,0316,Holbæk,1085,"Region Sjælland"
"Maltbæk, 6600 Vejen",Maltbæk,6600,0575,Vejen,1083,"Region Syddanmark"
"Låsled, 6630 Rødding",Låsled,6630,0510,Haderslev,1083,"Region Syddanmark"
"Kamp, 6630 Rødding",Kamp,6630,0510,Haderslev,1083,"Region Syddanmark"
"Ø Hovborg, 6623 Vorbasse","Ø Hovborg",6623,0530,Billund,1083,"Region Syddanmark"
"Ø Hovborg, 6682 Hovborg","Ø Hovborg",6682,0530,Billund,1083,"Region Syddanmark"
"Sejlflod, 9280 Storvorde",Sejlflod,9280,0851,Aalborg,1081,"Region Nordjylland"
"Gudum, 9280 Storvorde",Gudum,9280,0851,Aalborg,1081,"Region Nordjylland"
"Glejbjerg, 6752 Glejbjerg",Glejbjerg,6752,0575,Vejen,1083,"Region Syddanmark"
"Hjerting, 6630 Rødding",Hjerting,6630,0510,Haderslev,1083,"Region Syddanmark"
"Lunderup, 6800 Varde",Lunderup,6800,0573,Varde,1083,"Region Syddanmark"
"Gelstrup, 9240 Nibe",Gelstrup,9240,0820,Vesthimmerlands,1081,"Region Nordjylland"
"Langager, 6630 Rødding",Langager,6630,0510,Haderslev,1083,"Region Syddanmark"
"Stenderup, 6683 Føvling",Stenderup,6683,0561,Esbjerg,1083,"Region Syddanmark"
"Jels, 6630 Rødding",Jels,6630,0510,Haderslev,1083,"Region Syddanmark"
"Terpling, 6670 Holsted",Terpling,6670,0561,Esbjerg,1083,"Region Syddanmark"
"Terpling, 6752 Glejbjerg",Terpling,6752,0575,Vejen,1083,"Region Syddanmark"
"Bounum, 6800 Varde",Bounum,6800,0573,Varde,1083,"Region Syddanmark"
"Bounum, 6870 Ølgod",Bounum,6870,0573,Varde,1083,"Region Syddanmark"
"Holsted, 6670 Holsted",Holsted,6670,0561,Esbjerg,1083,"Region Syddanmark"
"Vimtrup, 6630 Rødding",Vimtrup,6630,0510,Haderslev,1083,"Region Syddanmark"
"Vimtrup, 6660 Lintrup",Vimtrup,6660,0575,Vejen,1083,"Region Syddanmark"
"Asp Horne, 6800 Varde","Asp Horne",6800,0573,Varde,1083,"Region Syddanmark"
"Søvig, 6855 Outrup",Søvig,6855,0573,Varde,1083,"Region Syddanmark"
"Bobøl, 6683 Føvling",Bobøl,6683,0561,Esbjerg,1083,"Region Syddanmark"
"Vestermarken, 6630 Rødding",Vestermarken,6630,0510,Haderslev,1083,"Region Syddanmark"
"Nr Holsted, 6670 Holsted","Nr Holsted",6670,0561,Esbjerg,1083,"Region Syddanmark"
"Foldingbro, 6650 Brørup",Foldingbro,6650,0575,Vejen,1083,"Region Syddanmark"
"Foldingbro, 6660 Lintrup",Foldingbro,6660,0575,Vejen,1083,"Region Syddanmark"
"Hammershus, 4370 Store Merløse",Hammershus,4370,0316,Holbæk,1085,"Region Sjælland"
"Præstkjær, 6650 Brørup",Præstkjær,6650,0575,Vejen,1083,"Region Syddanmark"
"Hellet, 6630 Rødding",Hellet,6630,0510,Haderslev,1083,"Region Syddanmark"
"Igelsø, 4300 Holbæk",Igelsø,4300,0316,Holbæk,1085,"Region Sjælland"
"Ny Østergård, 9240 Nibe","Ny Østergård",9240,0820,Vesthimmerlands,1081,"Region Nordjylland"
"Rojbøl, 6630 Rødding",Rojbøl,6630,0510,Haderslev,1083,"Region Syddanmark"
"Minnislyst, 4350 Ugerløse",Minnislyst,4350,0316,Holbæk,1085,"Region Sjælland"
"Nyrup, 4350 Ugerløse",Nyrup,4350,0316,Holbæk,1085,"Region Sjælland"
"Sophienholm, 4340 Tølløse",Sophienholm,4340,0316,Holbæk,1085,"Region Sjælland"
"Marke, 4440 Mørkøv",Marke,4440,0316,Holbæk,1085,"Region Sjælland"
"Marke, 4520 Svinninge",Marke,4520,0316,Holbæk,1085,"Region Sjælland"
"Næsby, 4305 Orø",Næsby,4305,0316,Holbæk,1085,"Region Sjælland"
"Nyby, 6600 Vejen",Nyby,6600,0575,Vejen,1083,"Region Syddanmark"
"Nyby, 6622 Bække",Nyby,6622,0575,Vejen,1083,"Region Syddanmark"
"Adsersbøl, 6650 Brørup",Adsersbøl,6650,0575,Vejen,1083,"Region Syddanmark"
"Treager, 6670 Holsted",Treager,6670,0561,Esbjerg,1083,"Region Syddanmark"
"St. Tåstrup, 4370 Store Merløse","St. Tåstrup",4370,0316,Holbæk,1085,"Region Sjælland"
"Skudstrup, 6630 Rødding",Skudstrup,6630,0510,Haderslev,1083,"Region Syddanmark"
"Hf. Humlehaverne, 4370 Store Merløse","Hf. Humlehaverne",4370,0316,Holbæk,1085,"Region Sjælland"
"Holmstrup, 4450 Jyderup",Holmstrup,4450,0316,Holbæk,1085,"Region Sjælland"
"Holmstrup, 4470 Svebølle",Holmstrup,4470,0316,Holbæk,1085,"Region Sjælland"
"Audebo, 4300 Holbæk",Audebo,4300,0316,Holbæk,1085,"Region Sjælland"
"Grene, 6752 Glejbjerg",Grene,6752,0575,Vejen,1083,"Region Syddanmark"
"Søby, 4300 Holbæk",Søby,4300,0316,Holbæk,1085,"Region Sjælland"
"Søby, 4390 Vipperød",Søby,4390,0316,Holbæk,1085,"Region Sjælland"
"Astofte, 6683 Føvling",Astofte,6683,0561,Esbjerg,1083,"Region Syddanmark"
"Lyngøen, 9370 Hals",Lyngøen,9370,0810,Brønderslev,1081,"Region Nordjylland"
"Nandrup, 7900 Nykøbing M",Nandrup,7900,0773,Morsø,1081,"Region Nordjylland"
"Stårup, 7840 Højslev",Stårup,7840,0779,Skive,1082,"Region Midtjylland"
"Højris, 7900 Nykøbing M",Højris,7900,0773,Morsø,1081,"Region Nordjylland"
"Broholm, 5932 Humble",Broholm,5932,0482,Langeland,1083,"Region Syddanmark"
"Tranekær, 5953 Tranekær",Tranekær,5953,0482,Langeland,1083,"Region Syddanmark"
"Pudseløkke, 5900 Rudkøbing",Pudseløkke,5900,0482,Langeland,1083,"Region Syddanmark"
"Siø, 5900 Rudkøbing",Siø,5900,0482,Langeland,1083,"Region Syddanmark"
"Helletofte, 5953 Tranekær",Helletofte,5953,0482,Langeland,1083,"Region Syddanmark"
"Knud, 7860 Spøttrup",Knud,7860,0779,Skive,1082,"Region Midtjylland"
"Redsted, 7970 Redsted M",Redsted,7970,0773,Morsø,1081,"Region Nordjylland"
"Gulstav, 5935 Bagenkop",Gulstav,5935,0482,Langeland,1083,"Region Syddanmark"
"Nordenbro, 5932 Humble",Nordenbro,5932,0482,Langeland,1083,"Region Syddanmark"
"Nordenbro, 5935 Bagenkop",Nordenbro,5935,0482,Langeland,1083,"Region Syddanmark"
"Hf. Slotshaven, 4300 Holbæk","Hf. Slotshaven",4300,0316,Holbæk,1085,"Region Sjælland"
"Håsum, 7860 Spøttrup",Håsum,7860,0779,Skive,1082,"Region Midtjylland"
"Feggesund, 7900 Nykøbing M",Feggesund,7900,0773,Morsø,1081,"Region Nordjylland"
"Bybjerg, 4305 Orø",Bybjerg,4305,0316,Holbæk,1085,"Region Sjælland"
"Lindelse, 5900 Rudkøbing",Lindelse,5900,0482,Langeland,1083,"Region Syddanmark"
"Nørre Jernløse, 4420 Regstrup","Nørre Jernløse",4420,0316,Holbæk,1085,"Region Sjælland"
"Sønderstrup, 4360 Kirke Eskilstrup",Sønderstrup,4360,0316,Holbæk,1085,"Region Sjælland"
"Tingtved, 4300 Holbæk",Tingtved,4300,0316,Holbæk,1085,"Region Sjælland"
"Bastholm, 4340 Tølløse",Bastholm,4340,0316,Holbæk,1085,"Region Sjælland"
"Ennebølle, 5953 Tranekær",Ennebølle,5953,0482,Langeland,1083,"Region Syddanmark"
"Ø. Lyby, 7800 Skive","Ø. Lyby",7800,0661,Holstebro,1082,"Region Midtjylland"
"Ø. Lyby, 7870 Roslev","Ø. Lyby",7870,0779,Skive,1082,"Region Midtjylland"
"Årbjerg, 7800 Skive",Årbjerg,7800,0661,Holstebro,1082,"Region Midtjylland"
"Branden, 7870 Roslev",Branden,7870,0779,Skive,1082,"Region Midtjylland"
"Skebjerg, 5953 Tranekær",Skebjerg,5953,0482,Langeland,1083,"Region Syddanmark"
"Blangshave, 5900 Rudkøbing",Blangshave,5900,0482,Langeland,1083,"Region Syddanmark"
"Tevlesø, 5953 Tranekær",Tevlesø,5953,0482,Langeland,1083,"Region Syddanmark"
"Strandet, 7840 Højslev",Strandet,7840,0779,Skive,1082,"Region Midtjylland"
"Store Snøde, 5953 Tranekær","Store Snøde",5953,0482,Langeland,1083,"Region Syddanmark"
"Næstebølle, 5953 Tranekær",Næstebølle,5953,0482,Langeland,1083,"Region Syddanmark"
"Krogsbjerg, 5900 Rudkøbing",Krogsbjerg,5900,0482,Langeland,1083,"Region Syddanmark"
"Aasø, 5953 Tranekær",Aasø,5953,0482,Langeland,1083,"Region Syddanmark"
"Rath, 5935 Bagenkop",Rath,5935,0482,Langeland,1083,"Region Syddanmark"
"Fjellerup, 8585 Glesborg",Fjellerup,8585,0707,Norddjurs,1082,"Region Midtjylland"
"Trustrup, 8570 Trustrup",Trustrup,8570,0706,Syddjurs,1082,"Region Midtjylland"
"Bønnerup Strand, 8585 Glesborg","Bønnerup Strand",8585,0707,Norddjurs,1082,"Region Midtjylland"
"Bjergsø, 4534 Hørve",Bjergsø,4534,0306,Odsherred,1085,"Region Sjælland"
"Nakke, 4500 Nykøbing Sj",Nakke,4500,0306,Odsherred,1085,"Region Sjælland"
"Nakke, 4581 Rørvig",Nakke,4581,0306,Odsherred,1085,"Region Sjælland"
"Tengslemark, 4500 Nykøbing Sj",Tengslemark,4500,0306,Odsherred,1085,"Region Sjælland"
"Tengslemark, 4573 Højby",Tengslemark,4573,0306,Odsherred,1085,"Region Sjælland"
"Allestrup, 8961 Allingåbro",Allestrup,8961,0707,Norddjurs,1082,"Region Midtjylland"
"Stenvad Hede, 8586 Ørum Djurs","Stenvad Hede",8586,0707,Norddjurs,1082,"Region Midtjylland"
"Robstrup, 8500 Grenaa",Robstrup,8500,0707,Norddjurs,1082,"Region Midtjylland"
"Skarnæs, 8570 Trustrup",Skarnæs,8570,0706,Syddjurs,1082,"Region Midtjylland"
"Tustrup, 8961 Allingåbro",Tustrup,8961,0707,Norddjurs,1082,"Region Midtjylland"
"Brændt, 4572 Nørre Asmindrup",Brændt,4572,0306,Odsherred,1085,"Region Sjælland"
"Grevinge Lmf, 4571 Grevinge","Grevinge Lmf",4571,0306,Odsherred,1085,"Region Sjælland"
"Godthaab, 8500 Grenaa",Godthaab,8500,0707,Norddjurs,1082,"Region Midtjylland"
"Ø Alling Mk, 8963 Auning","Ø Alling Mk",8963,0706,Syddjurs,1082,"Region Midtjylland"
"Holbæk Mk, 8950 Ørsted","Holbæk Mk",8950,0707,Norddjurs,1082,"Region Midtjylland"
"Ørum, 8586 Ørum Djurs",Ørum,8586,0707,Norddjurs,1082,"Region Midtjylland"
"Overby Lyng, 4500 Nykøbing Sj","Overby Lyng",4500,0306,Odsherred,1085,"Region Sjælland"
"Overby Lyng, 4583 Sjællands Odde","Overby Lyng",4583,0306,Odsherred,1085,"Region Sjælland"
"Udbyhøj, 8950 Ørsted",Udbyhøj,8950,0707,Norddjurs,1082,"Region Midtjylland"
"Søholm, 8560 Kolind",Søholm,8560,0706,Syddjurs,1082,"Region Midtjylland"
"Ålsrode, 8444 Balle",Ålsrode,8444,0706,Syddjurs,1082,"Region Midtjylland"
"Ålsrode, 8500 Grenaa",Ålsrode,8500,0707,Norddjurs,1082,"Region Midtjylland"
"Starreklinte, 4534 Hørve",Starreklinte,4534,0306,Odsherred,1085,"Region Sjælland"
"Stenalt, 8950 Ørsted",Stenalt,8950,0707,Norddjurs,1082,"Region Midtjylland"
"Vrangbæk, 8963 Auning",Vrangbæk,8963,0706,Syddjurs,1082,"Region Midtjylland"
"Tårup Kær, 8963 Auning","Tårup Kær",8963,0706,Syddjurs,1082,"Region Midtjylland"
"Fausing, 8961 Allingåbro",Fausing,8961,0707,Norddjurs,1082,"Region Midtjylland"
"Frostrup, 4560 Vig",Frostrup,4560,0306,Odsherred,1085,"Region Sjælland"
"Tolsager, 4550 Asnæs",Tolsager,4550,0306,Odsherred,1085,"Region Sjælland"
"Skippinge, 4534 Hørve",Skippinge,4534,0306,Odsherred,1085,"Region Sjælland"
"Skippinge, 4591 Føllenslev",Skippinge,4591,0306,Odsherred,1085,"Region Sjælland"
"Skamlebæk, 4540 Fårevejle",Skamlebæk,4540,0306,Odsherred,1085,"Region Sjælland"
"Laen, 8585 Glesborg",Laen,8585,0707,Norddjurs,1082,"Region Midtjylland"
"Vivild Mk, 8961 Allingåbro","Vivild Mk",8961,0707,Norddjurs,1082,"Region Midtjylland"
"Nederst, 8560 Kolind",Nederst,8560,0706,Syddjurs,1082,"Region Midtjylland"
"Vedd Strand, 4540 Fårevejle","Vedd Strand",4540,0306,Odsherred,1085,"Region Sjælland"
"Tornled, 8500 Grenaa",Tornled,8500,0707,Norddjurs,1082,"Region Midtjylland"
"Enslev, 8500 Grenaa",Enslev,8500,0707,Norddjurs,1082,"Region Midtjylland"
"Odderbjerg, 4534 Hørve",Odderbjerg,4534,0306,Odsherred,1085,"Region Sjælland"
"Høgild, 7470 Karup J",Høgild,7470,0657,Herning,1082,"Region Midtjylland"
"Østre Højby, 4573 Højby","Østre Højby",4573,0306,Odsherred,1085,"Region Sjælland"
"Egebjerg Mark, 4500 Nykøbing Sj","Egebjerg Mark",4500,0306,Odsherred,1085,"Region Sjælland"
"Auning Kær, 8963 Auning","Auning Kær",8963,0706,Syddjurs,1082,"Region Midtjylland"
"Svenstrup, 8570 Trustrup",Svenstrup,8570,0706,Syddjurs,1082,"Region Midtjylland"
"Kr Minde, 8500 Grenaa","Kr Minde",8500,0707,Norddjurs,1082,"Region Midtjylland"
"Lille Sjørup, 8950 Ørsted","Lille Sjørup",8950,0707,Norddjurs,1082,"Region Midtjylland"
"Voldby, 8500 Grenaa",Voldby,8500,0707,Norddjurs,1082,"Region Midtjylland"
"Karlby, 8500 Grenaa",Karlby,8500,0707,Norddjurs,1082,"Region Midtjylland"
"Bjergesø, 4534 Hørve",Bjergesø,4534,0306,Odsherred,1085,"Region Sjælland"
"L Gudmindrup, 4573 Højby","L Gudmindrup",4573,0306,Odsherred,1085,"Region Sjælland"
"Haveforening Søndermølle, 8500 Grenaa","Haveforening Søndermølle",8500,0707,Norddjurs,1082,"Region Midtjylland"
"Emmedsbo, 8500 Grenaa",Emmedsbo,8500,0707,Norddjurs,1082,"Region Midtjylland"
"Nykøbing By, 4500 Nykøbing Sj","Nykøbing By",4500,0306,Odsherred,1085,"Region Sjælland"
"Gedhus, 7451 Sunds",Gedhus,7451,0657,Herning,1082,"Region Midtjylland"
"Gedhus, 7470 Karup J",Gedhus,7470,0657,Herning,1082,"Region Midtjylland"
"Sædding, 6830 Nørre Nebel",Sædding,6830,0573,Varde,1083,"Region Syddanmark"
"Gravlund, 6800 Varde",Gravlund,6800,0573,Varde,1083,"Region Syddanmark"
"Hindsig, 6800 Varde",Hindsig,6800,0573,Varde,1083,"Region Syddanmark"
"Stundsig, 6800 Varde",Stundsig,6800,0573,Varde,1083,"Region Syddanmark"
"Lumby, 5792 Årslev",Lumby,5792,0430,Faaborg-Midtfyn,1083,"Region Syddanmark"
"Bolt Gd Skov, 5750 Ringe","Bolt Gd Skov",5750,0430,Faaborg-Midtfyn,1083,"Region Syddanmark"
"Hudevad, 5792 Årslev",Hudevad,5792,0430,Faaborg-Midtfyn,1083,"Region Syddanmark"
"Hudevad, 5863 Ferritslev Fyn",Hudevad,5863,0430,Faaborg-Midtfyn,1083,"Region Syddanmark"
"Ørum, 8830 Tjele",Ørum,8830,0791,Viborg,1082,"Region Midtjylland"
"Spanggård, 9632 Møldrup",Spanggård,9632,0791,Viborg,1082,"Region Midtjylland"
"V. Børsting, 7800 Skive","V. Børsting",7800,0661,Holstebro,1082,"Region Midtjylland"
"Ulbjerg, 8832 Skals",Ulbjerg,8832,0791,Viborg,1082,"Region Midtjylland"
"Havredal, 7470 Karup J",Havredal,7470,0657,Herning,1082,"Region Midtjylland"
"Kjelst, 6852 Billum",Kjelst,6852,0573,Varde,1083,"Region Syddanmark"
"Næsbjerg, 6800 Varde",Næsbjerg,6800,0573,Varde,1083,"Region Syddanmark"
"Næsbjerg, 6818 Årre",Næsbjerg,6818,0561,Esbjerg,1083,"Region Syddanmark"
"Nørre Lyndelse, 5792 Årslev","Nørre Lyndelse",5792,0430,Faaborg-Midtfyn,1083,"Region Syddanmark"
"Lindum, 8830 Tjele",Lindum,8830,0791,Viborg,1082,"Region Midtjylland"
"Velds, 8830 Tjele",Velds,8830,0791,Viborg,1082,"Region Midtjylland"
"Søvang S. Grd., 7800 Skive","Søvang S. Grd.",7800,0661,Holstebro,1082,"Region Midtjylland"
"Ø. Børsting, 7850 Stoholm Jyll","Ø. Børsting",7850,0791,Viborg,1082,"Region Midtjylland"
"Kvorning, 8830 Tjele",Kvorning,8830,0791,Viborg,1082,"Region Midtjylland"
"Kølsen, 8831 Løgstrup",Kølsen,8831,0791,Viborg,1082,"Region Midtjylland"
"Troelstrup, 9620 Aalestrup",Troelstrup,9620,0791,Viborg,1082,"Region Midtjylland"
"Troelstrup, 9632 Møldrup",Troelstrup,9632,0791,Viborg,1082,"Region Midtjylland"
"Mørkedale, 9632 Møldrup",Mørkedale,9632,0791,Viborg,1082,"Region Midtjylland"
"Mollerup, 8830 Tjele",Mollerup,8830,0791,Viborg,1082,"Region Midtjylland"
"Alslev, 6800 Varde",Alslev,6800,0573,Varde,1083,"Region Syddanmark"
"Kærbæk, 6823 Ansager",Kærbæk,6823,0530,Billund,1083,"Region Syddanmark"
"Lønne, 6830 Nørre Nebel",Lønne,6830,0573,Varde,1083,"Region Syddanmark"
"Hjortkær, 6818 Årre",Hjortkær,6818,0561,Esbjerg,1083,"Region Syddanmark"
"Lundgård, 7850 Stoholm Jyll",Lundgård,7850,0791,Viborg,1082,"Region Midtjylland"
"Lundgård, 8800 Viborg",Lundgård,8800,0740,Silkeborg,1082,"Region Midtjylland"
"Bruunshåb, 8800 Viborg",Bruunshåb,8800,0740,Silkeborg,1082,"Region Midtjylland"
"Gåsekjærhus, 6840 Oksbøl",Gåsekjærhus,6840,0573,Varde,1083,"Region Syddanmark"
"Thorsager, 8830 Tjele",Thorsager,8830,0791,Viborg,1082,"Region Midtjylland"
"Tofterup, 7200 Grindsted",Tofterup,7200,0530,Billund,1083,"Region Syddanmark"
"Vøjstrup, 5672 Broby",Vøjstrup,5672,0430,Faaborg-Midtfyn,1083,"Region Syddanmark"
"Karup, 7470 Karup J",Karup,7470,0657,Herning,1082,"Region Midtjylland"
"Frederiks, 7470 Karup J",Frederiks,7470,0657,Herning,1082,"Region Midtjylland"
"Karlsgårde, 6800 Varde",Karlsgårde,6800,0573,Varde,1083,"Region Syddanmark"
"Grønkær, 7850 Stoholm Jyll",Grønkær,7850,0791,Viborg,1082,"Region Midtjylland"
"Espe, 5750 Ringe",Espe,5750,0430,Faaborg-Midtfyn,1083,"Region Syddanmark"
"Ørris, 9500 Hobro",Ørris,9500,0791,Viborg,1082,"Region Midtjylland"
"Grydvad, 6851 Janderup Vestj",Grydvad,6851,0573,Varde,1083,"Region Syddanmark"
"Sig, 6800 Varde",Sig,6800,0573,Varde,1083,"Region Syddanmark"
"Nr Marken, 6800 Varde","Nr Marken",6800,0573,Varde,1083,"Region Syddanmark"
"Brangstrup, 5750 Ringe",Brangstrup,5750,0430,Faaborg-Midtfyn,1083,"Region Syddanmark"
"Grønhøj, 7470 Karup J",Grønhøj,7470,0657,Herning,1082,"Region Midtjylland"
"Nørheden, 9500 Hobro",Nørheden,9500,0791,Viborg,1082,"Region Midtjylland"
"Ingstrup, 8830 Tjele",Ingstrup,8830,0791,Viborg,1082,"Region Midtjylland"
"Kallestrup, 9620 Aalestrup",Kallestrup,9620,0791,Viborg,1082,"Region Midtjylland"
"Tulstrup, 9620 Aalestrup",Tulstrup,9620,0791,Viborg,1082,"Region Midtjylland"
"Vilsund, 7700 Thisted",Vilsund,7700,0787,Thisted,1081,"Region Nordjylland"
"Vilsund, 7752 Snedsted",Vilsund,7752,0787,Thisted,1081,"Region Nordjylland"
"Nytorp, 7730 Hanstholm",Nytorp,7730,0787,Thisted,1081,"Region Nordjylland"
"Tjæreby, 4000 Roskilde",Tjæreby,4000,0169,Høje-Taastrup,1084,"Region Hovedstaden"
"Dåstrup, 4130 Viby Sjælland",Dåstrup,4130,0259,Køge,1085,"Region Sjælland"
"Skotterup, 3070 Snekkersten",Skotterup,3070,0217,Helsingør,1084,"Region Hovedstaden"
"Øllemosen, 4690 Haslev",Øllemosen,4690,0320,Faxe,1085,"Region Sjælland"
"Lynge, 7741 Frøstrup",Lynge,7741,0787,Thisted,1081,"Region Nordjylland"
"Store Valby, 4000 Roskilde","Store Valby",4000,0169,Høje-Taastrup,1084,"Region Hovedstaden"
"Ramsølille, 4621 Gadstrup",Ramsølille,4621,0265,Roskilde,1085,"Region Sjælland"
"Gammelby, 7755 Bedsted Thy",Gammelby,7755,0787,Thisted,1081,"Region Nordjylland"
"Thorsted, 7700 Thisted",Thorsted,7700,0787,Thisted,1081,"Region Nordjylland"
"Sårup, 7730 Hanstholm",Sårup,7730,0787,Thisted,1081,"Region Nordjylland"
"Gl Holte, 2840 Holte","Gl Holte",2840,0173,Lyngby-Taarbæk,1084,"Region Hovedstaden"
"Gl Holte, 2850 Nærum","Gl Holte",2850,0230,Rudersdal,1084,"Region Hovedstaden"
"Gl Holte, 2950 Vedbæk","Gl Holte",2950,0223,Hørsholm,1084,"Region Hovedstaden"
"Nørhå, 7752 Snedsted",Nørhå,7752,0787,Thisted,1081,"Region Nordjylland"
"Hf. Hjortespring, 2730 Herlev","Hf. Hjortespring",2730,0151,Ballerup,1084,"Region Hovedstaden"
"Stokkerup, 3230 Græsted",Stokkerup,3230,0217,Helsingør,1084,"Region Hovedstaden"
"Søllerød, 2800 Kongens Lyngby",Søllerød,2800,0157,Gentofte,1084,"Region Hovedstaden"
"Søllerød, 2830 Virum",Søllerød,2830,0173,Lyngby-Taarbæk,1084,"Region Hovedstaden"
"Søllerød, 2840 Holte",Søllerød,2840,0173,Lyngby-Taarbæk,1084,"Region Hovedstaden"
"Søllerød, 2850 Nærum",Søllerød,2850,0230,Rudersdal,1084,"Region Hovedstaden"
"St Elmue, 4640 Faxe","St Elmue",4640,0320,Faxe,1085,"Region Sjælland"
"St Elmue, 4654 Faxe Ladeplads","St Elmue",4654,0320,Faxe,1085,"Region Sjælland"
"Lildstrand, 7741 Frøstrup",Lildstrand,7741,0787,Thisted,1081,"Region Nordjylland"
"Doverodde, 7760 Hurup Thy",Doverodde,7760,0671,Struer,1082,"Region Midtjylland"
"Hastrup, 4621 Gadstrup",Hastrup,4621,0265,Roskilde,1085,"Region Sjælland"
"Leestrup, 4640 Faxe",Leestrup,4640,0320,Faxe,1085,"Region Sjælland"
"Leestrup, 4683 Rønnede",Leestrup,4683,0320,Faxe,1085,"Region Sjælland"
"Leestrup, 4733 Tappernøje",Leestrup,4733,0320,Faxe,1085,"Region Sjælland"
"Gundsømagle, 3670 Veksø Sjælland",Gundsømagle,3670,0240,Egedal,1084,"Region Hovedstaden"
"Gundsømagle, 4000 Roskilde",Gundsømagle,4000,0169,Høje-Taastrup,1084,"Region Hovedstaden"
"Gundsømagle, 4040 Jyllinge",Gundsømagle,4040,0265,Roskilde,1085,"Region Sjælland"
"Troelstrup, 4690 Haslev",Troelstrup,4690,0320,Faxe,1085,"Region Sjælland"
"Druestrup, 4682 Tureby",Druestrup,4682,0259,Køge,1085,"Region Sjælland"
"Druestrup, 4690 Haslev",Druestrup,4690,0320,Faxe,1085,"Region Sjælland"
"Sønder Ydby, 7760 Hurup Thy","Sønder Ydby",7760,0671,Struer,1082,"Region Midtjylland"
"Apperup, 3140 Ålsgårde",Apperup,3140,0217,Helsingør,1084,"Region Hovedstaden"
"St. Spjellerup, 4640 Faxe","St. Spjellerup",4640,0320,Faxe,1085,"Region Sjælland"
"St. Spjellerup, 4653 Karise","St. Spjellerup",4653,0320,Faxe,1085,"Region Sjælland"
"Jannerup, 7700 Thisted",Jannerup,7700,0787,Thisted,1081,"Region Nordjylland"
"Ulsted, 7760 Hurup Thy",Ulsted,7760,0671,Struer,1082,"Region Midtjylland"
"Rødbrogård, 7741 Frøstrup",Rødbrogård,7741,0787,Thisted,1081,"Region Nordjylland"
"Holmene, 3000 Helsingør",Holmene,3000,0217,Helsingør,1084,"Region Hovedstaden"
"Holmene, 3140 Ålsgårde",Holmene,3140,0217,Helsingør,1084,"Region Hovedstaden"
"Jyderup, 4640 Faxe",Jyderup,4640,0320,Faxe,1085,"Region Sjælland"
"Jyderup, 4683 Rønnede",Jyderup,4683,0320,Faxe,1085,"Region Sjælland"
"Heltborg, 7760 Hurup Thy",Heltborg,7760,0671,Struer,1082,"Region Midtjylland"
"Rørtang, 3000 Helsingør",Rørtang,3000,0217,Helsingør,1084,"Region Hovedstaden"
"Rørtang, 3060 Espergærde",Rørtang,3060,0210,Fredensborg,1084,"Region Hovedstaden"
"Rørtang, 3070 Snekkersten",Rørtang,3070,0217,Helsingør,1084,"Region Hovedstaden"
"Druestrup Ov, 4653 Karise","Druestrup Ov",4653,0320,Faxe,1085,"Region Sjælland"
"Druestrup Ov, 4682 Tureby","Druestrup Ov",4682,0259,Køge,1085,"Region Sjælland"
"Vesterø, 9940 Læsø",Vesterø,9940,0825,Læsø,1081,"Region Nordjylland"
"Viverup Ovdr, 4653 Karise","Viverup Ovdr",4653,0320,Faxe,1085,"Region Sjælland"
"Freerslev, 4690 Haslev",Freerslev,4690,0320,Faxe,1085,"Region Sjælland"
"Koldby, 7752 Snedsted",Koldby,7752,0787,Thisted,1081,"Region Nordjylland"
"Harring, 7752 Snedsted",Harring,7752,0787,Thisted,1081,"Region Nordjylland"
"Vesterø Havn, 9940 Læsø","Vesterø Havn",9940,0825,Læsø,1081,"Region Nordjylland"
"Højstrup, 3000 Helsingør",Højstrup,3000,0217,Helsingør,1084,"Region Hovedstaden"
"Badsted, 4690 Haslev",Badsted,4690,0320,Faxe,1085,"Region Sjælland"
"Svalmstrup, 4174 Jystrup Midtsj",Svalmstrup,4174,0259,Køge,1085,"Region Sjælland"
"Lavensby, 6430 Nordborg",Lavensby,6430,0540,Sønderborg,1083,"Region Syddanmark"
"Vester Sottrup, 6400 Sønderborg","Vester Sottrup",6400,0540,Sønderborg,1083,"Region Syddanmark"
"Allindemagle, 4100 Ringsted",Allindemagle,4100,0259,Køge,1085,"Region Sjælland"
"Møbjerg, 7260 Sønder Omme",Møbjerg,7260,0530,Billund,1083,"Region Syddanmark"
"Hjortlund, 7200 Grindsted",Hjortlund,7200,0530,Billund,1083,"Region Syddanmark"
"Vemmingbund, 6310 Broager",Vemmingbund,6310,0540,Sønderborg,1083,"Region Syddanmark"
"Vemmingbund, 6400 Sønderborg",Vemmingbund,6400,0540,Sønderborg,1083,"Region Syddanmark"
"Holmskov, 6430 Nordborg",Holmskov,6430,0540,Sønderborg,1083,"Region Syddanmark"
"Stolbroløkke, 6430 Nordborg",Stolbroløkke,6430,0540,Sønderborg,1083,"Region Syddanmark"
"Skodsbøl, 6310 Broager",Skodsbøl,6310,0540,Sønderborg,1083,"Region Syddanmark"
"Ravlund, 7200 Grindsted",Ravlund,7200,0530,Billund,1083,"Region Syddanmark"
"Balstrup, 4100 Ringsted",Balstrup,4100,0259,Køge,1085,"Region Sjælland"
"Kværkeby, 4100 Ringsted",Kværkeby,4100,0259,Køge,1085,"Region Sjælland"
"Sjørring, 7700 Thisted",Sjørring,7700,0787,Thisted,1081,"Region Nordjylland"
"Stenderup Mk, 7200 Grindsted","Stenderup Mk",7200,0530,Billund,1083,"Region Syddanmark"
"Korsø, 7700 Thisted",Korsø,7700,0787,Thisted,1081,"Region Nordjylland"
"Kettingskov, 6440 Augustenborg",Kettingskov,6440,0540,Sønderborg,1083,"Region Syddanmark"
"Kettingskov, 6470 Sydals",Kettingskov,6470,0540,Sønderborg,1083,"Region Syddanmark"
"Skellerød, 4100 Ringsted",Skellerød,4100,0259,Køge,1085,"Region Sjælland"
"Mulstrup, 4100 Ringsted",Mulstrup,4100,0259,Køge,1085,"Region Sjælland"
"Svankjær, 7755 Bedsted Thy",Svankjær,7755,0787,Thisted,1081,"Region Nordjylland"
"Nordby, 6720 Fanø",Nordby,6720,0563,Fanø,1083,"Region Syddanmark"
"Fanø Bad, 6720 Fanø","Fanø Bad",6720,0563,Fanø,1083,"Region Syddanmark"
"Ortved, 4100 Ringsted",Ortved,4100,0259,Køge,1085,"Region Sjælland"
"Trøllund, 7190 Billund",Trøllund,7190,0530,Billund,1083,"Region Syddanmark"
"Trøllund, 7250 Hejnsvig",Trøllund,7250,0530,Billund,1083,"Region Syddanmark"
"Hf. Karholm, 6430 Nordborg","Hf. Karholm",6430,0540,Sønderborg,1083,"Region Syddanmark"
"Hf Virkelyst, 4100 Ringsted","Hf Virkelyst",4100,0259,Køge,1085,"Region Sjælland"
"Klink, 7250 Hejnsvig",Klink,7250,0530,Billund,1083,"Region Syddanmark"
"Sandager, 6300 Gråsten",Sandager,6300,0540,Sønderborg,1083,"Region Syddanmark"
"Bedsted, 4100 Ringsted",Bedsted,4100,0259,Køge,1085,"Region Sjælland"
"Vollerup, 6400 Sønderborg",Vollerup,6400,0540,Sønderborg,1083,"Region Syddanmark"
"Vollerup, 6470 Sydals",Vollerup,6470,0540,Sønderborg,1083,"Region Syddanmark"
"Bredsten, 6470 Sydals",Bredsten,6470,0540,Sønderborg,1083,"Region Syddanmark"
"Adsbøl, 6300 Gråsten",Adsbøl,6300,0540,Sønderborg,1083,"Region Syddanmark"
"Kirkerup, 4200 Slagelse",Kirkerup,4200,0326,Kalundborg,1085,"Region Sjælland"
"Purhus, 8990 Fårup",Purhus,8990,0730,Randers,1082,"Region Midtjylland"
"Torup, 8860 Ulstrup",Torup,8860,0710,Favrskov,1082,"Region Midtjylland"
"Sønderup, 4200 Slagelse",Sønderup,4200,0326,Kalundborg,1085,"Region Sjælland"
"Bavngård, 6760 Ribe",Bavngård,6760,0561,Esbjerg,1083,"Region Syddanmark"
"Darum Mark, 6740 Bramming","Darum Mark",6740,0561,Esbjerg,1083,"Region Syddanmark"
"Kirkeby, 6760 Ribe",Kirkeby,6760,0561,Esbjerg,1083,"Region Syddanmark"
"Snedinge, 4230 Skælskør",Snedinge,4230,0330,Slagelse,1085,"Region Sjælland"
"Kelstrup, 4200 Slagelse",Kelstrup,4200,0326,Kalundborg,1085,"Region Sjælland"
"Hømvesterl, 6760 Ribe",Hømvesterl,6760,0561,Esbjerg,1083,"Region Syddanmark"
"Terp, 8920 Randers NV",Terp,8920,0730,Randers,1082,"Region Midtjylland"
"Ø Velling, 8870 Langå","Ø Velling",8870,0710,Favrskov,1082,"Region Midtjylland"
"Ø Velling, 8920 Randers NV","Ø Velling",8920,0730,Randers,1082,"Region Midtjylland"
"Skallebæk, 6760 Ribe",Skallebæk,6760,0561,Esbjerg,1083,"Region Syddanmark"
"Ølst, 8940 Randers SV",Ølst,8940,0710,Favrskov,1082,"Region Midtjylland"
"Flakkebjerg, 4200 Slagelse",Flakkebjerg,4200,0326,Kalundborg,1085,"Region Sjælland"
"Flakkebjerg, 4261 Dalmose",Flakkebjerg,4261,0330,Slagelse,1085,"Region Sjælland"
"Mejlby, 8981 Spentrup",Mejlby,8981,0730,Randers,1082,"Region Midtjylland"
"Årslev Hede, 8960 Randers SØ","Årslev Hede",8960,0710,Favrskov,1082,"Region Midtjylland"
"Jernbjerg, 4200 Slagelse",Jernbjerg,4200,0326,Kalundborg,1085,"Region Sjælland"
"Virring, 8960 Randers SØ",Virring,8960,0710,Favrskov,1082,"Region Midtjylland"
"Slots Bjergby, 4200 Slagelse","Slots Bjergby",4200,0326,Kalundborg,1085,"Region Sjælland"
"Gimming, 8930 Randers NØ",Gimming,8930,0730,Randers,1082,"Region Midtjylland"
"Venning, 8920 Randers NV",Venning,8920,0730,Randers,1082,"Region Midtjylland"
"Moeskær, 8960 Randers SØ",Moeskær,8960,0710,Favrskov,1082,"Region Midtjylland"
"Blenstrup, 8983 Gjerlev J",Blenstrup,8983,0730,Randers,1082,"Region Midtjylland"
"Madslunde, 4200 Slagelse",Madslunde,4200,0326,Kalundborg,1085,"Region Sjælland"
"Halkevad, 4200 Slagelse",Halkevad,4200,0326,Kalundborg,1085,"Region Sjælland"
"Mindeshoved, 4230 Skælskør",Mindeshoved,4230,0330,Slagelse,1085,"Region Sjælland"
"Grøfte, 4180 Sorø",Grøfte,4180,0329,Ringsted,1085,"Region Sjælland"
"Haveforeningen Venezuela, 8930 Randers NØ","Haveforeningen Venezuela",8930,0730,Randers,1082,"Region Midtjylland"
"Halseby, 4220 Korsør",Halseby,4220,0330,Slagelse,1085,"Region Sjælland"
"Gudum, 4200 Slagelse",Gudum,4200,0326,Kalundborg,1085,"Region Sjælland"
"Nørbæk, 8990 Fårup",Nørbæk,8990,0730,Randers,1082,"Region Midtjylland"
"Neble, 4241 Vemmelev",Neble,4241,0330,Slagelse,1085,"Region Sjælland"
"Neble, 4242 Boeslunde",Neble,4242,0330,Slagelse,1085,"Region Sjælland"
"Bisserup, 4243 Rude",Bisserup,4243,0330,Slagelse,1085,"Region Sjælland"
"Basnæs, 4230 Skælskør",Basnæs,4230,0330,Slagelse,1085,"Region Sjælland"
"Vester Kærby, 5320 Agedrup","Vester Kærby",5320,0461,Odense,1083,"Region Syddanmark"
"Vester Kærby, 5330 Munkebo","Vester Kærby",5330,0440,Kerteminde,1083,"Region Syddanmark"
"Sletelte, 3200 Helsinge",Sletelte,3200,0219,Hillerød,1084,"Region Hovedstaden"
"Hæstrup Stationsby, 9800 Hjørring","Hæstrup Stationsby",9800,0860,Hjørring,1081,"Region Nordjylland"
"Uvelse, 3540 Lynge",Uvelse,3540,0190,Furesø,1084,"Region Hovedstaden"
"Uvelse, 3550 Slangerup",Uvelse,3550,0201,Allerød,1084,"Region Hovedstaden"
"Lindved, 5260 Odense S",Lindved,5260,0461,Odense,1083,"Region Syddanmark"
"Ramløse, 3200 Helsinge",Ramløse,3200,0219,Hillerød,1084,"Region Hovedstaden"
"Esbønderup, 3230 Græsted",Esbønderup,3230,0217,Helsingør,1084,"Region Hovedstaden"
"Bindslev, 9881 Bindslev",Bindslev,9881,0813,Frederikshavn,1081,"Region Nordjylland"
"Korsebjerg, 5491 Blommenslyst",Korsebjerg,5491,0461,Odense,1083,"Region Syddanmark"
"Nejede, 3400 Hillerød",Nejede,3400,0201,Allerød,1084,"Region Hovedstaden"
"Kagerup, 3400 Hillerød",Kagerup,3400,0201,Allerød,1084,"Region Hovedstaden"
"Græsdal, 9830 Tårs",Græsdal,9830,0813,Frederikshavn,1081,"Region Nordjylland"
"Flakkebjerg Station, 4200 Slagelse","Flakkebjerg Station",4200,0326,Kalundborg,1085,"Region Sjælland"
"Vedby Sønder, 4200 Slagelse","Vedby Sønder",4200,0326,Kalundborg,1085,"Region Sjælland"
"L Frederiksl, 4200 Slagelse","L Frederiksl",4200,0326,Kalundborg,1085,"Region Sjælland"
"Slagelse, 4200 Slagelse",Slagelse,4200,0326,Kalundborg,1085,"Region Sjælland"
"Holmstrup, 5250 Odense SV",Holmstrup,5250,0461,Odense,1083,"Region Syddanmark"
"Søhuse, 4230 Skælskør",Søhuse,4230,0330,Slagelse,1085,"Region Sjælland"
"Slukefter, 5210 Odense NV",Slukefter,5210,0461,Odense,1083,"Region Syddanmark"
"Ås Mark, 9830 Tårs","Ås Mark",9830,0813,Frederikshavn,1081,"Region Nordjylland"
"Bollehede, 9870 Sindal",Bollehede,9870,0813,Frederikshavn,1081,"Region Nordjylland"
"Troelse, 5491 Blommenslyst",Troelse,5491,0461,Odense,1083,"Region Syddanmark"
"Ilbro, 9800 Hjørring",Ilbro,9800,0860,Hjørring,1081,"Region Nordjylland"
"Bregnerød, 3250 Gilleleje",Bregnerød,3250,0270,Gribskov,1084,"Region Hovedstaden"
"Søhus, 5270 Odense N",Søhus,5270,0461,Odense,1083,"Region Syddanmark"
"Dragstrup, 3230 Græsted",Dragstrup,3230,0217,Helsingør,1084,"Region Hovedstaden"
"Dragstrup, 3250 Gilleleje",Dragstrup,3250,0270,Gribskov,1084,"Region Hovedstaden"
"Grønnerup, 9760 Vrå",Grønnerup,9760,0810,Brønderslev,1081,"Region Nordjylland"
"Holluf Pile, 5220 Odense SØ","Holluf Pile",5220,0461,Odense,1083,"Region Syddanmark"
"Klostermark, 9480 Løkken",Klostermark,9480,0810,Brønderslev,1081,"Region Nordjylland"
"Harløse, 3400 Hillerød",Harløse,3400,0201,Allerød,1084,"Region Hovedstaden"
"Bakkebjerg, 3210 Vejby",Bakkebjerg,3210,0270,Gribskov,1084,"Region Hovedstaden"
"Bakkebjerg, 3230 Græsted",Bakkebjerg,3230,0217,Helsingør,1084,"Region Hovedstaden"
"Boderup, 4863 Eskilstrup",Boderup,4863,0376,Guldborgsund,1085,"Region Sjælland"
"Reersø, 4990 Sakskøbing",Reersø,4990,0376,Guldborgsund,1085,"Region Sjælland"
"Bruntofte, 4800 Nykøbing F",Bruntofte,4800,0376,Guldborgsund,1085,"Region Sjælland"
"Bruntofte, 4863 Eskilstrup",Bruntofte,4863,0376,Guldborgsund,1085,"Region Sjælland"
"Hasselø Pl, 4800 Nykøbing F","Hasselø Pl",4800,0376,Guldborgsund,1085,"Region Sjælland"
"Hasselø Pl, 4873 Væggerløse","Hasselø Pl",4873,0376,Guldborgsund,1085,"Region Sjælland"
"Stubberup, 4800 Nykøbing F",Stubberup,4800,0376,Guldborgsund,1085,"Region Sjælland"
"Tebstrup, 8660 Skanderborg",Tebstrup,8660,0615,Horsens,1082,"Region Midtjylland"
"Gangsted, 8732 Hovedgård",Gangsted,8732,0615,Horsens,1082,"Region Midtjylland"
"Tingsted, 4800 Nykøbing F",Tingsted,4800,0376,Guldborgsund,1085,"Region Sjælland"
"Tingsted, 4863 Eskilstrup",Tingsted,4863,0376,Guldborgsund,1085,"Region Sjælland"
"Flintinge, 4891 Toreby L",Flintinge,4891,0376,Guldborgsund,1085,"Region Sjælland"
"Nagelsti, 4800 Nykøbing F",Nagelsti,4800,0376,Guldborgsund,1085,"Region Sjælland"
"Nagelsti, 4891 Toreby L",Nagelsti,4891,0376,Guldborgsund,1085,"Region Sjælland"
"Råbylille, 4780 Stege",Råbylille,4780,0390,Vordingborg,1085,"Region Sjælland"
"Dalby, 4850 Stubbekøbing",Dalby,4850,0376,Guldborgsund,1085,"Region Sjælland"
"Neble, 4840 Nørre Alslev",Neble,4840,0376,Guldborgsund,1085,"Region Sjælland"
"Hesnæs, 4850 Stubbekøbing",Hesnæs,4850,0376,Guldborgsund,1085,"Region Sjælland"
"Sundby, 4800 Nykøbing F",Sundby,4800,0376,Guldborgsund,1085,"Region Sjælland"
"Sundby, 4891 Toreby L",Sundby,4891,0376,Guldborgsund,1085,"Region Sjælland"
"Rytsebæk, 4780 Stege",Rytsebæk,4780,0390,Vordingborg,1085,"Region Sjælland"
"Ålebæk, 4791 Borre",Ålebæk,4791,0390,Vordingborg,1085,"Region Sjælland"
"Fuglevang, 8700 Horsens",Fuglevang,8700,0615,Horsens,1082,"Region Midtjylland"
"St Damme, 4792 Askeby","St Damme",4792,0390,Vordingborg,1085,"Region Sjælland"
"Overby, 8660 Skanderborg",Overby,8660,0615,Horsens,1082,"Region Midtjylland"
"Overby, 8732 Hovedgård",Overby,8732,0615,Horsens,1082,"Region Midtjylland"
"Assendrup, 8732 Hovedgård",Assendrup,8732,0615,Horsens,1082,"Region Midtjylland"
"Ulvshale, 4780 Stege",Ulvshale,4780,0390,Vordingborg,1085,"Region Sjælland"
"Vedslet, 8732 Hovedgård",Vedslet,8732,0615,Horsens,1082,"Region Midtjylland"
"Stensby, 4772 Langebæk",Stensby,4772,0390,Vordingborg,1085,"Region Sjælland"
"Stensby, 4773 Stensved",Stensby,4773,0390,Vordingborg,1085,"Region Sjælland"
"Moseby, 4850 Stubbekøbing",Moseby,4850,0376,Guldborgsund,1085,"Region Sjælland"
"Moseby, 4871 Horbelev",Moseby,4871,0376,Guldborgsund,1085,"Region Sjælland"
"Sattrup, 8752 Østbirk",Sattrup,8752,0615,Horsens,1082,"Region Midtjylland"
"Søvind, 8700 Horsens",Søvind,8700,0615,Horsens,1082,"Region Midtjylland"
"Skovhuse, 4772 Langebæk",Skovhuse,4772,0390,Vordingborg,1085,"Region Sjælland"
"Kokseby, 4792 Askeby",Kokseby,4792,0390,Vordingborg,1085,"Region Sjælland"
"Sudkær, 8752 Østbirk",Sudkær,8752,0615,Horsens,1082,"Region Midtjylland"
"Sdr. Frenderup, 4780 Stege","Sdr. Frenderup",4780,0390,Vordingborg,1085,"Region Sjælland"
"Allerslev, 4720 Præstø",Allerslev,4720,0390,Vordingborg,1085,"Region Sjælland"
"Sværdborg, 4750 Lundby",Sværdborg,4750,0370,Næstved,1085,"Region Sjælland"
"Korselitze, 4800 Nykøbing F",Korselitze,4800,0376,Guldborgsund,1085,"Region Sjælland"
"Sdr Alslev, 4800 Nykøbing F","Sdr Alslev",4800,0376,Guldborgsund,1085,"Region Sjælland"
"Nedenskov, 8740 Brædstrup",Nedenskov,8740,0615,Horsens,1082,"Region Midtjylland"
"Hegningen, 4990 Sakskøbing",Hegningen,4990,0376,Guldborgsund,1085,"Region Sjælland"
"Ravnse, 4840 Nørre Alslev",Ravnse,4840,0376,Guldborgsund,1085,"Region Sjælland"
"Tårs, 4990 Sakskøbing",Tårs,4990,0376,Guldborgsund,1085,"Region Sjælland"
"Lundum Mark, 8700 Horsens","Lundum Mark",8700,0615,Horsens,1082,"Region Midtjylland"
"Lundum Mark, 8751 Gedved","Lundum Mark",8751,0615,Horsens,1082,"Region Midtjylland"
"Ll Damme, 4792 Askeby","Ll Damme",4792,0390,Vordingborg,1085,"Region Sjælland"
"Ny Ebbelnæs, 4780 Stege","Ny Ebbelnæs",4780,0390,Vordingborg,1085,"Region Sjælland"
"Davding, 8740 Brædstrup",Davding,8740,0615,Horsens,1082,"Region Midtjylland"
"Åstruplund, 8740 Brædstrup",Åstruplund,8740,0615,Horsens,1082,"Region Midtjylland"
"Sundby, 4862 Guldborg",Sundby,4862,0376,Guldborgsund,1085,"Region Sjælland"
"Alstrup, 4840 Nørre Alslev",Alstrup,4840,0376,Guldborgsund,1085,"Region Sjælland"
"Hårbølle Kbl, 4792 Askeby","Hårbølle Kbl",4792,0390,Vordingborg,1085,"Region Sjælland"
"Algestrup, 4850 Stubbekøbing",Algestrup,4850,0376,Guldborgsund,1085,"Region Sjælland"
"Sæby, 4070 Kirke Hyllinge",Sæby,4070,0350,Lejre,1085,"Region Sjælland"
"Lejre, 4320 Lejre",Lejre,4320,0259,Køge,1085,"Region Sjælland"
"Agerfeld, 6973 Ørnhøj",Agerfeld,6973,0657,Herning,1082,"Region Midtjylland"
"Agerfeld, 7500 Holstebro",Agerfeld,7500,0657,Herning,1082,"Region Midtjylland"
"Koudal, 8860 Ulstrup",Koudal,8860,0710,Favrskov,1082,"Region Midtjylland"
"Tåstrup, 8370 Hadsten",Tåstrup,8370,0710,Favrskov,1082,"Region Midtjylland"
"Tåstrup, 8380 Trige",Tåstrup,8380,0710,Favrskov,1082,"Region Midtjylland"
"Tåstrup, 8382 Hinnerup",Tåstrup,8382,0710,Favrskov,1082,"Region Midtjylland"
"Bidstrup, 8870 Langå",Bidstrup,8870,0710,Favrskov,1082,"Region Midtjylland"
"Galten, 8370 Hadsten",Galten,8370,0710,Favrskov,1082,"Region Midtjylland"
"Vester Såby, 4060 Kirke Såby","Vester Såby",4060,0350,Lejre,1085,"Region Sjælland"
"Vester Såby, 4330 Hvalsø","Vester Såby",4330,0316,Holbæk,1085,"Region Sjælland"
"Særløse, 4330 Hvalsø",Særløse,4330,0316,Holbæk,1085,"Region Sjælland"
"Tanderupkær, 7400 Herning",Tanderupkær,7400,0657,Herning,1082,"Region Midtjylland"
"Nøvling, 7480 Vildbjerg",Nøvling,7480,0657,Herning,1082,"Region Midtjylland"
"Skjød, 8450 Hammel",Skjød,8450,0710,Favrskov,1082,"Region Midtjylland"
"Engbyen, 7400 Herning",Engbyen,7400,0657,Herning,1082,"Region Midtjylland"
"Enslev, 8860 Ulstrup",Enslev,8860,0710,Favrskov,1082,"Region Midtjylland"
"Enslev, 8870 Langå",Enslev,8870,0710,Favrskov,1082,"Region Midtjylland"
"Enslev, 8881 Thorsø",Enslev,8881,0710,Favrskov,1082,"Region Midtjylland"
"Seem, 6760 Ribe",Seem,6760,0561,Esbjerg,1083,"Region Syddanmark"
"Stårup, 6690 Gørding",Stårup,6690,0561,Esbjerg,1083,"Region Syddanmark"
"Stærkær, 8850 Bjerringbro",Stærkær,8850,0710,Favrskov,1082,"Region Midtjylland"
"Lindenborg, 4000 Roskilde",Lindenborg,4000,0169,Høje-Taastrup,1084,"Region Hovedstaden"
"Lindenborg, 4060 Kirke Såby",Lindenborg,4060,0350,Lejre,1085,"Region Sjælland"
"Nr Hyllinge, 4070 Kirke Hyllinge","Nr Hyllinge",4070,0350,Lejre,1085,"Region Sjælland"
"Dyrelundgd, 4330 Hvalsø",Dyrelundgd,4330,0316,Holbæk,1085,"Region Sjælland"
"Varminglund, 6760 Ribe",Varminglund,6760,0561,Esbjerg,1083,"Region Syddanmark"
"Skave, 7500 Holstebro",Skave,7500,0657,Herning,1082,"Region Midtjylland"
"Ordrup, 4060 Kirke Såby",Ordrup,4060,0350,Lejre,1085,"Region Sjælland"
"Gershøj, 4070 Kirke Hyllinge",Gershøj,4070,0350,Lejre,1085,"Region Sjælland"
"Feldborg, 7490 Aulum",Feldborg,7490,0657,Herning,1082,"Region Midtjylland"
"Feldborg, 7540 Haderup",Feldborg,7540,0657,Herning,1082,"Region Midtjylland"
"Omme, 6740 Bramming",Omme,6740,0561,Esbjerg,1083,"Region Syddanmark"
"Plougsvad, 6683 Føvling",Plougsvad,6683,0561,Esbjerg,1083,"Region Syddanmark"
"Gerning, 8850 Bjerringbro",Gerning,8850,0710,Favrskov,1082,"Region Midtjylland"
"Gerning, 8860 Ulstrup",Gerning,8860,0710,Favrskov,1082,"Region Midtjylland"
"Nr Gørding, 6690 Gørding","Nr Gørding",6690,0561,Esbjerg,1083,"Region Syddanmark"
"Fasterholt, 7330 Brande",Fasterholt,7330,0630,Vejle,1083,"Region Syddanmark"
"Fasterholt, 7400 Herning",Fasterholt,7400,0657,Herning,1082,"Region Midtjylland"
"Fajstrup, 8471 Sabro",Fajstrup,8471,0710,Favrskov,1082,"Region Midtjylland"
"Hølleskov, 6760 Ribe",Hølleskov,6760,0561,Esbjerg,1083,"Region Syddanmark"
"Stens, 6760 Ribe",Stens,6760,0561,Esbjerg,1083,"Region Syddanmark"
"Gjelbro, 8882 Fårvang",Gjelbro,8882,0710,Favrskov,1082,"Region Midtjylland"
"Lourup, 6670 Holsted",Lourup,6670,0561,Esbjerg,1083,"Region Syddanmark"
"Lourup, 6690 Gørding",Lourup,6690,0561,Esbjerg,1083,"Region Syddanmark"
"Søby, 7400 Herning",Søby,7400,0657,Herning,1082,"Region Midtjylland"
"Mørup, 7400 Herning",Mørup,7400,0657,Herning,1082,"Region Midtjylland"
"Sdr Vinge, 8860 Ulstrup","Sdr Vinge",8860,0710,Favrskov,1082,"Region Midtjylland"
"Rud, 8370 Hadsten",Rud,8370,0710,Favrskov,1082,"Region Midtjylland"
"Kravnsø, 6710 Esbjerg V",Kravnsø,6710,0561,Esbjerg,1083,"Region Syddanmark"
"Lille Karleby, 4070 Kirke Hyllinge","Lille Karleby",4070,0350,Lejre,1085,"Region Sjælland"
"Viesø, 5610 Assens",Viesø,5610,0410,Middelfart,1083,"Region Syddanmark"
"Sjod, 5610 Assens",Sjod,5610,0410,Middelfart,1083,"Region Syddanmark"
"Andeb Mose, 5492 Vissenbjerg","Andeb Mose",5492,0420,Assens,1083,"Region Syddanmark"
"Kelstrupskov, 5492 Vissenbjerg",Kelstrupskov,5492,0420,Assens,1083,"Region Syddanmark"
"Bannerslund, 9970 Strandby",Bannerslund,9970,0813,Frederikshavn,1081,"Region Nordjylland"
"Boldrup, 9610 Nørager",Boldrup,9610,0820,Vesthimmerlands,1081,"Region Nordjylland"
"Hovheden, 9530 Støvring",Hovheden,9530,0840,Rebild,1081,"Region Nordjylland"
"Barl Tårup, 5610 Assens","Barl Tårup",5610,0410,Middelfart,1083,"Region Syddanmark"
"Gadsbølle, 5492 Vissenbjerg",Gadsbølle,5492,0420,Assens,1083,"Region Syddanmark"
"Rydal, 9900 Frederikshavn",Rydal,9900,0813,Frederikshavn,1081,"Region Nordjylland"
"Bunken, 9982 Ålbæk",Bunken,9982,0813,Frederikshavn,1081,"Region Nordjylland"
"Ravnshøj, 9900 Frederikshavn",Ravnshøj,9900,0813,Frederikshavn,1081,"Region Nordjylland"
"Rodsted, 9541 Suldrup",Rodsted,9541,0820,Vesthimmerlands,1081,"Region Nordjylland"
"Siem, 9520 Skørping",Siem,9520,0840,Rebild,1081,"Region Nordjylland"
"Siem, 9575 Terndrup",Siem,9575,0840,Rebild,1081,"Region Nordjylland"
"Aborg, 5610 Assens",Aborg,5610,0410,Middelfart,1083,"Region Syddanmark"
"Trætholm, 5620 Glamsbjerg",Trætholm,5620,0420,Assens,1083,"Region Syddanmark"
"Lodskovvad, 9982 Ålbæk",Lodskovvad,9982,0813,Frederikshavn,1081,"Region Nordjylland"
"Vesemose, 5683 Haarby",Vesemose,5683,0420,Assens,1083,"Region Syddanmark"
"Dærup, 5620 Glamsbjerg",Dærup,5620,0420,Assens,1083,"Region Syddanmark"
"Skærum Kirkeby, 9900 Frederikshavn","Skærum Kirkeby",9900,0813,Frederikshavn,1081,"Region Nordjylland"
"Blenstrup, 9520 Skørping",Blenstrup,9520,0840,Rebild,1081,"Region Nordjylland"
"Sønderby, 5631 Ebberup",Sønderby,5631,0420,Assens,1083,"Region Syddanmark"
"Plejlstrup, 9541 Suldrup",Plejlstrup,9541,0820,Vesthimmerlands,1081,"Region Nordjylland"
"Røde Mølle, 9520 Skørping","Røde Mølle",9520,0840,Rebild,1081,"Region Nordjylland"
"Grambo, 5690 Tommerup",Grambo,5690,0420,Assens,1083,"Region Syddanmark"
"Lillemose, 5610 Assens",Lillemose,5610,0410,Middelfart,1083,"Region Syddanmark"
"Thorshøj, 9750 Østervrå",Thorshøj,9750,0810,Brønderslev,1081,"Region Nordjylland"
"Nørreby Hals, 5400 Bogense","Nørreby Hals",5400,0480,Nordfyns,1083,"Region Syddanmark"
"Ll Brøndum, 9574 Bælum","Ll Brøndum",9574,0840,Rebild,1081,"Region Nordjylland"
"Hannerup, 9500 Hobro",Hannerup,9500,0791,Viborg,1082,"Region Midtjylland"
"Brønden, 9330 Dronninglund",Brønden,9330,0810,Brønderslev,1081,"Region Nordjylland"
"Brønden, 9352 Dybvad",Brønden,9352,0810,Brønderslev,1081,"Region Nordjylland"
"Gammel Overvad, 9610 Nørager","Gammel Overvad",9610,0820,Vesthimmerlands,1081,"Region Nordjylland"
"Rauf, 9520 Skørping",Rauf,9520,0840,Rebild,1081,"Region Nordjylland"
"Stubberup, 9520 Skørping",Stubberup,9520,0840,Rebild,1081,"Region Nordjylland"
"Svaneke, 3740 Svaneke",Svaneke,3740,0400,Bornholm,1084,"Region Hovedstaden"
"Nyfæste, 5560 Aarup",Nyfæste,5560,0410,Middelfart,1083,"Region Syddanmark"
"Tvorup, 9520 Skørping",Tvorup,9520,0840,Rebild,1081,"Region Nordjylland"
"Krastrup, 9520 Skørping",Krastrup,9520,0840,Rebild,1081,"Region Nordjylland"
"Linalyst, 9240 Nibe",Linalyst,9240,0820,Vesthimmerlands,1081,"Region Nordjylland"
"Kohavegård, 5690 Tommerup",Kohavegård,5690,0420,Assens,1083,"Region Syddanmark"
"Haarby, 5683 Haarby",Haarby,5683,0420,Assens,1083,"Region Syddanmark"
"Dollerup, 9520 Skørping",Dollerup,9520,0840,Rebild,1081,"Region Nordjylland"
"Oplev, 9520 Skørping",Oplev,9520,0840,Rebild,1081,"Region Nordjylland"
"Oplev, 9530 Støvring",Oplev,9530,0840,Rebild,1081,"Region Nordjylland"
"Bæring, 5610 Assens",Bæring,5610,0410,Middelfart,1083,"Region Syddanmark"
"Strærup Mark, 5683 Haarby","Strærup Mark",5683,0420,Assens,1083,"Region Syddanmark"
"Vedtofte, 5620 Glamsbjerg",Vedtofte,5620,0420,Assens,1083,"Region Syddanmark"
"Ryds Mølle, 5492 Vissenbjerg","Ryds Mølle",5492,0420,Assens,1083,"Region Syddanmark"
"Tågerod, 5462 Morud",Tågerod,5462,0480,Nordfyns,1083,"Region Syddanmark"
"Lunde Dalskov, 5270 Odense N","Lunde Dalskov",5270,0461,Odense,1083,"Region Syddanmark"
"Søgård, 6240 Løgumkloster",Søgård,6240,0550,Tønder,1083,"Region Syddanmark"
"Lemmose, 6240 Løgumkloster",Lemmose,6240,0550,Tønder,1083,"Region Syddanmark"
"Horsebæk, 5450 Otterup",Horsebæk,5450,0480,Nordfyns,1083,"Region Syddanmark"
"Skeby, 5450 Otterup",Skeby,5450,0480,Nordfyns,1083,"Region Syddanmark"
"Øster Terp, 6240 Løgumkloster","Øster Terp",6240,0550,Tønder,1083,"Region Syddanmark"
"Rangstrup, 6534 Agerskov",Rangstrup,6534,0510,Haderslev,1083,"Region Syddanmark"
"Bovlund, 6534 Agerskov",Bovlund,6534,0510,Haderslev,1083,"Region Syddanmark"
"Bovlund, 6535 Branderup J",Bovlund,6535,0550,Tønder,1083,"Region Syddanmark"
"Sværup, 5462 Morud",Sværup,5462,0480,Nordfyns,1083,"Region Syddanmark"
"Nr Nærå Mark, 5450 Otterup","Nr Nærå Mark",5450,0480,Nordfyns,1083,"Region Syddanmark"
"Sølsted, 6270 Tønder",Sølsted,6270,0550,Tønder,1083,"Region Syddanmark"
"Jejsingmark, 6270 Tønder",Jejsingmark,6270,0550,Tønder,1083,"Region Syddanmark"
"Bogense Mark, 5400 Bogense","Bogense Mark",5400,0480,Nordfyns,1083,"Region Syddanmark"
"Fogense, 5400 Bogense",Fogense,5400,0480,Nordfyns,1083,"Region Syddanmark"
"Øster Højst, 6240 Løgumkloster","Øster Højst",6240,0550,Tønder,1083,"Region Syddanmark"
"Padesø, 5474 Veflinge",Padesø,5474,0480,Nordfyns,1083,"Region Syddanmark"
"Padesø, 5560 Aarup",Padesø,5560,0410,Middelfart,1083,"Region Syddanmark"
"Profitten, 5400 Bogense",Profitten,5400,0480,Nordfyns,1083,"Region Syddanmark"
"Klinborg, 6270 Tønder",Klinborg,6270,0550,Tønder,1083,"Region Syddanmark"
"Åbøl, 6520 Toftlund",Åbøl,6520,0510,Haderslev,1083,"Region Syddanmark"
"Åbøl, 6541 Bevtoft",Åbøl,6541,0510,Haderslev,1083,"Region Syddanmark"
"Gildam, 6240 Løgumkloster",Gildam,6240,0550,Tønder,1083,"Region Syddanmark"
"Draved, 6240 Løgumkloster",Draved,6240,0550,Tønder,1083,"Region Syddanmark"
"Birkelund, 6541 Bevtoft",Birkelund,6541,0510,Haderslev,1083,"Region Syddanmark"
"Grønløkke, 5400 Bogense",Grønløkke,5400,0480,Nordfyns,1083,"Region Syddanmark"
"Bogense, 5400 Bogense",Bogense,5400,0480,Nordfyns,1083,"Region Syddanmark"
"Hasselø, 5450 Otterup",Hasselø,5450,0480,Nordfyns,1083,"Region Syddanmark"
"Lillehus, 6240 Løgumkloster",Lillehus,6240,0550,Tønder,1083,"Region Syddanmark"
"Vråskov, 6780 Skærbæk",Vråskov,6780,0550,Tønder,1083,"Region Syddanmark"
"Lakolk, 6792 Rømø",Lakolk,6792,0550,Tønder,1083,"Region Syddanmark"
"Pugholm, 5450 Otterup",Pugholm,5450,0480,Nordfyns,1083,"Region Syddanmark"
"Hestehaven, 5400 Bogense",Hestehaven,5400,0480,Nordfyns,1083,"Region Syddanmark"
"Hasmark Mark, 5450 Otterup","Hasmark Mark",5450,0480,Nordfyns,1083,"Region Syddanmark"
"Bårse, 4720 Præstø",Bårse,4720,0390,Vordingborg,1085,"Region Sjælland"
"Bårse, 4750 Lundby",Bårse,4750,0370,Næstved,1085,"Region Sjælland"
"Toftlund, 6520 Toftlund",Toftlund,6520,0510,Haderslev,1083,"Region Syddanmark"
"Lydersholm, 6270 Tønder",Lydersholm,6270,0550,Tønder,1083,"Region Syddanmark"
"Brandholt, 5400 Bogense",Brandholt,5400,0480,Nordfyns,1083,"Region Syddanmark"
"Nørre Abild, 6270 Tønder","Nørre Abild",6270,0550,Tønder,1083,"Region Syddanmark"
"Lundsgård, 6240 Løgumkloster",Lundsgård,6240,0550,Tønder,1083,"Region Syddanmark"
"Hugget, 5400 Bogense",Hugget,5400,0480,Nordfyns,1083,"Region Syddanmark"
"Reveldrup, 5400 Bogense",Reveldrup,5400,0480,Nordfyns,1083,"Region Syddanmark"
"Lillebrohuse, 5450 Otterup",Lillebrohuse,5450,0480,Nordfyns,1083,"Region Syddanmark"
"Alslevkro, 6240 Løgumkloster",Alslevkro,6240,0550,Tønder,1083,"Region Syddanmark"
"Brøns, 6780 Skærbæk",Brøns,6780,0550,Tønder,1083,"Region Syddanmark"
"Astrup, 6780 Skærbæk",Astrup,6780,0550,Tønder,1083,"Region Syddanmark"
"N Esterbølle, 5400 Bogense","N Esterbølle",5400,0480,Nordfyns,1083,"Region Syddanmark"
"Hårslev Mark, 5471 Søndersø","Hårslev Mark",5471,0480,Nordfyns,1083,"Region Syddanmark"
"Eghoved, 5450 Otterup",Eghoved,5450,0480,Nordfyns,1083,"Region Syddanmark"
"Mejlskov, 5400 Bogense",Mejlskov,5400,0480,Nordfyns,1083,"Region Syddanmark"
"Moderup, 5471 Søndersø",Moderup,5471,0480,Nordfyns,1083,"Region Syddanmark"
"Kirkeby, 6792 Rømø",Kirkeby,6792,0550,Tønder,1083,"Region Syddanmark"
"Hønning, 6520 Toftlund",Hønning,6520,0510,Haderslev,1083,"Region Syddanmark"
"Hønning, 6780 Skærbæk",Hønning,6780,0550,Tønder,1083,"Region Syddanmark"
"Ullerup, 6780 Skærbæk",Ullerup,6780,0550,Tønder,1083,"Region Syddanmark"
"Uggerslev, 5450 Otterup",Uggerslev,5450,0480,Nordfyns,1083,"Region Syddanmark"
"Østrup, 5450 Otterup",Østrup,5450,0480,Nordfyns,1083,"Region Syddanmark"
"Nørre Busholm, 6240 Løgumkloster","Nørre Busholm",6240,0550,Tønder,1083,"Region Syddanmark"
"Øbjerg, 6520 Toftlund",Øbjerg,6520,0510,Haderslev,1083,"Region Syddanmark"
"Hølleskov, 6520 Toftlund",Hølleskov,6520,0510,Haderslev,1083,"Region Syddanmark"
"Nørreby, 5400 Bogense",Nørreby,5400,0480,Nordfyns,1083,"Region Syddanmark"
"Labølle, 5471 Søndersø",Labølle,5471,0480,Nordfyns,1083,"Region Syddanmark"
"Nørrehede, 6240 Løgumkloster",Nørrehede,6240,0550,Tønder,1083,"Region Syddanmark"
"Hårslev, 5471 Søndersø",Hårslev,5471,0480,Nordfyns,1083,"Region Syddanmark"
"Harritslev Mark, 5400 Bogense","Harritslev Mark",5400,0480,Nordfyns,1083,"Region Syddanmark"
"Bregnebjerg, 5400 Bogense",Bregnebjerg,5400,0480,Nordfyns,1083,"Region Syddanmark"
"Møldam, 6780 Skærbæk",Møldam,6780,0550,Tønder,1083,"Region Syddanmark"
"Serup, 5471 Søndersø",Serup,5471,0480,Nordfyns,1083,"Region Syddanmark"
"Brødslev, 9480 Løkken",Brødslev,9480,0810,Brønderslev,1081,"Region Nordjylland"
"Halvrimmen, 9460 Brovst",Halvrimmen,9460,0849,Jammerbugt,1081,"Region Nordjylland"
"Holme, 8400 Ebeltoft",Holme,8400,0706,Syddjurs,1082,"Region Midtjylland"
"Svinballe, 8350 Hundslund",Svinballe,8350,0727,Odder,1082,"Region Midtjylland"
"Hølken, 8300 Odder",Hølken,8300,0727,Odder,1082,"Region Midtjylland"
"Gøttrup, 9690 Fjerritslev",Gøttrup,9690,0849,Jammerbugt,1081,"Region Nordjylland"
"Rugård, 8400 Ebeltoft",Rugård,8400,0706,Syddjurs,1082,"Region Midtjylland"
"Klim Bjerg, 9690 Fjerritslev","Klim Bjerg",9690,0849,Jammerbugt,1081,"Region Nordjylland"
"Torslev, 9460 Brovst",Torslev,9460,0849,Jammerbugt,1081,"Region Nordjylland"
"Rodstenseje, 8300 Odder",Rodstenseje,8300,0727,Odder,1082,"Region Midtjylland"
"Ågård Skov, 9690 Fjerritslev","Ågård Skov",9690,0849,Jammerbugt,1081,"Region Nordjylland"
"Vust, 9690 Fjerritslev",Vust,9690,0849,Jammerbugt,1081,"Region Nordjylland"
"Arentsminde, 9460 Brovst",Arentsminde,9460,0849,Jammerbugt,1081,"Region Nordjylland"
"Lime Mark, 8544 Mørke","Lime Mark",8544,0706,Syddjurs,1082,"Region Midtjylland"
"Havhusene, 8410 Rønde",Havhusene,8410,0706,Syddjurs,1082,"Region Midtjylland"
"Havhusene, 8543 Hornslet",Havhusene,8543,0706,Syddjurs,1082,"Region Midtjylland"
"Thorup Kær, 9690 Fjerritslev","Thorup Kær",9690,0849,Jammerbugt,1081,"Region Nordjylland"
"Pirupshvarre, 9492 Blokhus",Pirupshvarre,9492,0849,Jammerbugt,1081,"Region Nordjylland"
"Villendrup, 8543 Hornslet",Villendrup,8543,0706,Syddjurs,1082,"Region Midtjylland"
"Syvveje, 8544 Mørke",Syvveje,8544,0706,Syddjurs,1082,"Region Midtjylland"
"Alrø, 8300 Odder",Alrø,8300,0727,Odder,1082,"Region Midtjylland"
"Vilsbæk, 9460 Brovst",Vilsbæk,9460,0849,Jammerbugt,1081,"Region Nordjylland"
"Langbak, 9700 Brønderslev",Langbak,9700,0810,Brønderslev,1081,"Region Nordjylland"
"Falkærgårde, 8544 Mørke",Falkærgårde,8544,0706,Syddjurs,1082,"Region Midtjylland"
"Stubbe, 8400 Ebeltoft",Stubbe,8400,0706,Syddjurs,1082,"Region Midtjylland"
"Kjeldgaard, 9690 Fjerritslev",Kjeldgaard,9690,0849,Jammerbugt,1081,"Region Nordjylland"
"Fruemose, 9690 Fjerritslev",Fruemose,9690,0849,Jammerbugt,1081,"Region Nordjylland"
"Skrejrup, 8410 Rønde",Skrejrup,8410,0706,Syddjurs,1082,"Region Midtjylland"
"Følle Strand, 8410 Rønde","Følle Strand",8410,0706,Syddjurs,1082,"Region Midtjylland"
"Viderup, 8420 Knebel",Viderup,8420,0706,Syddjurs,1082,"Region Midtjylland"
"Attrup, 8444 Balle",Attrup,8444,0706,Syddjurs,1082,"Region Midtjylland"
"Drammelstrup, 8400 Ebeltoft",Drammelstrup,8400,0706,Syddjurs,1082,"Region Midtjylland"
"Mogenstrup, 8581 Nimtofte",Mogenstrup,8581,0706,Syddjurs,1082,"Region Midtjylland"
"Sigurdsholm, 9690 Fjerritslev",Sigurdsholm,9690,0849,Jammerbugt,1081,"Region Nordjylland"
"Bjødstrup, 8420 Knebel",Bjødstrup,8420,0706,Syddjurs,1082,"Region Midtjylland"
"Fejrup, 8420 Knebel",Fejrup,8420,0706,Syddjurs,1082,"Region Midtjylland"
"Balle, 8300 Odder",Balle,8300,0727,Odder,1082,"Region Midtjylland"
"Kelstrup, 8560 Kolind",Kelstrup,8560,0706,Syddjurs,1082,"Region Midtjylland"
"Attrup, 8550 Ryomgård",Attrup,8550,0706,Syddjurs,1082,"Region Midtjylland"
"Kolind Mark, 8560 Kolind","Kolind Mark",8560,0706,Syddjurs,1082,"Region Midtjylland"
"Blangstrup, 5610 Assens",Blangstrup,5610,0410,Middelfart,1083,"Region Syddanmark"
"Hækkebølle, 5560 Aarup",Hækkebølle,5560,0410,Middelfart,1083,"Region Syddanmark"
"Permelille, 8305 Samsø",Permelille,8305,0741,Samsø,1082,"Region Midtjylland"
"Sdr. Fjand, 6990 Ulfborg","Sdr. Fjand",6990,0657,Herning,1082,"Region Midtjylland"
"Klokholm, 5560 Aarup",Klokholm,5560,0410,Middelfart,1083,"Region Syddanmark"
"Haardmark, 8305 Samsø",Haardmark,8305,0741,Samsø,1082,"Region Midtjylland"
"Sydmarken, 5690 Tommerup",Sydmarken,5690,0420,Assens,1083,"Region Syddanmark"
"Mogenstrup, 7800 Skive",Mogenstrup,7800,0661,Holstebro,1082,"Region Midtjylland"
"Skarresø Mrk, 8410 Rønde","Skarresø Mrk",8410,0706,Syddjurs,1082,"Region Midtjylland"
"Skarresø Mrk, 8550 Ryomgård","Skarresø Mrk",8550,0706,Syddjurs,1082,"Region Midtjylland"
"Skærsø, 8400 Ebeltoft",Skærsø,8400,0706,Syddjurs,1082,"Region Midtjylland"
"Ryomskov, 8550 Ryomgård",Ryomskov,8550,0706,Syddjurs,1082,"Region Midtjylland"
"Ejsingholm, 7830 Vinderup",Ejsingholm,7830,0657,Herning,1082,"Region Midtjylland"
"Karstoft, 7800 Skive",Karstoft,7800,0661,Holstebro,1082,"Region Midtjylland"
"Fuglslev, 8400 Ebeltoft",Fuglslev,8400,0706,Syddjurs,1082,"Region Midtjylland"
"Lauhede, 7830 Vinderup",Lauhede,7830,0657,Herning,1082,"Region Midtjylland"
"Sælvig, 8305 Samsø",Sælvig,8305,0741,Samsø,1082,"Region Midtjylland"
"Kielshøj, 5560 Aarup",Kielshøj,5560,0410,Middelfart,1083,"Region Syddanmark"
"Hasselholt, 7830 Vinderup",Hasselholt,7830,0657,Herning,1082,"Region Midtjylland"
"Sølille, 8410 Rønde",Sølille,8410,0706,Syddjurs,1082,"Region Midtjylland"
"Sølille, 8560 Kolind",Sølille,8560,0706,Syddjurs,1082,"Region Midtjylland"
"Koustrup, 8560 Kolind",Koustrup,8560,0706,Syddjurs,1082,"Region Midtjylland"
"Elbrønd, 7830 Vinderup",Elbrønd,7830,0657,Herning,1082,"Region Midtjylland"
"Kejlstrup, 8410 Rønde",Kejlstrup,8410,0706,Syddjurs,1082,"Region Midtjylland"
"Svenstrup, 7830 Vinderup",Svenstrup,7830,0657,Herning,1082,"Region Midtjylland"
"Herrup, 7830 Vinderup",Herrup,7830,0657,Herning,1082,"Region Midtjylland"
"Mygind, 5610 Assens",Mygind,5610,0410,Middelfart,1083,"Region Syddanmark"
"Højbjerg, 7830 Vinderup",Højbjerg,7830,0657,Herning,1082,"Region Midtjylland"
"Ål, 7830 Vinderup",Ål,7830,0657,Herning,1082,"Region Midtjylland"
"Tønning, 7830 Vinderup",Tønning,7830,0657,Herning,1082,"Region Midtjylland"
"Svendshede, 7830 Vinderup",Svendshede,7830,0657,Herning,1082,"Region Midtjylland"
"Strøby, 8550 Ryomgård",Strøby,8550,0706,Syddjurs,1082,"Region Midtjylland"
"Torup, 5610 Assens",Torup,5610,0410,Middelfart,1083,"Region Syddanmark"
"Hvidtvedgård, 8410 Rønde",Hvidtvedgård,8410,0706,Syddjurs,1082,"Region Midtjylland"
"Gladsmølle, 8400 Ebeltoft",Gladsmølle,8400,0706,Syddjurs,1082,"Region Midtjylland"
"Bøjen, 8544 Mørke",Bøjen,8544,0706,Syddjurs,1082,"Region Midtjylland"
"Nårup, 5690 Tommerup",Nårup,5690,0420,Assens,1083,"Region Syddanmark"
"Sevel, 7830 Vinderup",Sevel,7830,0657,Herning,1082,"Region Midtjylland"
"Pejrup, 5560 Aarup",Pejrup,5560,0410,Middelfart,1083,"Region Syddanmark"
"Ørsbjerg, 5560 Aarup",Ørsbjerg,5560,0410,Middelfart,1083,"Region Syddanmark"
"Ejsing Mark, 7830 Vinderup","Ejsing Mark",7830,0657,Herning,1082,"Region Midtjylland"
"Assenbølle, 5492 Vissenbjerg",Assenbølle,5492,0420,Assens,1083,"Region Syddanmark"
"Aborg Mark, 5610 Assens","Aborg Mark",5610,0410,Middelfart,1083,"Region Syddanmark"
"Søgård, 7830 Vinderup",Søgård,7830,0657,Herning,1082,"Region Midtjylland"
"Østenfjeld, 8581 Nimtofte",Østenfjeld,8581,0706,Syddjurs,1082,"Region Midtjylland"
"Ballegård, 8560 Kolind",Ballegård,8560,0706,Syddjurs,1082,"Region Midtjylland"
"Frøbjerg, 5560 Aarup",Frøbjerg,5560,0410,Middelfart,1083,"Region Syddanmark"
"Frøbjerg, 5620 Glamsbjerg",Frøbjerg,5620,0420,Assens,1083,"Region Syddanmark"
"Kirkemarken, 5683 Haarby",Kirkemarken,5683,0420,Assens,1083,"Region Syddanmark"
"Mullerød, 5683 Haarby",Mullerød,5683,0420,Assens,1083,"Region Syddanmark"
"Stubberup, 5560 Aarup",Stubberup,5560,0410,Middelfart,1083,"Region Syddanmark"
"Stubberup, 5610 Assens",Stubberup,5610,0410,Middelfart,1083,"Region Syddanmark"
"Agernæs, 5631 Ebberup",Agernæs,5631,0420,Assens,1083,"Region Syddanmark"
"Østrup, 8543 Hornslet",Østrup,8543,0706,Syddjurs,1082,"Region Midtjylland"
"Smejrup Mark, 5610 Assens","Smejrup Mark",5610,0410,Middelfart,1083,"Region Syddanmark"
"Højeløkke, 5690 Tommerup",Højeløkke,5690,0420,Assens,1083,"Region Syddanmark"
"Damsbo Skov, 5642 Millinge","Damsbo Skov",5642,0420,Assens,1083,"Region Syddanmark"
"Damsbo Skov, 5683 Haarby","Damsbo Skov",5683,0420,Assens,1083,"Region Syddanmark"
"Kjellerup, 7830 Vinderup",Kjellerup,7830,0657,Herning,1082,"Region Midtjylland"
"Råst, 7830 Vinderup",Råst,7830,0657,Herning,1082,"Region Midtjylland"
"Saltø Skov, 4700 Næstved","Saltø Skov",4700,0370,Næstved,1085,"Region Sjælland"
"Follerup, 7000 Fredericia",Follerup,7000,0607,Fredericia,1083,"Region Syddanmark"
"Fladså, 4700 Næstved",Fladså,4700,0370,Næstved,1085,"Region Sjælland"
"Bastrup Mark, 6580 Vamdrup","Bastrup Mark",6580,0621,Kolding,1083,"Region Syddanmark"
"Egum, 7000 Fredericia",Egum,7000,0607,Fredericia,1083,"Region Syddanmark"
"Kyse, 4700 Næstved",Kyse,4700,0370,Næstved,1085,"Region Sjælland"
"Åside, 4733 Tappernøje",Åside,4733,0320,Faxe,1085,"Region Sjælland"
"Borup, 4700 Næstved",Borup,4700,0370,Næstved,1085,"Region Sjælland"
"Hafdrup, 6580 Vamdrup",Hafdrup,6580,0621,Kolding,1083,"Region Syddanmark"
"Lejrskov, 6064 Jordrup",Lejrskov,6064,0621,Kolding,1083,"Region Syddanmark"
"Lejrskov, 6640 Lunderskov",Lejrskov,6640,0621,Kolding,1083,"Region Syddanmark"
"Stubberup, 4700 Næstved",Stubberup,4700,0370,Næstved,1085,"Region Sjælland"
"Vinderup, 4171 Glumsø",Vinderup,4171,0370,Næstved,1085,"Region Sjælland"
"Langerhuse, 7673 Harboøre",Langerhuse,7673,0665,Lemvig,1082,"Region Midtjylland"
"Vrist, 7673 Harboøre",Vrist,7673,0665,Lemvig,1082,"Region Midtjylland"
"Ladby, 4700 Næstved",Ladby,4700,0370,Næstved,1085,"Region Sjælland"
"Rønland, 7673 Harboøre",Rønland,7673,0665,Lemvig,1082,"Region Midtjylland"
"Rønland, 7680 Thyborøn",Rønland,7680,0665,Lemvig,1082,"Region Midtjylland"
"Vindinge, 4000 Roskilde",Vindinge,4000,0169,Høje-Taastrup,1084,"Region Hovedstaden"
"Tornemark, 4262 Sandved",Tornemark,4262,0330,Slagelse,1085,"Region Sjælland"
"Rettestrup, 4700 Næstved",Rettestrup,4700,0370,Næstved,1085,"Region Sjælland"
"Hejlsminde, 6094 Hejls",Hejlsminde,6094,0510,Haderslev,1083,"Region Syddanmark"
"Langeskov, 5550 Langeskov",Langeskov,5550,0430,Faaborg-Midtfyn,1083,"Region Syddanmark"
"Bastrup, 6580 Vamdrup",Bastrup,6580,0621,Kolding,1083,"Region Syddanmark"
"Nagbøl, 6580 Vamdrup",Nagbøl,6580,0621,Kolding,1083,"Region Syddanmark"
"Nagbøl, 6640 Lunderskov",Nagbøl,6640,0621,Kolding,1083,"Region Syddanmark"
"Kokær, 6070 Christiansfeld",Kokær,6070,0510,Haderslev,1083,"Region Syddanmark"
"Slagslunde, 3660 Stenløse",Slagslunde,3660,0240,Egedal,1084,"Region Hovedstaden"
"Slagslunde, 3670 Veksø Sjælland",Slagslunde,3670,0240,Egedal,1084,"Region Hovedstaden"
"Favrvraa, 6070 Christiansfeld",Favrvraa,6070,0510,Haderslev,1083,"Region Syddanmark"
"Grønninghoved, 6093 Sjølund",Grønninghoved,6093,0621,Kolding,1083,"Region Syddanmark"
"Hf. Søndergården, 2791 Dragør","Hf. Søndergården",2791,0155,Dragør,1084,"Region Hovedstaden"
"Stoustrup, 7000 Fredericia",Stoustrup,7000,0607,Fredericia,1083,"Region Syddanmark"
"Studsdal, 7000 Fredericia",Studsdal,7000,0607,Fredericia,1083,"Region Syddanmark"
"Erritsø Mose, 7000 Fredericia","Erritsø Mose",7000,0607,Fredericia,1083,"Region Syddanmark"
"Buresø, 3550 Slangerup",Buresø,3550,0201,Allerød,1084,"Region Hovedstaden"
"Ledøje, 2765 Smørum",Ledøje,2765,0240,Egedal,1084,"Region Hovedstaden"
"Børup, 7000 Fredericia",Børup,7000,0607,Fredericia,1083,"Region Syddanmark"
"Rønnebæk, 4700 Næstved",Rønnebæk,4700,0370,Næstved,1085,"Region Sjælland"
"Sipperup, 4700 Næstved",Sipperup,4700,0370,Næstved,1085,"Region Sjælland"
"Røgeskov, 4250 Fuglebjerg",Røgeskov,4250,0330,Slagelse,1085,"Region Sjælland"
"Ødis, 6580 Vamdrup",Ødis,6580,0621,Kolding,1083,"Region Syddanmark"
"Tved, 5700 Svendborg",Tved,5700,0479,Svendborg,1083,"Region Syddanmark"
"Åbyskov, 5881 Skårup Fyn",Åbyskov,5881,0479,Svendborg,1083,"Region Syddanmark"
"Hf. Venners Lyst, 2100 København Ø","Hf. Venners Lyst",2100,0101,København,1084,"Region Hovedstaden"
"Sandersvig, 6100 Haderslev",Sandersvig,6100,0510,Haderslev,1083,"Region Syddanmark"
"Gudbjerg Skov, 5892 Gudbjerg Sydfyn","Gudbjerg Skov",5892,0479,Svendborg,1083,"Region Syddanmark"
"Hf. Strandhøj, 2300 København S","Hf. Strandhøj",2300,0101,København,1084,"Region Hovedstaden"
"Hf. Arbejderboligernes Kolonihaver, 2500 Valby","Hf. Arbejderboligernes Kolonihaver",2500,0101,København,1084,"Region Hovedstaden"
"Øsby, 6100 Haderslev",Øsby,6100,0510,Haderslev,1083,"Region Syddanmark"
"Sinkj Grønbj, 6971 Spjald","Sinkj Grønbj",6971,0760,Ringkøbing-Skjern,1082,"Region Midtjylland"
"Stauning, 6900 Skjern",Stauning,6900,0760,Ringkøbing-Skjern,1082,"Region Midtjylland"
"Vanting, 6971 Spjald",Vanting,6971,0760,Ringkøbing-Skjern,1082,"Region Midtjylland"
"Hf. 1924, 2500 Valby","Hf. 1924",2500,0101,København,1084,"Region Hovedstaden"
"Højmark, 6940 Lem St",Højmark,6940,0760,Ringkøbing-Skjern,1082,"Region Midtjylland"
"Højmark, 6950 Ringkøbing",Højmark,6950,0760,Ringkøbing-Skjern,1082,"Region Midtjylland"
"Lynæs, 3390 Hundested",Lynæs,3390,0260,Halsnæs,1084,"Region Hovedstaden"
"Neder Jerstal, 6500 Vojens","Neder Jerstal",6500,0510,Haderslev,1083,"Region Syddanmark"
"Neder Jerstal, 6541 Bevtoft","Neder Jerstal",6541,0510,Haderslev,1083,"Region Syddanmark"
"Raade, 6100 Haderslev",Raade,6100,0510,Haderslev,1083,"Region Syddanmark"
"Toft, 6971 Spjald",Toft,6971,0760,Ringkøbing-Skjern,1082,"Region Midtjylland"
"Trøstrup, 6920 Videbæk",Trøstrup,6920,0760,Ringkøbing-Skjern,1082,"Region Midtjylland"
"Strandhuse, 5762 Vester Skerninge",Strandhuse,5762,0430,Faaborg-Midtfyn,1083,"Region Syddanmark"
"Klejnbjerg, 6500 Vojens",Klejnbjerg,6500,0510,Haderslev,1083,"Region Syddanmark"
"Moltrup, 6100 Haderslev",Moltrup,6100,0510,Haderslev,1083,"Region Syddanmark"
"Tørning Mark, 6500 Vojens","Tørning Mark",6500,0510,Haderslev,1083,"Region Syddanmark"
"Højby Borris, 6900 Skjern","Højby Borris",6900,0760,Ringkøbing-Skjern,1082,"Region Midtjylland"
"Herborg, 6920 Videbæk",Herborg,6920,0760,Ringkøbing-Skjern,1082,"Region Midtjylland"
"Enderupskov, 6510 Gram",Enderupskov,6510,0510,Haderslev,1083,"Region Syddanmark"
"Hindballe, 6630 Rødding",Hindballe,6630,0510,Haderslev,1083,"Region Syddanmark"
"Rovstrup, 6070 Christiansfeld",Rovstrup,6070,0510,Haderslev,1083,"Region Syddanmark"
"Rovstrup, 6100 Haderslev",Rovstrup,6100,0510,Haderslev,1083,"Region Syddanmark"
"Bejstrup, 9690 Fjerritslev",Bejstrup,9690,0849,Jammerbugt,1081,"Region Nordjylland"
"Bjerning, 6100 Haderslev",Bjerning,6100,0510,Haderslev,1083,"Region Syddanmark"
"Lem, 6950 Ringkøbing",Lem,6950,0760,Ringkøbing-Skjern,1082,"Region Midtjylland"
"Gabøl, 6500 Vojens",Gabøl,6500,0510,Haderslev,1083,"Region Syddanmark"
"Solsøhede, 6920 Videbæk",Solsøhede,6920,0760,Ringkøbing-Skjern,1082,"Region Midtjylland"
"Maugstrup, 6500 Vojens",Maugstrup,6500,0510,Haderslev,1083,"Region Syddanmark"
"Styding, 6500 Vojens",Styding,6500,0510,Haderslev,1083,"Region Syddanmark"
"Aarøsund, 6100 Haderslev",Aarøsund,6100,0510,Haderslev,1083,"Region Syddanmark"
"Røjkum, 6971 Spjald",Røjkum,6971,0760,Ringkøbing-Skjern,1082,"Region Midtjylland"
"Klegod, 6950 Ringkøbing",Klegod,6950,0760,Ringkøbing-Skjern,1082,"Region Midtjylland"
"Grønhøj, 9480 Løkken",Grønhøj,9480,0810,Brønderslev,1081,"Region Nordjylland"
"Bork Mærsk, 6830 Nørre Nebel","Bork Mærsk",6830,0573,Varde,1083,"Region Syddanmark"
"Hf. Bellevue, 2700 Brønshøj","Hf. Bellevue",2700,0101,København,1084,"Region Hovedstaden"
"Blankenhof, 6541 Bevtoft",Blankenhof,6541,0510,Haderslev,1083,"Region Syddanmark"
"Vasegård, 6971 Spjald",Vasegård,6971,0760,Ringkøbing-Skjern,1082,"Region Midtjylland"
"Bredeshave, 4733 Tappernøje",Bredeshave,4733,0320,Faxe,1085,"Region Sjælland"
"Vejlø, 4700 Næstved",Vejlø,4700,0370,Næstved,1085,"Region Sjælland"
"Torup, 4700 Næstved",Torup,4700,0370,Næstved,1085,"Region Sjælland"
"Torup, 4750 Lundby",Torup,4750,0370,Næstved,1085,"Region Sjælland"
"Ting Jellinge, 4250 Fuglebjerg","Ting Jellinge",4250,0330,Slagelse,1085,"Region Sjælland"
"Ting Jellinge, 4261 Dalmose","Ting Jellinge",4261,0330,Slagelse,1085,"Region Sjælland"
"Aversi, 4100 Ringsted",Aversi,4100,0259,Køge,1085,"Region Sjælland"
"Aversi, 4690 Haslev",Aversi,4690,0320,Faxe,1085,"Region Sjælland"
"Ring, 4750 Lundby",Ring,4750,0370,Næstved,1085,"Region Sjælland"
"Rislev, 4160 Herlufmagle",Rislev,4160,0320,Faxe,1085,"Region Sjælland"
"Rislev, 4700 Næstved",Rislev,4700,0370,Næstved,1085,"Region Sjælland"
"Kalbyrisskov, 4700 Næstved",Kalbyrisskov,4700,0370,Næstved,1085,"Region Sjælland"
"Gelsted, 4160 Herlufmagle",Gelsted,4160,0320,Faxe,1085,"Region Sjælland"
"Over Even, 4733 Tappernøje","Over Even",4733,0320,Faxe,1085,"Region Sjælland"
"Saltø, 4700 Næstved",Saltø,4700,0370,Næstved,1085,"Region Sjælland"
"Saltø, 4736 Karrebæksminde",Saltø,4736,0370,Næstved,1085,"Region Sjælland"
"Flemstofte, 4250 Fuglebjerg",Flemstofte,4250,0330,Slagelse,1085,"Region Sjælland"
"Bavelse, 4171 Glumsø",Bavelse,4171,0370,Næstved,1085,"Region Sjælland"
"Engelstofte, 4171 Glumsø",Engelstofte,4171,0370,Næstved,1085,"Region Sjælland"
"Kongshøj Gamle Mølle, 5871 Frørup","Kongshøj Gamle Mølle",5871,0450,Nyborg,1083,"Region Syddanmark"
"Holsmose, 5800 Nyborg",Holsmose,5800,0450,Nyborg,1083,"Region Syddanmark"
"Villumstrup, 5853 Ørbæk",Villumstrup,5853,0430,Faaborg-Midtfyn,1083,"Region Syddanmark"
"Nordenhuse, 5800 Nyborg",Nordenhuse,5800,0450,Nyborg,1083,"Region Syddanmark"
"Kaliffenlund, 5540 Ullerslev",Kaliffenlund,5540,0440,Kerteminde,1083,"Region Syddanmark"
"Bynkel, 5800 Nyborg",Bynkel,5800,0450,Nyborg,1083,"Region Syddanmark"
"Kullerup, 5853 Ørbæk",Kullerup,5853,0430,Faaborg-Midtfyn,1083,"Region Syddanmark"
"Ny Skovbøl, 6200 Aabenraa","Ny Skovbøl",6200,0580,Aabenraa,1083,"Region Syddanmark"
"Regstrup, 5800 Nyborg",Regstrup,5800,0450,Nyborg,1083,"Region Syddanmark"
"Ravnholt, 5853 Ørbæk",Ravnholt,5853,0430,Faaborg-Midtfyn,1083,"Region Syddanmark"
"Årslev, 6230 Rødekro",Årslev,6230,0580,Aabenraa,1083,"Region Syddanmark"
"Lunderup Mark, 6230 Rødekro","Lunderup Mark",6230,0580,Aabenraa,1083,"Region Syddanmark"
"Hovsl. Skov, 6230 Rødekro","Hovsl. Skov",6230,0580,Aabenraa,1083,"Region Syddanmark"
"Nørreholm, 6360 Tinglev",Nørreholm,6360,0580,Aabenraa,1083,"Region Syddanmark"
"Perbøl, 6392 Bolderslev",Perbøl,6392,0580,Aabenraa,1083,"Region Syddanmark"
"Hydevad, 6230 Rødekro",Hydevad,6230,0580,Aabenraa,1083,"Region Syddanmark"
"Fårhus, 6330 Padborg",Fårhus,6330,0580,Aabenraa,1083,"Region Syddanmark"
"Tågholm, 6230 Rødekro",Tågholm,6230,0580,Aabenraa,1083,"Region Syddanmark"
"Lovtrup Mark, 6360 Tinglev","Lovtrup Mark",6360,0580,Aabenraa,1083,"Region Syddanmark"
"Lunderup, 6230 Rødekro",Lunderup,6230,0580,Aabenraa,1083,"Region Syddanmark"
"Vennelyst, 6200 Aabenraa",Vennelyst,6200,0580,Aabenraa,1083,"Region Syddanmark"
"Kelstrupskov, 6340 Kruså",Kelstrupskov,6340,0580,Aabenraa,1083,"Region Syddanmark"
"Stubbæk Mark, 6200 Aabenraa","Stubbæk Mark",6200,0580,Aabenraa,1083,"Region Syddanmark"
"Nørby, 6200 Aabenraa",Nørby,6200,0580,Aabenraa,1083,"Region Syddanmark"
"Stentoft, 6200 Aabenraa",Stentoft,6200,0580,Aabenraa,1083,"Region Syddanmark"
"Rise, 6230 Rødekro",Rise,6230,0580,Aabenraa,1083,"Region Syddanmark"
"Skovbøl, 6200 Aabenraa",Skovbøl,6200,0580,Aabenraa,1083,"Region Syddanmark"
"Hovslund St, 6230 Rødekro","Hovslund St",6230,0580,Aabenraa,1083,"Region Syddanmark"
"Horsbyg, 6230 Rødekro",Horsbyg,6230,0580,Aabenraa,1083,"Region Syddanmark"
"Keldbjerg, 6340 Kruså",Keldbjerg,6340,0580,Aabenraa,1083,"Region Syddanmark"
"Sofiedal, 6330 Padborg",Sofiedal,6330,0580,Aabenraa,1083,"Region Syddanmark"
"Sofiedal, 6360 Tinglev",Sofiedal,6360,0580,Aabenraa,1083,"Region Syddanmark"
"Grøngrøft, 6200 Aabenraa",Grøngrøft,6200,0580,Aabenraa,1083,"Region Syddanmark"
"Jyndevad Mk, 6360 Tinglev","Jyndevad Mk",6360,0580,Aabenraa,1083,"Region Syddanmark"
"Gram, 8660 Skanderborg",Gram,8660,0615,Horsens,1082,"Region Midtjylland"
"Burkal, 6372 Bylderup-Bov",Burkal,6372,0580,Aabenraa,1083,"Region Syddanmark"
"Tråsbøl, 6200 Aabenraa",Tråsbøl,6200,0580,Aabenraa,1083,"Region Syddanmark"
"Skanderborg By, 8660 Skanderborg","Skanderborg By",8660,0615,Horsens,1082,"Region Midtjylland"
"Skårup, 8660 Skanderborg",Skårup,8660,0615,Horsens,1082,"Region Midtjylland"
"Hf Ryhaven, 8660 Skanderborg","Hf Ryhaven",8660,0615,Horsens,1082,"Region Midtjylland"
"Fregerslev, 8362 Hørning",Fregerslev,8362,0746,Skanderborg,1082,"Region Midtjylland"
"Skjørring, 8464 Galten",Skjørring,8464,0746,Skanderborg,1082,"Region Midtjylland"
"Skjørring, 8472 Sporup",Skjørring,8472,0710,Favrskov,1082,"Region Midtjylland"
"Virring, 8660 Skanderborg",Virring,8660,0615,Horsens,1082,"Region Midtjylland"
"Bjertrup, 8362 Hørning",Bjertrup,8362,0746,Skanderborg,1082,"Region Midtjylland"
"Nørre Vissing, 8660 Skanderborg","Nørre Vissing",8660,0615,Horsens,1082,"Region Midtjylland"
"Forlev, 8660 Skanderborg",Forlev,8660,0615,Horsens,1082,"Region Midtjylland"
"Svejstrup, 8660 Skanderborg",Svejstrup,8660,0615,Horsens,1082,"Region Midtjylland"
"Svejstrup, 8680 Ry",Svejstrup,8680,0615,Horsens,1082,"Region Midtjylland"
"Dørup, 8362 Hørning",Dørup,8362,0746,Skanderborg,1082,"Region Midtjylland"
"Almtoft, 8620 Kjellerup",Almtoft,8620,0740,Silkeborg,1082,"Region Midtjylland"
"Stenbrogård, 8653 Them",Stenbrogård,8653,0740,Silkeborg,1082,"Region Midtjylland"
"Hindbjerg, 8620 Kjellerup",Hindbjerg,8620,0740,Silkeborg,1082,"Region Midtjylland"
"Rotterdam, 8620 Kjellerup",Rotterdam,8620,0740,Silkeborg,1082,"Region Midtjylland"
"Sorring, 8641 Sorring",Sorring,8641,0710,Favrskov,1082,"Region Midtjylland"
"Vinderslev, 8620 Kjellerup",Vinderslev,8620,0740,Silkeborg,1082,"Region Midtjylland"
"Glarbo, 8653 Them",Glarbo,8653,0740,Silkeborg,1082,"Region Midtjylland"
"Glarbo, 8680 Ry",Glarbo,8680,0615,Horsens,1082,"Region Midtjylland"
"Asklev, 8653 Them",Asklev,8653,0740,Silkeborg,1082,"Region Midtjylland"
"Skovhus, 8620 Kjellerup",Skovhus,8620,0740,Silkeborg,1082,"Region Midtjylland"
"Illerhuse, 8643 Ans By",Illerhuse,8643,0740,Silkeborg,1082,"Region Midtjylland"
"Frausing, 8620 Kjellerup",Frausing,8620,0740,Silkeborg,1082,"Region Midtjylland"
"Frausing, 8632 Lemming",Frausing,8632,0740,Silkeborg,1082,"Region Midtjylland"
"Frausing, 8643 Ans By",Frausing,8643,0740,Silkeborg,1082,"Region Midtjylland"
"Truust, 8643 Ans By",Truust,8643,0740,Silkeborg,1082,"Region Midtjylland"
"Truust, 8882 Fårvang",Truust,8882,0710,Favrskov,1082,"Region Midtjylland"
"Naderup, 8643 Ans By",Naderup,8643,0740,Silkeborg,1082,"Region Midtjylland"
"Ø Vandet, 8840 Rødkærsbro","Ø Vandet",8840,0740,Silkeborg,1082,"Region Midtjylland"
"Træholt, 8840 Rødkærsbro",Træholt,8840,0740,Silkeborg,1082,"Region Midtjylland"
"Endrup, 3480 Fredensborg",Endrup,3480,0210,Fredensborg,1084,"Region Hovedstaden"
"Fredtofte, 2980 Kokkedal",Fredtofte,2980,0210,Fredensborg,1084,"Region Hovedstaden"
"Asminderød, 3480 Fredensborg",Asminderød,3480,0210,Fredensborg,1084,"Region Hovedstaden"
"Kokkedal, 2980 Kokkedal",Kokkedal,2980,0210,Fredensborg,1084,"Region Hovedstaden"
"Skorup, 8882 Fårvang",Skorup,8882,0710,Favrskov,1082,"Region Midtjylland"
"Vium, 8620 Kjellerup",Vium,8620,0740,Silkeborg,1082,"Region Midtjylland"
"Gelsted Mark, 5591 Gelsted","Gelsted Mark",5591,0410,Middelfart,1083,"Region Syddanmark"
"Ejby Krog, 5592 Ejby","Ejby Krog",5592,0410,Middelfart,1083,"Region Syddanmark"
"Røjle, 5500 Middelfart",Røjle,5500,0410,Middelfart,1083,"Region Syddanmark"
"Brenderup St, 5464 Brenderup Fyn","Brenderup St",5464,0410,Middelfart,1083,"Region Syddanmark"
"Gunderød, 2970 Hørsholm",Gunderød,2970,0201,Allerød,1084,"Region Hovedstaden"
"Voldby, 5500 Middelfart",Voldby,5500,0410,Middelfart,1083,"Region Syddanmark"
"Bro Mark, 5464 Brenderup Fyn","Bro Mark",5464,0410,Middelfart,1083,"Region Syddanmark"
"Berlin, 5463 Harndrup",Berlin,5463,0410,Middelfart,1083,"Region Syddanmark"
"Fluebjerg, 5592 Ejby",Fluebjerg,5592,0410,Middelfart,1083,"Region Syddanmark"
"Strib, 5500 Middelfart",Strib,5500,0410,Middelfart,1083,"Region Syddanmark"
"Staurby, 5500 Middelfart",Staurby,5500,0410,Middelfart,1083,"Region Syddanmark"
"Blanke, 5466 Asperup",Blanke,5466,0410,Middelfart,1083,"Region Syddanmark"
"Vejrup, 5464 Brenderup Fyn",Vejrup,5464,0410,Middelfart,1083,"Region Syddanmark"
"Røjle Tårup, 5500 Middelfart","Røjle Tårup",5500,0410,Middelfart,1083,"Region Syddanmark"
"Gl Brenderup, 5464 Brenderup Fyn","Gl Brenderup",5464,0410,Middelfart,1083,"Region Syddanmark"
"Kærbyholm, 5466 Asperup",Kærbyholm,5466,0410,Middelfart,1083,"Region Syddanmark"
"Kærbyholm, 5580 Nørre Aaby",Kærbyholm,5580,0410,Middelfart,1083,"Region Syddanmark"
"Smedsholm, 5592 Ejby",Smedsholm,5592,0410,Middelfart,1083,"Region Syddanmark"
"Gl. Eby, 5592 Ejby","Gl. Eby",5592,0410,Middelfart,1083,"Region Syddanmark"
"Viby, 5580 Nørre Aaby",Viby,5580,0410,Middelfart,1083,"Region Syddanmark"
"Røjleskov, 5500 Middelfart",Røjleskov,5500,0410,Middelfart,1083,"Region Syddanmark"
"Skovshøjrup, 5464 Brenderup Fyn",Skovshøjrup,5464,0410,Middelfart,1083,"Region Syddanmark"
"Aulby, 5500 Middelfart",Aulby,5500,0410,Middelfart,1083,"Region Syddanmark"
"Fyllested, 5464 Brenderup Fyn",Fyllested,5464,0410,Middelfart,1083,"Region Syddanmark"
"Baaring Skov, 5466 Asperup","Baaring Skov",5466,0410,Middelfart,1083,"Region Syddanmark"
"Svenstrup, 5500 Middelfart",Svenstrup,5500,0410,Middelfart,1083,"Region Syddanmark"
"Vejlbyskov, 5500 Middelfart",Vejlbyskov,5500,0410,Middelfart,1083,"Region Syddanmark"
"Bredning, 5592 Ejby",Bredning,5592,0410,Middelfart,1083,"Region Syddanmark"
"Fønsskov, 5580 Nørre Aaby",Fønsskov,5580,0410,Middelfart,1083,"Region Syddanmark"
"Håre, 5591 Gelsted",Håre,5591,0410,Middelfart,1083,"Region Syddanmark"
"Håre, 5592 Ejby",Håre,5592,0410,Middelfart,1083,"Region Syddanmark"
"Ronæsskov, 5580 Nørre Aaby",Ronæsskov,5580,0410,Middelfart,1083,"Region Syddanmark"
"Fjelsted, 5463 Harndrup",Fjelsted,5463,0410,Middelfart,1083,"Region Syddanmark"
"Fjelsted, 5592 Ejby",Fjelsted,5592,0410,Middelfart,1083,"Region Syddanmark"
"Uglev, 7790 Thyholm",Uglev,7790,0671,Struer,1082,"Region Midtjylland"
"Baaring Mark, 5466 Asperup","Baaring Mark",5466,0410,Middelfart,1083,"Region Syddanmark"
"Føns, 5580 Nørre Aaby",Føns,5580,0410,Middelfart,1083,"Region Syddanmark"
"True Mark, 8381 Tilst","True Mark",8381,0751,Aarhus,1082,"Region Midtjylland"
"Årslev, 8220 Brabrand",Årslev,8220,0751,Aarhus,1082,"Region Midtjylland"
"Glerup, 9631 Gedsted",Glerup,9631,0791,Viborg,1082,"Region Midtjylland"
"Brogård, 7330 Brande",Brogård,7330,0630,Vejle,1083,"Region Syddanmark"
"Hinnedrup, 8340 Malling",Hinnedrup,8340,0727,Odder,1082,"Region Midtjylland"
"Pederstrup, 8300 Odder",Pederstrup,8300,0727,Odder,1082,"Region Midtjylland"
"Pederstrup, 8340 Malling",Pederstrup,8340,0727,Odder,1082,"Region Midtjylland"
"Mjallerup, 9670 Løgstør",Mjallerup,9670,0820,Vesthimmerlands,1081,"Region Nordjylland"
"Sjørup, 9640 Farsø",Sjørup,9640,0820,Vesthimmerlands,1081,"Region Nordjylland"
"Tarp, 7330 Brande",Tarp,7330,0630,Vejle,1083,"Region Syddanmark"
"Kragsig, 7330 Brande",Kragsig,7330,0630,Vejle,1083,"Region Syddanmark"
"Leret, 8766 Nørre Snede",Leret,8766,0756,Ikast-Brande,1082,"Region Midtjylland"
"Thorlund, 7361 Ejstrupholm",Thorlund,7361,0630,Vejle,1083,"Region Syddanmark"
"Vannerup, 9640 Farsø",Vannerup,9640,0820,Vesthimmerlands,1081,"Region Nordjylland"
"Skovbakker, 9640 Farsø",Skovbakker,9640,0820,Vesthimmerlands,1081,"Region Nordjylland"
"Sandvad, 8766 Nørre Snede",Sandvad,8766,0756,Ikast-Brande,1082,"Region Midtjylland"
"Gludsted, 7361 Ejstrupholm",Gludsted,7361,0630,Vejle,1083,"Region Syddanmark"
"Gludsted, 7362 Hampen",Gludsted,7362,0740,Silkeborg,1082,"Region Midtjylland"
"Klotrup, 9620 Aalestrup",Klotrup,9620,0791,Viborg,1082,"Region Midtjylland"
"Klotrup, 9631 Gedsted",Klotrup,9631,0791,Viborg,1082,"Region Midtjylland"
"Ibsgård, 8766 Nørre Snede",Ibsgård,8766,0756,Ikast-Brande,1082,"Region Midtjylland"
"Østrup, 9600 Aars",Østrup,9600,0820,Vesthimmerlands,1081,"Region Nordjylland"
"Pårup, 7442 Engesvang",Pårup,7442,0740,Silkeborg,1082,"Region Midtjylland"
"Florits, 8765 Klovborg",Florits,8765,0615,Horsens,1082,"Region Midtjylland"
"Trige, 8520 Lystrup",Trige,8520,0751,Aarhus,1082,"Region Midtjylland"
"Gatten, 9600 Aars",Gatten,9600,0820,Vesthimmerlands,1081,"Region Nordjylland"
"Gatten, 9640 Farsø",Gatten,9640,0820,Vesthimmerlands,1081,"Region Nordjylland"
"Gatten, 9670 Løgstør",Gatten,9670,0820,Vesthimmerlands,1081,"Region Nordjylland"
"Eldal, 8210 Aarhus V",Eldal,8210,0751,Aarhus,1082,"Region Midtjylland"
"Brabr.Stien, 8260 Viby J",Brabr.Stien,8260,0751,Aarhus,1082,"Region Midtjylland"
"V Hornum, 9640 Farsø","V Hornum",9640,0820,Vesthimmerlands,1081,"Region Nordjylland"
"Fandrup, 9640 Farsø",Fandrup,9640,0820,Vesthimmerlands,1081,"Region Nordjylland"
"Hedegård, 7361 Ejstrupholm",Hedegård,7361,0630,Vejle,1083,"Region Syddanmark"
"True, 8220 Brabrand",True,8220,0751,Aarhus,1082,"Region Midtjylland"
"True, 8381 Tilst",True,8381,0751,Aarhus,1082,"Region Midtjylland"
"Gundestrup, 9600 Aars",Gundestrup,9600,0820,Vesthimmerlands,1081,"Region Nordjylland"
"Flejsborg, 9640 Farsø",Flejsborg,9640,0820,Vesthimmerlands,1081,"Region Nordjylland"
"Flejsborg, 9670 Løgstør",Flejsborg,9670,0820,Vesthimmerlands,1081,"Region Nordjylland"
"Vognsild, 9600 Aars",Vognsild,9600,0820,Vesthimmerlands,1081,"Region Nordjylland"
"Vemmedrup, 4632 Bjæverskov",Vemmedrup,4632,0259,Køge,1085,"Region Sjælland"
"Ravnholt, 8310 Tranbjerg J",Ravnholt,8310,0751,Aarhus,1082,"Region Midtjylland"
"Astrup, 9541 Suldrup",Astrup,9541,0820,Vesthimmerlands,1081,"Region Nordjylland"
"Astrup, 9600 Aars",Astrup,9600,0820,Vesthimmerlands,1081,"Region Nordjylland"
"Regnemark, 4140 Borup",Regnemark,4140,0259,Køge,1085,"Region Sjælland"
"Hastrup, 4600 Køge",Hastrup,4600,0259,Køge,1085,"Region Sjælland"
"Aggersund, 9670 Løgstør",Aggersund,9670,0820,Vesthimmerlands,1081,"Region Nordjylland"
"Filadelfia, 4293 Dianalund",Filadelfia,4293,0326,Kalundborg,1085,"Region Sjælland"
"Troelstrup, 9600 Aars",Troelstrup,9600,0820,Vesthimmerlands,1081,"Region Nordjylland"
"Døjringe, 4180 Sorø",Døjringe,4180,0329,Ringsted,1085,"Region Sjælland"
"Østermarken, 4180 Sorø",Østermarken,4180,0329,Ringsted,1085,"Region Sjælland"
"Lynge, 4180 Sorø",Lynge,4180,0329,Ringsted,1085,"Region Sjælland"
"Vollerslev, 4100 Ringsted",Vollerslev,4100,0259,Køge,1085,"Region Sjælland"
"Vollerslev, 4632 Bjæverskov",Vollerslev,4632,0259,Køge,1085,"Region Sjælland"
"Lammestrup, 4140 Borup",Lammestrup,4140,0259,Køge,1085,"Region Sjælland"
"Slemstrup, 9600 Aars",Slemstrup,9600,0820,Vesthimmerlands,1081,"Region Nordjylland"
"Katby, 9600 Aars",Katby,9600,0820,Vesthimmerlands,1081,"Region Nordjylland"
"Flinterup, 4180 Sorø",Flinterup,4180,0329,Ringsted,1085,"Region Sjælland"
"Osted, 4320 Lejre",Osted,4320,0259,Køge,1085,"Region Sjælland"
"Hedenst Skov, 8721 Daugård","Hedenst Skov",8721,0630,Vejle,1083,"Region Syddanmark"
"Hedenst Skov, 8722 Hedensted","Hedenst Skov",8722,0766,Hedensted,1082,"Region Midtjylland"
"Lindved, 7130 Juelsminde",Lindved,7130,0766,Hedensted,1082,"Region Midtjylland"
"Lindved, 8783 Hornsyld",Lindved,8783,0615,Horsens,1082,"Region Midtjylland"
"Grund, 7140 Stouby",Grund,7140,0766,Hedensted,1082,"Region Midtjylland"
"Linde, 7600 Struer",Linde,7600,0661,Holstebro,1082,"Region Midtjylland"
"Nøbbet, 4913 Horslunde",Nøbbet,4913,0360,Lolland,1085,"Region Sjælland"
"Hillestolpe, 4960 Holeby",Hillestolpe,4960,0360,Lolland,1085,"Region Sjælland"
"Ll Løjtofte, 4900 Nakskov","Ll Løjtofte",4900,0360,Lolland,1085,"Region Sjælland"
"St Løjtofte, 4900 Nakskov","St Løjtofte",4900,0360,Lolland,1085,"Region Sjælland"
"Hummingen, 4983 Dannemare",Hummingen,4983,0360,Lolland,1085,"Region Sjælland"
"Hvirring, 8762 Flemming",Hvirring,8762,0615,Horsens,1082,"Region Midtjylland"
"As Vig, 7130 Juelsminde","As Vig",7130,0766,Hedensted,1082,"Region Midtjylland"
"Møgelkær, 7130 Juelsminde",Møgelkær,7130,0766,Hedensted,1082,"Region Midtjylland"
"Søholt, 4894 Øster Ulslev",Søholt,4894,0360,Lolland,1085,"Region Sjælland"
"Søholt, 4930 Maribo",Søholt,4930,0360,Lolland,1085,"Region Sjælland"
"Hjarnø, 7130 Juelsminde",Hjarnø,7130,0766,Hedensted,1082,"Region Midtjylland"
"Venø, 7600 Struer",Venø,7600,0661,Holstebro,1082,"Region Midtjylland"
"Jegindø, 7790 Thyholm",Jegindø,7790,0671,Struer,1082,"Region Midtjylland"
"Utterslev, 4913 Horslunde",Utterslev,4913,0360,Lolland,1085,"Region Sjælland"
"Kalbæk, 7171 Uldum",Kalbæk,7171,0766,Hedensted,1082,"Region Midtjylland"
"Boestofte, 4660 Store Heddinge",Boestofte,4660,0336,Stevns,1085,"Region Sjælland"
"Boestofte, 4673 Rødvig Stevns",Boestofte,4673,0336,Stevns,1085,"Region Sjælland"
"Varpelev, 4652 Hårlev",Varpelev,4652,0320,Faxe,1085,"Region Sjælland"
"Hornsyld, 8783 Hornsyld",Hornsyld,8783,0615,Horsens,1082,"Region Midtjylland"
"Kirkholm, 7130 Juelsminde",Kirkholm,7130,0766,Hedensted,1082,"Region Midtjylland"
"Sønderby, 7130 Juelsminde",Sønderby,7130,0766,Hedensted,1082,"Region Midtjylland"
"Lille Heddinge, 4673 Rødvig Stevns","Lille Heddinge",4673,0336,Stevns,1085,"Region Sjælland"
"Stourup, 7130 Juelsminde",Stourup,7130,0766,Hedensted,1082,"Region Midtjylland"
"Lystrup, 4652 Hårlev",Lystrup,4652,0320,Faxe,1085,"Region Sjælland"
"Skørpinge, 4673 Rødvig Stevns",Skørpinge,4673,0336,Stevns,1085,"Region Sjælland"
"Nøbbølle, 4920 Søllested",Nøbbølle,4920,0360,Lolland,1085,"Region Sjælland"
"Skovbølle, 4900 Nakskov",Skovbølle,4900,0360,Lolland,1085,"Region Sjælland"
"Båstrup, 8722 Hedensted",Båstrup,8722,0766,Hedensted,1082,"Region Midtjylland"
"Gramtange, 7150 Barrit",Gramtange,7150,0766,Hedensted,1082,"Region Midtjylland"
"Hesselballe, 7171 Uldum",Hesselballe,7171,0766,Hedensted,1082,"Region Midtjylland"
"Lejerstofte, 4660 Store Heddinge",Lejerstofte,4660,0336,Stevns,1085,"Region Sjælland"
"Torp, 7790 Thyholm",Torp,7790,0671,Struer,1082,"Region Midtjylland"
"Smerup, 7790 Thyholm",Smerup,7790,0671,Struer,1082,"Region Midtjylland"
"Grubberholm, 4652 Hårlev",Grubberholm,4652,0320,Faxe,1085,"Region Sjælland"
"Valby, 4653 Karise",Valby,4653,0320,Faxe,1085,"Region Sjælland"
"Flaarup, 4960 Holeby",Flaarup,4960,0360,Lolland,1085,"Region Sjælland"
"Lund, 4660 Store Heddinge",Lund,4660,0336,Stevns,1085,"Region Sjælland"
"Lund, 4673 Rødvig Stevns",Lund,4673,0336,Stevns,1085,"Region Sjælland"
"Reerslev, 4291 Ruds Vedby",Reerslev,4291,0326,Kalundborg,1085,"Region Sjælland"
"Lille Lyngerup, 3630 Jægerspris","Lille Lyngerup",3630,0250,Frederikssund,1084,"Region Hovedstaden"
"Døstrup, 9500 Hobro",Døstrup,9500,0791,Viborg,1082,"Region Midtjylland"
"Vellerup, 4050 Skibby",Vellerup,4050,0250,Frederikssund,1084,"Region Hovedstaden"
"Gamstrup, 7870 Roslev",Gamstrup,7870,0779,Skive,1082,"Region Midtjylland"
"Nannerup, 7870 Roslev",Nannerup,7870,0779,Skive,1082,"Region Midtjylland"
"Sønderød, 4291 Ruds Vedby",Sønderød,4291,0326,Kalundborg,1085,"Region Sjælland"
"Sønderød, 4450 Jyderup",Sønderød,4450,0316,Holbæk,1085,"Region Sjælland"
"Krarup, 7800 Skive",Krarup,7800,0661,Holstebro,1082,"Region Midtjylland"
"Brodal, 7860 Spøttrup",Brodal,7860,0779,Skive,1082,"Region Midtjylland"
"Kragerupgård, 4291 Ruds Vedby",Kragerupgård,4291,0326,Kalundborg,1085,"Region Sjælland"
"Svarre, 7884 Fur",Svarre,7884,0779,Skive,1082,"Region Midtjylland"
"Ll. Thorum, 7870 Roslev","Ll. Thorum",7870,0779,Skive,1082,"Region Midtjylland"
"Bakkegården, 4400 Kalundborg",Bakkegården,4400,0326,Kalundborg,1085,"Region Sjælland"
"Hallenslev, 4270 Høng",Hallenslev,4270,0326,Kalundborg,1085,"Region Sjælland"
"Hallenslev, 4281 Gørlev",Hallenslev,4281,0326,Kalundborg,1085,"Region Sjælland"
"Ørslev, 4200 Slagelse",Ørslev,4200,0326,Kalundborg,1085,"Region Sjælland"
"Ørslev, 4291 Ruds Vedby",Ørslev,4291,0326,Kalundborg,1085,"Region Sjælland"
"Roslev, 7870 Roslev",Roslev,7870,0779,Skive,1082,"Region Midtjylland"
"Vinde, 7800 Skive",Vinde,7800,0661,Holstebro,1082,"Region Midtjylland"
"Vinkelplet, 7840 Højslev",Vinkelplet,7840,0779,Skive,1082,"Region Midtjylland"
"Løve Mark, 4270 Høng","Løve Mark",4270,0326,Kalundborg,1085,"Region Sjælland"
"V. Doense, 9500 Hobro","V. Doense",9500,0791,Viborg,1082,"Region Midtjylland"
"Rye Mark, 4281 Gørlev","Rye Mark",4281,0326,Kalundborg,1085,"Region Sjælland"
"Ll Fuglede, 4490 Jerslev Sjælland","Ll Fuglede",4490,0326,Kalundborg,1085,"Region Sjælland"
"Thorum, 7870 Roslev",Thorum,7870,0779,Skive,1082,"Region Midtjylland"
"Durup, 7870 Roslev",Durup,7870,0779,Skive,1082,"Region Midtjylland"
"Buerup, 4291 Ruds Vedby",Buerup,4291,0326,Kalundborg,1085,"Region Sjælland"
"Buerup, 4450 Jyderup",Buerup,4450,0316,Holbæk,1085,"Region Sjælland"
"Møgelthorum, 7870 Roslev",Møgelthorum,7870,0779,Skive,1082,"Region Midtjylland"
"Ouegård, 9560 Hadsund",Ouegård,9560,0840,Rebild,1081,"Region Nordjylland"
"Ubby, 4490 Jerslev Sjælland",Ubby,4490,0326,Kalundborg,1085,"Region Sjælland"
"Havnsø, 4591 Føllenslev",Havnsø,4591,0306,Odsherred,1085,"Region Sjælland"
"Jegstrup, 7800 Skive",Jegstrup,7800,0661,Holstebro,1082,"Region Midtjylland"
"Jegstrup, 7840 Højslev",Jegstrup,7840,0779,Skive,1082,"Region Midtjylland"
"Landerslev, 3630 Jægerspris",Landerslev,3630,0250,Frederikssund,1084,"Region Hovedstaden"
"Røkkendal, 9500 Hobro",Røkkendal,9500,0791,Viborg,1082,"Region Midtjylland"
"Tissø, 4291 Ruds Vedby",Tissø,4291,0326,Kalundborg,1085,"Region Sjælland"
"Tissø, 4490 Jerslev Sjælland",Tissø,4490,0326,Kalundborg,1085,"Region Sjælland"
"Sdr Hald, 7840 Højslev","Sdr Hald",7840,0779,Skive,1082,"Region Midtjylland"
"Jerslev, 4490 Jerslev Sjælland",Jerslev,4490,0326,Kalundborg,1085,"Region Sjælland"
"Hammeldr Gdr, 4200 Slagelse","Hammeldr Gdr",4200,0326,Kalundborg,1085,"Region Sjælland"
"Slangerup By, 3550 Slangerup","Slangerup By",3550,0201,Allerød,1084,"Region Hovedstaden"
"Balling, 7860 Spøttrup",Balling,7860,0779,Skive,1082,"Region Midtjylland"
"Oddense, 7860 Spøttrup",Oddense,7860,0779,Skive,1082,"Region Midtjylland"
"Hobro, 9500 Hobro",Hobro,9500,0791,Viborg,1082,"Region Midtjylland"
"Kirketerp, 9500 Hobro",Kirketerp,9500,0791,Viborg,1082,"Region Midtjylland"
"Andrup, 9500 Hobro",Andrup,9500,0791,Viborg,1082,"Region Midtjylland"
"Elkjær, 7190 Billund",Elkjær,7190,0530,Billund,1083,"Region Syddanmark"
"Elkjær, 7323 Give",Elkjær,7323,0630,Vejle,1083,"Region Syddanmark"
"Svindbæk, 7323 Give",Svindbæk,7323,0630,Vejle,1083,"Region Syddanmark"
"Nebbe Mark, 7080 Børkop","Nebbe Mark",7080,0630,Vejle,1083,"Region Syddanmark"
"Grejs Øst, 7100 Vejle","Grejs Øst",7100,0630,Vejle,1083,"Region Syddanmark"
"Høll, 7080 Børkop",Høll,7080,0630,Vejle,1083,"Region Syddanmark"
"Vrå, 9560 Hadsund",Vrå,9560,0840,Rebild,1081,"Region Nordjylland"
"Brandbjerg, 7300 Jelling",Brandbjerg,7300,0630,Vejle,1083,"Region Syddanmark"
"Filholm, 9700 Brønderslev",Filholm,9700,0810,Brønderslev,1081,"Region Nordjylland"
"Bolleskov, 9330 Dronninglund",Bolleskov,9330,0810,Brønderslev,1081,"Region Nordjylland"
"Bolleskov, 9340 Asaa",Bolleskov,9340,0810,Brønderslev,1081,"Region Nordjylland"
"Hvilshøj, 9700 Brønderslev",Hvilshøj,9700,0810,Brønderslev,1081,"Region Nordjylland"
"Falslev, 9550 Mariager",Falslev,9550,0730,Randers,1082,"Region Midtjylland"
"Varmkær, 6040 Egtved",Varmkær,6040,0621,Kolding,1083,"Region Syddanmark"
"Skærup Vmark, 7080 Børkop","Skærup Vmark",7080,0630,Vejle,1083,"Region Syddanmark"
"Frisdal, 9500 Hobro",Frisdal,9500,0791,Viborg,1082,"Region Midtjylland"
"Hem, 9550 Mariager",Hem,9550,0730,Randers,1082,"Region Midtjylland"
"V. Hornstrup, 7300 Jelling","V. Hornstrup",7300,0630,Vejle,1083,"Region Syddanmark"
"Skolding, 7323 Give",Skolding,7323,0630,Vejle,1083,"Region Syddanmark"
"L. Velling, 7000 Fredericia","L. Velling",7000,0607,Fredericia,1083,"Region Syddanmark"
"Starup, 6040 Egtved",Starup,6040,0621,Kolding,1083,"Region Syddanmark"
"Gårslev, 7080 Børkop",Gårslev,7080,0630,Vejle,1083,"Region Syddanmark"
"Risager, 7323 Give",Risager,7323,0630,Vejle,1083,"Region Syddanmark"
"Stenum, 9700 Brønderslev",Stenum,9700,0810,Brønderslev,1081,"Region Nordjylland"
"Thise Bakker, 9700 Brønderslev","Thise Bakker",9700,0810,Brønderslev,1081,"Region Nordjylland"
"Hvarre, 9500 Hobro",Hvarre,9500,0791,Viborg,1082,"Region Midtjylland"
"Hvarre, 9510 Arden",Hvarre,9510,0840,Rebild,1081,"Region Nordjylland"
"Valsgård, 9500 Hobro",Valsgård,9500,0791,Viborg,1082,"Region Midtjylland"
"Karlby, 9500 Hobro",Karlby,9500,0791,Viborg,1082,"Region Midtjylland"
"Ny Nørup, 7182 Bredsten","Ny Nørup",7182,0630,Vejle,1083,"Region Syddanmark"
"Sødover Mark, 7182 Bredsten","Sødover Mark",7182,0630,Vejle,1083,"Region Syddanmark"
"Kollerup, 7300 Jelling",Kollerup,7300,0630,Vejle,1083,"Region Syddanmark"
"Amlund, 7184 Vandel",Amlund,7184,0630,Vejle,1083,"Region Syddanmark"
"Amlund, 7321 Gadbjerg",Amlund,7321,0630,Vejle,1083,"Region Syddanmark"
"Arritskov, 8766 Nørre Snede",Arritskov,8766,0756,Ikast-Brande,1082,"Region Midtjylland"
"Bindesbøl, 7323 Give",Bindesbøl,7323,0630,Vejle,1083,"Region Syddanmark"
"Ulkind, 7323 Give",Ulkind,7323,0630,Vejle,1083,"Region Syddanmark"
"Rørholt, 9330 Dronninglund",Rørholt,9330,0810,Brønderslev,1081,"Region Nordjylland"
"Vognsvad, 7080 Børkop",Vognsvad,7080,0630,Vejle,1083,"Region Syddanmark"
"Brakker, 6040 Egtved",Brakker,6040,0621,Kolding,1083,"Region Syddanmark"
"Fousing, 7160 Tørring",Fousing,7160,0630,Vejle,1083,"Region Syddanmark"
"Fousing, 7300 Jelling",Fousing,7300,0630,Vejle,1083,"Region Syddanmark"
"Ærøskøbing, 5970 Ærøskøbing",Ærøskøbing,5970,0492,Ærø,1083,"Region Syddanmark"
"Trædballe, 7100 Vejle",Trædballe,7100,0630,Vejle,1083,"Region Syddanmark"
"Tørrild, 7300 Jelling",Tørrild,7300,0630,Vejle,1083,"Region Syddanmark"
"Kollemorten Mark, 7323 Give","Kollemorten Mark",7323,0630,Vejle,1083,"Region Syddanmark"
"Egsgård, 7200 Grindsted",Egsgård,7200,0530,Billund,1083,"Region Syddanmark"
"Egsgård, 7323 Give",Egsgård,7323,0630,Vejle,1083,"Region Syddanmark"
"Smidstrup, 7000 Fredericia",Smidstrup,7000,0607,Fredericia,1083,"Region Syddanmark"
"Ballerup, 2750 Ballerup",Ballerup,2750,0151,Ballerup,1084,"Region Hovedstaden"
"Ammitsbøl, 7100 Vejle",Ammitsbøl,7100,0630,Vejle,1083,"Region Syddanmark"
"Kulhede, 7323 Give",Kulhede,7323,0630,Vejle,1083,"Region Syddanmark"
"Riis, 7323 Give",Riis,7323,0630,Vejle,1083,"Region Syddanmark"
"Tved, 6670 Holsted",Tved,6670,0561,Esbjerg,1083,"Region Syddanmark"
"Vittrup, 6650 Brørup",Vittrup,6650,0575,Vejen,1083,"Region Syddanmark"
"Gl. Hagested, 4300 Holbæk","Gl. Hagested",4300,0316,Holbæk,1085,"Region Sjælland"
"Gl. Hagested, 4532 Gislinge","Gl. Hagested",4532,0316,Holbæk,1085,"Region Sjælland"
"Barmer, 9240 Nibe",Barmer,9240,0820,Vesthimmerlands,1081,"Region Nordjylland"
"Soderup, 4340 Tølløse",Soderup,4340,0316,Holbæk,1085,"Region Sjælland"
"Rodstrup, 9240 Nibe",Rodstrup,9240,0820,Vesthimmerlands,1081,"Region Nordjylland"
"Gammelby, 6600 Vejen",Gammelby,6600,0575,Vejen,1083,"Region Syddanmark"
"Agerup, 4360 Kirke Eskilstrup",Agerup,4360,0316,Holbæk,1085,"Region Sjælland"
"Gamløse, 4305 Orø",Gamløse,4305,0316,Holbæk,1085,"Region Sjælland"
"Thorsted, 6600 Vejen",Thorsted,6600,0575,Vejen,1083,"Region Syddanmark"
"Thorsted, 6622 Bække",Thorsted,6622,0575,Vejen,1083,"Region Syddanmark"
"Sdr Sig, 6800 Varde","Sdr Sig",6800,0573,Varde,1083,"Region Syddanmark"
"Hennebjerg, 6830 Nørre Nebel",Hennebjerg,6830,0573,Varde,1083,"Region Syddanmark"
"Torndal, 9370 Hals",Torndal,9370,0810,Brønderslev,1081,"Region Nordjylland"
"Mølgård, 9240 Nibe",Mølgård,9240,0820,Vesthimmerlands,1081,"Region Nordjylland"
"Øster Lindet, 6630 Rødding","Øster Lindet",6630,0510,Haderslev,1083,"Region Syddanmark"
"Gunderup, 6800 Varde",Gunderup,6800,0573,Varde,1083,"Region Syddanmark"
"Binderup, 9240 Nibe",Binderup,9240,0820,Vesthimmerlands,1081,"Region Nordjylland"
"Ilsø, 9240 Nibe",Ilsø,9240,0820,Vesthimmerlands,1081,"Region Nordjylland"
"Glibstrup, 6600 Vejen",Glibstrup,6600,0575,Vejen,1083,"Region Syddanmark"
"Mikkelborg, 6630 Rødding",Mikkelborg,6630,0510,Haderslev,1083,"Region Syddanmark"
"Bolhede, 6800 Varde",Bolhede,6800,0573,Varde,1083,"Region Syddanmark"
"Lunde, 6830 Nørre Nebel",Lunde,6830,0573,Varde,1083,"Region Syddanmark"
"Ebberup, 4330 Hvalsø",Ebberup,4330,0316,Holbæk,1085,"Region Sjælland"
"Skellingsted, 4440 Mørkøv",Skellingsted,4440,0316,Holbæk,1085,"Region Sjælland"
"Harrild, 9240 Nibe",Harrild,9240,0820,Vesthimmerlands,1081,"Region Nordjylland"
"Harrild, 9530 Støvring",Harrild,9530,0840,Rebild,1081,"Region Nordjylland"
"Djørup, 9240 Nibe",Djørup,9240,0820,Vesthimmerlands,1081,"Region Nordjylland"
"Gørklint, 6670 Holsted",Gørklint,6670,0561,Esbjerg,1083,"Region Syddanmark"
"Særmarken, 6670 Holsted",Særmarken,6670,0561,Esbjerg,1083,"Region Syddanmark"
"Bavnborg, 6600 Vejen",Bavnborg,6600,0575,Vejen,1083,"Region Syddanmark"
"Sandby, 4520 Svinninge",Sandby,4520,0316,Holbæk,1085,"Region Sjælland"
"Bennebo, 4440 Mørkøv",Bennebo,4440,0316,Holbæk,1085,"Region Sjælland"
"Vejsig, 6752 Glejbjerg",Vejsig,6752,0575,Vejen,1083,"Region Syddanmark"
"Hf. Fælledparken, 4300 Holbæk","Hf. Fælledparken",4300,0316,Holbæk,1085,"Region Sjælland"
"Skelbæk, 4460 Snertinge",Skelbæk,4460,0316,Holbæk,1085,"Region Sjælland"
"Holmager, 9240 Nibe",Holmager,9240,0820,Vesthimmerlands,1081,"Region Nordjylland"
"Komdrup, 9293 Kongerslev",Komdrup,9293,0840,Rebild,1081,"Region Nordjylland"
"Bisnap, 9370 Hals",Bisnap,9370,0810,Brønderslev,1081,"Region Nordjylland"
"Hegngårde, 4305 Orø",Hegngårde,4305,0316,Holbæk,1085,"Region Sjælland"
"Storvorde Østerenge, 9280 Storvorde","Storvorde Østerenge",9280,0851,Aalborg,1081,"Region Nordjylland"
"Tornum, 6630 Rødding",Tornum,6630,0510,Haderslev,1083,"Region Syddanmark"
"Tornum, 6660 Lintrup",Tornum,6660,0575,Vejen,1083,"Region Syddanmark"
"Solbjerg, 7950 Erslev",Solbjerg,7950,0773,Morsø,1081,"Region Nordjylland"
"Nørreballe, 5932 Humble",Nørreballe,5932,0482,Langeland,1083,"Region Syddanmark"
"Bammeskov, 5953 Tranekær",Bammeskov,5953,0482,Langeland,1083,"Region Syddanmark"
"Hald, 7840 Højslev",Hald,7840,0779,Skive,1082,"Region Midtjylland"
"Frøslev, 7900 Nykøbing M",Frøslev,7900,0773,Morsø,1081,"Region Nordjylland"
"Frøslev, 7950 Erslev",Frøslev,7950,0773,Morsø,1081,"Region Nordjylland"
"Sindbjerg, 7970 Redsted M",Sindbjerg,7970,0773,Morsø,1081,"Region Nordjylland"
"Torpe, 5900 Rudkøbing",Torpe,5900,0482,Langeland,1083,"Region Syddanmark"
"Strynø, 5943 Strynø",Strynø,5943,0482,Langeland,1083,"Region Syddanmark"
"Kjeldgårds Mark, 7870 Roslev","Kjeldgårds Mark",7870,0779,Skive,1082,"Region Midtjylland"
"Sønderhede, 7884 Fur",Sønderhede,7884,0779,Skive,1082,"Region Midtjylland"
"Dageløkke, 5953 Tranekær",Dageløkke,5953,0482,Langeland,1083,"Region Syddanmark"
"Ristinge, 5932 Humble",Ristinge,5932,0482,Langeland,1083,"Region Syddanmark"
"Brændholt, 4350 Ugerløse",Brændholt,4350,0316,Holbæk,1085,"Region Sjælland"
"V Hærup, 7860 Spøttrup","V Hærup",7860,0779,Skive,1082,"Region Midtjylland"
"Lunden, 5935 Bagenkop",Lunden,5935,0482,Langeland,1083,"Region Syddanmark"
"Thissinghus, 7970 Redsted M",Thissinghus,7970,0773,Morsø,1081,"Region Nordjylland"
"Hesselbjerg, 5953 Tranekær",Hesselbjerg,5953,0482,Langeland,1083,"Region Syddanmark"
"Galø, 4340 Tølløse",Galø,4340,0316,Holbæk,1085,"Region Sjælland"
"Drusebjerg, 4520 Svinninge",Drusebjerg,4520,0316,Holbæk,1085,"Region Sjælland"
"Søstrup, 4300 Holbæk",Søstrup,4300,0316,Holbæk,1085,"Region Sjælland"
"V Hunderup, 7900 Nykøbing M","V Hunderup",7900,0773,Morsø,1081,"Region Nordjylland"
"Lindebjerg, 4300 Holbæk",Lindebjerg,4300,0316,Holbæk,1085,"Region Sjælland"
"Vester Jølby, 7950 Erslev","Vester Jølby",7950,0773,Morsø,1081,"Region Nordjylland"
"Floutrup, 7870 Roslev",Floutrup,7870,0779,Skive,1082,"Region Midtjylland"
"Vile, 7870 Roslev",Vile,7870,0779,Skive,1082,"Region Midtjylland"
"Dommerby, 7800 Skive",Dommerby,7800,0661,Holstebro,1082,"Region Midtjylland"
"Dommerby, 7840 Højslev",Dommerby,7840,0779,Skive,1082,"Region Midtjylland"
"Skærbæk, 7900 Nykøbing M",Skærbæk,7900,0773,Morsø,1081,"Region Nordjylland"
"Rudkøbing, 5900 Rudkøbing",Rudkøbing,5900,0482,Langeland,1083,"Region Syddanmark"
"Ørslevkl Sø, 7840 Højslev","Ørslevkl Sø",7840,0779,Skive,1082,"Region Midtjylland"
"Hvidemose, 7830 Vinderup",Hvidemose,7830,0657,Herning,1082,"Region Midtjylland"
"Søby, 7840 Højslev",Søby,7840,0779,Skive,1082,"Region Midtjylland"
"Fredmose, 5932 Humble",Fredmose,5932,0482,Langeland,1083,"Region Syddanmark"
"Ulsted, 7884 Fur",Ulsted,7884,0779,Skive,1082,"Region Midtjylland"
"Blidstrup, 7990 Øster Assels",Blidstrup,7990,0773,Morsø,1081,"Region Nordjylland"
"Mellem Jølby, 7950 Erslev","Mellem Jølby",7950,0773,Morsø,1081,"Region Nordjylland"
"Tryggelev, 5932 Humble",Tryggelev,5932,0482,Langeland,1083,"Region Syddanmark"
"Nr Longelse, 5900 Rudkøbing","Nr Longelse",5900,0482,Langeland,1083,"Region Syddanmark"
"Ullerup, 7900 Nykøbing M",Ullerup,7900,0773,Morsø,1081,"Region Nordjylland"
"Ullerup, 7950 Erslev",Ullerup,7950,0773,Morsø,1081,"Region Nordjylland"
"Fredsø Rute, 7900 Nykøbing M","Fredsø Rute",7900,0773,Morsø,1081,"Region Nordjylland"
"Elsø, 7900 Nykøbing M",Elsø,7900,0773,Morsø,1081,"Region Nordjylland"
"Stoense, 5953 Tranekær",Stoense,5953,0482,Langeland,1083,"Region Syddanmark"
"Lejb Mark, 5953 Tranekær","Lejb Mark",5953,0482,Langeland,1083,"Region Syddanmark"
"Storup, 7990 Øster Assels",Storup,7990,0773,Morsø,1081,"Region Nordjylland"
"Fuglsbølle, 5900 Rudkøbing",Fuglsbølle,5900,0482,Langeland,1083,"Region Syddanmark"
"Lyngby, 8570 Trustrup",Lyngby,8570,0706,Syddjurs,1082,"Region Midtjylland"
"Auning Mark, 8963 Auning","Auning Mark",8963,0706,Syddjurs,1082,"Region Midtjylland"
"Hammelev, 8500 Grenaa",Hammelev,8500,0707,Norddjurs,1082,"Region Midtjylland"
"Veddinge Dal, 4540 Fårevejle","Veddinge Dal",4540,0306,Odsherred,1085,"Region Sjælland"
"Laen Mark, 8585 Glesborg","Laen Mark",8585,0707,Norddjurs,1082,"Region Midtjylland"
"Lystrup Strand, 8961 Allingåbro","Lystrup Strand",8961,0707,Norddjurs,1082,"Region Midtjylland"
"Emmelev Kær, 8500 Grenaa","Emmelev Kær",8500,0707,Norddjurs,1082,"Region Midtjylland"
"Nielstrup, 8961 Allingåbro",Nielstrup,8961,0707,Norddjurs,1082,"Region Midtjylland"
"Nyrup, 4500 Nykøbing Sj",Nyrup,4500,0306,Odsherred,1085,"Region Sjælland"
"Overby, 4583 Sjællands Odde",Overby,4583,0306,Odsherred,1085,"Region Sjælland"
"Fjerupgårde, 8581 Nimtofte",Fjerupgårde,8581,0706,Syddjurs,1082,"Region Midtjylland"
"Stenstrup, 4573 Højby",Stenstrup,4573,0306,Odsherred,1085,"Region Sjælland"
"Herrestrup, 4571 Grevinge",Herrestrup,4571,0306,Odsherred,1085,"Region Sjælland"
"Asnæs Lyng, 4550 Asnæs","Asnæs Lyng",4550,0306,Odsherred,1085,"Region Sjælland"
"Hessel, 8500 Grenaa",Hessel,8500,0707,Norddjurs,1082,"Region Midtjylland"
"Frøholm, 8950 Ørsted",Frøholm,8950,0707,Norddjurs,1082,"Region Midtjylland"
"Oustrup, 8963 Auning",Oustrup,8963,0706,Syddjurs,1082,"Region Midtjylland"
"Høbjerg, 8500 Grenaa",Høbjerg,8500,0707,Norddjurs,1082,"Region Midtjylland"
"Ringsø, 8550 Ryomgård",Ringsø,8550,0706,Syddjurs,1082,"Region Midtjylland"
"Lammefjorden, 4534 Hørve",Lammefjorden,4534,0306,Odsherred,1085,"Region Sjælland"
"Lammefjorden, 4540 Fårevejle",Lammefjorden,4540,0306,Odsherred,1085,"Region Sjælland"
"Lammefjorden, 4550 Asnæs",Lammefjorden,4550,0306,Odsherred,1085,"Region Sjælland"
"Lammefjorden, 4571 Grevinge",Lammefjorden,4571,0306,Odsherred,1085,"Region Sjælland"
"Revn, 8500 Grenaa",Revn,8500,0707,Norddjurs,1082,"Region Midtjylland"
"Drammelstrup, 8961 Allingåbro",Drammelstrup,8961,0707,Norddjurs,1082,"Region Midtjylland"
"Krusborg, 8963 Auning",Krusborg,8963,0706,Syddjurs,1082,"Region Midtjylland"
"Bode, 8950 Ørsted",Bode,8950,0707,Norddjurs,1082,"Region Midtjylland"
"Underød, 4500 Nykøbing Sj",Underød,4500,0306,Odsherred,1085,"Region Sjælland"
"Tindbæk, 8830 Tjele",Tindbæk,8830,0791,Viborg,1082,"Region Midtjylland"
"Stubrp Huse, 4540 Fårevejle","Stubrp Huse",4540,0306,Odsherred,1085,"Region Sjælland"
"Glostrup Overdrev, 4500 Nykøbing Sj","Glostrup Overdrev",4500,0306,Odsherred,1085,"Region Sjælland"
"Hønsinge L, 4560 Vig","Hønsinge L",4560,0306,Odsherred,1085,"Region Sjælland"
"Kastbjerg, 8585 Glesborg",Kastbjerg,8585,0707,Norddjurs,1082,"Region Midtjylland"
"Jyderup, 4550 Asnæs",Jyderup,4550,0306,Odsherred,1085,"Region Sjælland"
"Jyderup, 4560 Vig",Jyderup,4560,0306,Odsherred,1085,"Region Sjælland"
"Strandhusene, 4500 Nykøbing Sj",Strandhusene,4500,0306,Odsherred,1085,"Region Sjælland"
"Hevringholm, 8961 Allingåbro",Hevringholm,8961,0707,Norddjurs,1082,"Region Midtjylland"
"Haveforening Brohaven, 8500 Grenaa","Haveforening Brohaven",8500,0707,Norddjurs,1082,"Region Midtjylland"
"Udby Mk, 8950 Ørsted","Udby Mk",8950,0707,Norddjurs,1082,"Region Midtjylland"
"Sangstrup, 8500 Grenaa",Sangstrup,8500,0707,Norddjurs,1082,"Region Midtjylland"
"Øster Lyng, 4500 Nykøbing Sj","Øster Lyng",4500,0306,Odsherred,1085,"Region Sjælland"
"Rode, 4560 Vig",Rode,4560,0306,Odsherred,1085,"Region Sjælland"
"Snekkebjerg, 4573 Højby",Snekkebjerg,4573,0306,Odsherred,1085,"Region Sjælland"
"Ordrup Rende, 4540 Fårevejle","Ordrup Rende",4540,0306,Odsherred,1085,"Region Sjælland"
"Fjellerup Mk, 8585 Glesborg","Fjellerup Mk",8585,0707,Norddjurs,1082,"Region Midtjylland"
"Kirial, 8500 Grenaa",Kirial,8500,0707,Norddjurs,1082,"Region Midtjylland"
"Benzon Hede, 8500 Grenaa","Benzon Hede",8500,0707,Norddjurs,1082,"Region Midtjylland"
"Lykkesholm, 8444 Balle",Lykkesholm,8444,0706,Syddjurs,1082,"Region Midtjylland"
"Lykkesholm, 8570 Trustrup",Lykkesholm,8570,0706,Syddjurs,1082,"Region Midtjylland"
"Albertinelund, 8500 Grenaa",Albertinelund,8500,0707,Norddjurs,1082,"Region Midtjylland"
"Albertinelund, 8585 Glesborg",Albertinelund,8585,0707,Norddjurs,1082,"Region Midtjylland"
"Årslev Mark, 5792 Årslev","Årslev Mark",5792,0430,Faaborg-Midtfyn,1083,"Region Syddanmark"
"Heager, 6800 Varde",Heager,6800,0573,Varde,1083,"Region Syddanmark"
"Holmgård, 8832 Skals",Holmgård,8832,0791,Viborg,1082,"Region Midtjylland"
"Holmgård, 9632 Møldrup",Holmgård,9632,0791,Viborg,1082,"Region Midtjylland"
"Korsø, 9620 Aalestrup",Korsø,9620,0791,Viborg,1082,"Region Midtjylland"
"Gl Hvam, 9620 Aalestrup","Gl Hvam",9620,0791,Viborg,1082,"Region Midtjylland"
"Hvolris, 9632 Møldrup",Hvolris,9632,0791,Viborg,1082,"Region Midtjylland"
"Borup, 8832 Skals",Borup,8832,0791,Viborg,1082,"Region Midtjylland"
"Toftnæs, 6800 Varde",Toftnæs,6800,0573,Varde,1083,"Region Syddanmark"
"Bramstrup, 5792 Årslev",Bramstrup,5792,0430,Faaborg-Midtfyn,1083,"Region Syddanmark"
"Havndrup, 5750 Ringe",Havndrup,5750,0430,Faaborg-Midtfyn,1083,"Region Syddanmark"
"Elsborg, 8840 Rødkærsbro",Elsborg,8840,0740,Silkeborg,1082,"Region Midtjylland"
"Allerup, 5672 Broby",Allerup,5672,0430,Faaborg-Midtfyn,1083,"Region Syddanmark"
"Almind, 8800 Viborg",Almind,8800,0740,Silkeborg,1082,"Region Midtjylland"
"Åstrup, 9632 Møldrup",Åstrup,9632,0791,Viborg,1082,"Region Midtjylland"
"Skårup, 9500 Hobro",Skårup,9500,0791,Viborg,1082,"Region Midtjylland"
"Hejring, 9500 Hobro",Hejring,9500,0791,Viborg,1082,"Region Midtjylland"
"Fårdal, 8830 Tjele",Fårdal,8830,0791,Viborg,1082,"Region Midtjylland"
"Holme, 8830 Tjele",Holme,8830,0791,Viborg,1082,"Region Midtjylland"
"Troelstrup, 7850 Stoholm Jyll",Troelstrup,7850,0791,Viborg,1082,"Region Midtjylland"
"Pejrup, 5600 Faaborg",Pejrup,5600,0430,Faaborg-Midtfyn,1083,"Region Syddanmark"
"Nybølle, 5750 Ringe",Nybølle,5750,0430,Faaborg-Midtfyn,1083,"Region Syddanmark"
"Vejle, 5672 Broby",Vejle,5672,0430,Faaborg-Midtfyn,1083,"Region Syddanmark"
"Hodde, 6823 Ansager",Hodde,6823,0530,Billund,1083,"Region Syddanmark"
"Hodde, 6862 Tistrup",Hodde,6862,0573,Varde,1083,"Region Syddanmark"
"Frøstrup, 6800 Varde",Frøstrup,6800,0573,Varde,1083,"Region Syddanmark"
"Frøstrup, 6830 Nørre Nebel",Frøstrup,6830,0573,Varde,1083,"Region Syddanmark"
"Dyreborg, 5600 Faaborg",Dyreborg,5600,0430,Faaborg-Midtfyn,1083,"Region Syddanmark"
"Faldsled, 5600 Faaborg",Faldsled,5600,0430,Faaborg-Midtfyn,1083,"Region Syddanmark"
"Faldsled, 5642 Millinge",Faldsled,5642,0420,Assens,1083,"Region Syddanmark"
"Vrå, 8830 Tjele",Vrå,8830,0791,Viborg,1082,"Region Midtjylland"
"Ejstrup, 8832 Skals",Ejstrup,8832,0791,Viborg,1082,"Region Midtjylland"
"Koldbæk, 8830 Tjele",Koldbæk,8830,0791,Viborg,1082,"Region Midtjylland"
"Romlund, 8800 Viborg",Romlund,8800,0740,Silkeborg,1082,"Region Midtjylland"
"Nab, 5600 Faaborg",Nab,5600,0430,Faaborg-Midtfyn,1083,"Region Syddanmark"
"Sallinge, 5750 Ringe",Sallinge,5750,0430,Faaborg-Midtfyn,1083,"Region Syddanmark"
"Toftum, 7850 Stoholm Jyll",Toftum,7850,0791,Viborg,1082,"Region Midtjylland"
"Dalsgaard, 8800 Viborg",Dalsgaard,8800,0740,Silkeborg,1082,"Region Midtjylland"
"Vejrum, 8830 Tjele",Vejrum,8830,0791,Viborg,1082,"Region Midtjylland"
"Sønder Højrup, 5750 Ringe","Sønder Højrup",5750,0430,Faaborg-Midtfyn,1083,"Region Syddanmark"
"Bjerring, 8850 Bjerringbro",Bjerring,8850,0710,Favrskov,1082,"Region Midtjylland"
"Mammen, 8850 Bjerringbro",Mammen,8850,0710,Favrskov,1082,"Region Midtjylland"
"Rækkeborg, 9620 Aalestrup",Rækkeborg,9620,0791,Viborg,1082,"Region Midtjylland"
"Hagebro, 7800 Skive",Hagebro,7800,0661,Holstebro,1082,"Region Midtjylland"
"Hvilsom, 9632 Møldrup",Hvilsom,9632,0791,Viborg,1082,"Region Midtjylland"
"Morup Mølle, 7755 Bedsted Thy","Morup Mølle",7755,0787,Thisted,1081,"Region Nordjylland"
"Snoldelev, 4621 Gadstrup",Snoldelev,4621,0265,Roskilde,1085,"Region Sjælland"
"Mosebølle, 4640 Faxe",Mosebølle,4640,0320,Faxe,1085,"Region Sjælland"
"Vesterby, 7770 Vestervig",Vesterby,7770,0787,Thisted,1081,"Region Nordjylland"
"Istrup, 7755 Bedsted Thy",Istrup,7755,0787,Thisted,1081,"Region Nordjylland"
"Birkerød, 2970 Hørsholm",Birkerød,2970,0201,Allerød,1084,"Region Hovedstaden"
"Mønge, 3200 Helsinge",Mønge,3200,0219,Hillerød,1084,"Region Hovedstaden"
"Børsted, 4653 Karise",Børsted,4653,0320,Faxe,1085,"Region Sjælland"
"Børsted, 4682 Tureby",Børsted,4682,0259,Køge,1085,"Region Sjælland"
"Darup, 4000 Roskilde",Darup,4000,0169,Høje-Taastrup,1084,"Region Hovedstaden"
"Terslev Ovdr, 4690 Haslev","Terslev Ovdr",4690,0320,Faxe,1085,"Region Sjælland"
"Vindbyholt, 4640 Faxe",Vindbyholt,4640,0320,Faxe,1085,"Region Sjælland"
"Tryggevælde, 4653 Karise",Tryggevælde,4653,0320,Faxe,1085,"Region Sjælland"
"Truelstrup, 4130 Viby Sjælland",Truelstrup,4130,0259,Køge,1085,"Region Sjælland"
"Søborg, 3230 Græsted",Søborg,3230,0217,Helsingør,1084,"Region Hovedstaden"
"Søborg, 3250 Gilleleje",Søborg,3250,0270,Gribskov,1084,"Region Hovedstaden"
"Langesø, 3080 Tikøb",Langesø,3080,0217,Helsingør,1084,"Region Hovedstaden"
"Babberup, 4690 Haslev",Babberup,4690,0320,Faxe,1085,"Region Sjælland"
"Tollerød, 4682 Tureby",Tollerød,4682,0259,Køge,1085,"Region Sjælland"
"Tollerød, 4690 Haslev",Tollerød,4690,0320,Faxe,1085,"Region Sjælland"
"Arup, 7742 Vesløs",Arup,7742,0787,Thisted,1081,"Region Nordjylland"
"Tinkerup, 3080 Tikøb",Tinkerup,3080,0217,Helsingør,1084,"Region Hovedstaden"
"Hesselbjerg, 4690 Haslev",Hesselbjerg,4690,0320,Faxe,1085,"Region Sjælland"
"Hovsør, 7700 Thisted",Hovsør,7700,0787,Thisted,1081,"Region Nordjylland"
"Horneby, 3100 Hornbæk",Horneby,3100,0217,Helsingør,1084,"Region Hovedstaden"
"Langvad, 7741 Frøstrup",Langvad,7741,0787,Thisted,1081,"Region Nordjylland"
"Hørdum, 7752 Snedsted",Hørdum,7752,0787,Thisted,1081,"Region Nordjylland"
"Ginnerup, 7760 Hurup Thy",Ginnerup,7760,0671,Struer,1082,"Region Midtjylland"
"Lund, 7741 Frøstrup",Lund,7741,0787,Thisted,1081,"Region Nordjylland"
"Borsholm, 3100 Hornbæk",Borsholm,3100,0217,Helsingør,1084,"Region Hovedstaden"
"Troelstrup By, 4690 Haslev","Troelstrup By",4690,0320,Faxe,1085,"Region Sjælland"
"Lystrup, 4640 Faxe",Lystrup,4640,0320,Faxe,1085,"Region Sjælland"
"Lystrup, 4683 Rønnede",Lystrup,4683,0320,Faxe,1085,"Region Sjælland"
"Skjoldborg, 7700 Thisted",Skjoldborg,7700,0787,Thisted,1081,"Region Nordjylland"
"Skjoldborg, 7752 Snedsted",Skjoldborg,7752,0787,Thisted,1081,"Region Nordjylland"
"Øerne, 3000 Helsingør",Øerne,3000,0217,Helsingør,1084,"Region Hovedstaden"
"Ellekilde, 3140 Ålsgårde",Ellekilde,3140,0217,Helsingør,1084,"Region Hovedstaden"
"Tystrup, 4640 Faxe",Tystrup,4640,0320,Faxe,1085,"Region Sjælland"
"Rode, 4690 Haslev",Rode,4690,0320,Faxe,1085,"Region Sjælland"
"Roholte, 4640 Faxe",Roholte,4640,0320,Faxe,1085,"Region Sjælland"
"Næssund, 7760 Hurup Thy",Næssund,7760,0671,Struer,1082,"Region Midtjylland"
"Viverup, 4640 Faxe",Viverup,4640,0320,Faxe,1085,"Region Sjælland"
"Viverup, 4653 Karise",Viverup,4653,0320,Faxe,1085,"Region Sjælland"
"Strandhoved, 4654 Faxe Ladeplads",Strandhoved,4654,0320,Faxe,1085,"Region Sjælland"
"Skalstrup, 4621 Gadstrup",Skalstrup,4621,0265,Roskilde,1085,"Region Sjælland"
"Gundsølille, 4000 Roskilde",Gundsølille,4000,0169,Høje-Taastrup,1084,"Region Hovedstaden"
"Mommark, 6470 Sydals",Mommark,6470,0540,Sønderborg,1083,"Region Syddanmark"
"Kagstrup, 4100 Ringsted",Kagstrup,4100,0259,Køge,1085,"Region Sjælland"
"Hørup, 6470 Sydals",Hørup,6470,0540,Sønderborg,1083,"Region Syddanmark"
"Sigersted, 4100 Ringsted",Sigersted,4100,0259,Køge,1085,"Region Sjælland"
"Sigersted, 4173 Fjenneslev",Sigersted,4173,0329,Ringsted,1085,"Region Sjælland"
"Filskov Mark, 7200 Grindsted","Filskov Mark",7200,0530,Billund,1083,"Region Syddanmark"
"Møllebugten, 6400 Sønderborg",Møllebugten,6400,0540,Sønderborg,1083,"Region Syddanmark"
"Bækken, 6300 Gråsten",Bækken,6300,0540,Sønderborg,1083,"Region Syddanmark"
"Gl Bedsted, 7755 Bedsted Thy","Gl Bedsted",7755,0787,Thisted,1081,"Region Nordjylland"
"Omvrå Sdr Mk, 7200 Grindsted","Omvrå Sdr Mk",7200,0530,Billund,1083,"Region Syddanmark"
"Havnbj Skov, 6430 Nordborg","Havnbj Skov",6430,0540,Sønderborg,1083,"Region Syddanmark"
"Høruphav, 6470 Sydals",Høruphav,6470,0540,Sønderborg,1083,"Region Syddanmark"
"Holm, 6430 Nordborg",Holm,6430,0540,Sønderborg,1083,"Region Syddanmark"
"Mjels, 6430 Nordborg",Mjels,6430,0540,Sønderborg,1083,"Region Syddanmark"
"Dyvig, 6430 Nordborg",Dyvig,6430,0540,Sønderborg,1083,"Region Syddanmark"
"Allindelille, 4100 Ringsted",Allindelille,4100,0259,Køge,1085,"Region Sjælland"
"Allindelille, 4370 Store Merløse",Allindelille,4370,0316,Holbæk,1085,"Region Sjælland"
"Filsk Nr Mk, 7200 Grindsted","Filsk Nr Mk",7200,0530,Billund,1083,"Region Syddanmark"
"Lambjerg, 6400 Sønderborg",Lambjerg,6400,0540,Sønderborg,1083,"Region Syddanmark"
"Lambjerg, 6470 Sydals",Lambjerg,6470,0540,Sønderborg,1083,"Region Syddanmark"
"Hjelmsømagle, 4100 Ringsted",Hjelmsømagle,4100,0259,Køge,1085,"Region Sjælland"
"Fredsgårde, 4100 Ringsted",Fredsgårde,4100,0259,Køge,1085,"Region Sjælland"
"Sundsmark, 6400 Sønderborg",Sundsmark,6400,0540,Sønderborg,1083,"Region Syddanmark"
"Lambjerglund, 6470 Sydals",Lambjerglund,6470,0540,Sønderborg,1083,"Region Syddanmark"
"Klippede, 4100 Ringsted",Klippede,4100,0259,Køge,1085,"Region Sjælland"
"Eskildstrup, 4100 Ringsted",Eskildstrup,4100,0259,Køge,1085,"Region Sjælland"
"Estrup, 4100 Ringsted",Estrup,4100,0259,Køge,1085,"Region Sjælland"
"Elstrup, 6430 Nordborg",Elstrup,6430,0540,Sønderborg,1083,"Region Syddanmark"
"Lambjergskov, 6470 Sydals",Lambjergskov,6470,0540,Sønderborg,1083,"Region Syddanmark"
"Sjellerup, 6430 Nordborg",Sjellerup,6430,0540,Sønderborg,1083,"Region Syddanmark"
"Pøl, 6430 Nordborg",Pøl,6430,0540,Sønderborg,1083,"Region Syddanmark"
"Smedeland, 2600 Glostrup",Smedeland,2600,0153,Brøndby,1084,"Region Hovedstaden"
"Lebøl, 6470 Sydals",Lebøl,6470,0540,Sønderborg,1083,"Region Syddanmark"
"Filskov Sdr Mk, 7200 Grindsted","Filskov Sdr Mk",7200,0530,Billund,1083,"Region Syddanmark"
"Høm, 4100 Ringsted",Høm,4100,0259,Køge,1085,"Region Sjælland"
"Fjællebro, 4100 Ringsted",Fjællebro,4100,0259,Køge,1085,"Region Sjælland"
"Stend-Krogag, 7200 Grindsted",Stend-Krogag,7200,0530,Billund,1083,"Region Syddanmark"
"Modvig, 7200 Grindsted",Modvig,7200,0530,Billund,1083,"Region Syddanmark"
"Østerby, 7260 Sønder Omme",Østerby,7260,0530,Billund,1083,"Region Syddanmark"
"Blans, 6400 Sønderborg",Blans,6400,0540,Sønderborg,1083,"Region Syddanmark"
"Majbølgård, 6470 Sydals",Majbølgård,6470,0540,Sønderborg,1083,"Region Syddanmark"
"Bolding, 7250 Hejnsvig",Bolding,7250,0530,Billund,1083,"Region Syddanmark"
"Ørslevvester, 4100 Ringsted",Ørslevvester,4100,0259,Køge,1085,"Region Sjælland"
"Ørslevvester, 4173 Fjenneslev",Ørslevvester,4173,0329,Ringsted,1085,"Region Sjælland"
"Asferg, 8990 Fårup",Asferg,8990,0730,Randers,1082,"Region Midtjylland"
"Gerlev Enge, 4200 Slagelse","Gerlev Enge",4200,0326,Kalundborg,1085,"Region Sjælland"
"Kongsmark, 4200 Slagelse",Kongsmark,4200,0326,Kalundborg,1085,"Region Sjælland"
"Harridslev, 8930 Randers NØ",Harridslev,8930,0730,Randers,1082,"Region Midtjylland"
"Jedsted, 6760 Ribe",Jedsted,6760,0561,Esbjerg,1083,"Region Syddanmark"
"Jedsted, 6771 Gredstedbro",Jedsted,6771,0561,Esbjerg,1083,"Region Syddanmark"
"Espe, 4242 Boeslunde",Espe,4242,0330,Slagelse,1085,"Region Sjælland"
"Skørpinge, 4200 Slagelse",Skørpinge,4200,0326,Kalundborg,1085,"Region Sjælland"
"Gerdrup Ravnemark, 4230 Skælskør","Gerdrup Ravnemark",4230,0330,Slagelse,1085,"Region Sjælland"
"Blæsinge, 4200 Slagelse",Blæsinge,4200,0326,Kalundborg,1085,"Region Sjælland"
"Blæsinge, 4270 Høng",Blæsinge,4270,0326,Kalundborg,1085,"Region Sjælland"
"Hornbæk, 8920 Randers NV",Hornbæk,8920,0730,Randers,1082,"Region Midtjylland"
"Haveforeningen Tjærbykolonien, 8930 Randers NØ","Haveforeningen Tjærbykolonien",8930,0730,Randers,1082,"Region Midtjylland"
"Stampen, 8960 Randers SØ",Stampen,8960,0710,Favrskov,1082,"Region Midtjylland"
"Nr Vejrup, 6740 Bramming","Nr Vejrup",6740,0561,Esbjerg,1083,"Region Syddanmark"
"Hastrup, 8981 Spentrup",Hastrup,8981,0730,Randers,1082,"Region Midtjylland"
"Over Hornbæk, 8920 Randers NV","Over Hornbæk",8920,0730,Randers,1082,"Region Midtjylland"
"Terpager, 6740 Bramming",Terpager,6740,0561,Esbjerg,1083,"Region Syddanmark"
"Hviding, 6760 Ribe",Hviding,6760,0561,Esbjerg,1083,"Region Syddanmark"
"Nored, 4230 Skælskør",Nored,4230,0330,Slagelse,1085,"Region Sjælland"
"Dybmose, 6690 Gørding",Dybmose,6690,0561,Esbjerg,1083,"Region Syddanmark"
"Vinstrup, 8970 Havndal",Vinstrup,8970,0730,Randers,1082,"Region Midtjylland"
"Kragelund, 6740 Bramming",Kragelund,6740,0561,Esbjerg,1083,"Region Syddanmark"
"Tranderup, 4230 Skælskør",Tranderup,4230,0330,Slagelse,1085,"Region Sjælland"
"Tånum, 8920 Randers NV",Tånum,8920,0730,Randers,1082,"Region Midtjylland"
"Neder Hornbæk, 8920 Randers NV","Neder Hornbæk",8920,0730,Randers,1082,"Region Midtjylland"
"Ejstrup, 8990 Fårup",Ejstrup,8990,0730,Randers,1082,"Region Midtjylland"
"Over Randrup, 8981 Spentrup","Over Randrup",8981,0730,Randers,1082,"Region Midtjylland"
"Skalmstrup, 8930 Randers NØ",Skalmstrup,8930,0730,Randers,1082,"Region Midtjylland"
"Tørring, 8970 Havndal",Tørring,8970,0730,Randers,1082,"Region Midtjylland"
"Tørring, 8983 Gjerlev J",Tørring,8983,0730,Randers,1082,"Region Midtjylland"
"Vesterbæk, 6760 Ribe",Vesterbæk,6760,0561,Esbjerg,1083,"Region Syddanmark"
"Tårnholm, 4220 Korsør",Tårnholm,4220,0330,Slagelse,1085,"Region Sjælland"
"Eggeslevlille, 4230 Skælskør",Eggeslevlille,4230,0330,Slagelse,1085,"Region Sjælland"
"Ollerup, 4200 Slagelse",Ollerup,4200,0326,Kalundborg,1085,"Region Sjælland"
"Herrestrup, 4190 Munke Bjergby",Herrestrup,4190,0330,Slagelse,1085,"Region Sjælland"
"Herrestrup, 4200 Slagelse",Herrestrup,4200,0326,Kalundborg,1085,"Region Sjælland"
"Vorup, 8940 Randers SV",Vorup,8940,0710,Favrskov,1082,"Region Midtjylland"
"Assentoft, 8960 Randers SØ",Assentoft,8960,0710,Favrskov,1082,"Region Midtjylland"
"N Bjerregrav, 8920 Randers NV","N Bjerregrav",8920,0730,Randers,1082,"Region Midtjylland"
"Gundestrup, 8960 Randers SØ",Gundestrup,8960,0710,Favrskov,1082,"Region Midtjylland"
"Rennebjerg, 4230 Skælskør",Rennebjerg,4230,0330,Slagelse,1085,"Region Sjælland"
"Helstrup, 8920 Randers NV",Helstrup,8920,0730,Randers,1082,"Region Midtjylland"
"Frølunde Fed, 4220 Korsør","Frølunde Fed",4220,0330,Slagelse,1085,"Region Sjælland"
"Nykobbel Sk, 4200 Slagelse","Nykobbel Sk",4200,0326,Kalundborg,1085,"Region Sjælland"
"Mostrup, 8983 Gjerlev J",Mostrup,8983,0730,Randers,1082,"Region Midtjylland"
"Hald, 8983 Gjerlev J",Hald,8983,0730,Randers,1082,"Region Midtjylland"
"Knejsted, 8970 Havndal",Knejsted,8970,0730,Randers,1082,"Region Midtjylland"
"Knejsted, 8983 Gjerlev J",Knejsted,8983,0730,Randers,1082,"Region Midtjylland"
"Fløjstrup Kær, 8960 Randers SØ","Fløjstrup Kær",8960,0710,Favrskov,1082,"Region Midtjylland"
"Årslev, 8960 Randers SØ",Årslev,8960,0710,Favrskov,1082,"Region Midtjylland"
"Havndal By, 8970 Havndal","Havndal By",8970,0730,Randers,1082,"Region Midtjylland"
"Råby Kær, 8970 Havndal","Råby Kær",8970,0730,Randers,1082,"Region Midtjylland"
"Hørning, 8960 Randers SØ",Hørning,8960,0710,Favrskov,1082,"Region Midtjylland"
"Sorterup, 4200 Slagelse",Sorterup,4200,0326,Kalundborg,1085,"Region Sjælland"
"Ting Jellinge, 4261 Dalmose","Ting Jellinge",4261,0330,Slagelse,1085,"Region Sjælland"
"Hundelev, 9480 Løkken",Hundelev,9480,0810,Brønderslev,1081,"Region Nordjylland"
"Terpet, 9830 Tårs",Terpet,9830,0813,Frederikshavn,1081,"Region Nordjylland"
"Åsendrup, 9480 Løkken",Åsendrup,9480,0810,Brønderslev,1081,"Region Nordjylland"
"Udsholt, 3230 Græsted",Udsholt,3230,0217,Helsingør,1084,"Region Hovedstaden"
"Udsholt, 3250 Gilleleje",Udsholt,3250,0270,Gribskov,1084,"Region Hovedstaden"
"Strø, 3320 Skævinge",Strø,3320,0219,Hillerød,1084,"Region Hovedstaden"
"Rågeleje, 3210 Vejby",Rågeleje,3210,0270,Gribskov,1084,"Region Hovedstaden"
"Klarup, 9830 Tårs",Klarup,9830,0813,Frederikshavn,1081,"Region Nordjylland"
"Birkum, 5220 Odense SØ",Birkum,5220,0461,Odense,1083,"Region Syddanmark"
"Højby, 5220 Odense SØ",Højby,5220,0461,Odense,1083,"Region Syddanmark"
"Højby, 5260 Odense S",Højby,5260,0461,Odense,1083,"Region Syddanmark"
"Trøstrup, 5210 Odense NV",Trøstrup,5210,0461,Odense,1083,"Region Syddanmark"
"Snarup, 9800 Hjørring",Snarup,9800,0860,Hjørring,1081,"Region Nordjylland"
"Rosted, 4200 Slagelse",Rosted,4200,0326,Kalundborg,1085,"Region Sjælland"
"Gerlev, 4200 Slagelse",Gerlev,4200,0326,Kalundborg,1085,"Region Sjælland"
"Tvested, 9881 Bindslev",Tvested,9881,0813,Frederikshavn,1081,"Region Nordjylland"
"Teglgården, 9870 Sindal",Teglgården,9870,0813,Frederikshavn,1081,"Region Nordjylland"
"Stenvad, 9760 Vrå",Stenvad,9760,0810,Brønderslev,1081,"Region Nordjylland"
"Sønder Bjerge, 4261 Dalmose","Sønder Bjerge",4261,0330,Slagelse,1085,"Region Sjælland"
"Tarup, 5000 Odense C",Tarup,5000,0461,Odense,1083,"Region Syddanmark"
"Tarup, 5210 Odense NV",Tarup,5210,0461,Odense,1083,"Region Syddanmark"
"St Kongsmark, 4200 Slagelse","St Kongsmark",4200,0326,Kalundborg,1085,"Region Sjælland"
"Seerdrup, 4200 Slagelse",Seerdrup,4200,0326,Kalundborg,1085,"Region Sjælland"
"Frankerup, 4200 Slagelse",Frankerup,4200,0326,Kalundborg,1085,"Region Sjælland"
"Anderup, 5270 Odense N",Anderup,5270,0461,Odense,1083,"Region Syddanmark"
"Strand Esbønderup, 3250 Gilleleje","Strand Esbønderup",3250,0270,Gribskov,1084,"Region Hovedstaden"
"Laugø, 3200 Helsinge",Laugø,3200,0219,Hillerød,1084,"Region Hovedstaden"
"Pleth, 9760 Vrå",Pleth,9760,0810,Brønderslev,1081,"Region Nordjylland"
"Ugilt, 9800 Hjørring",Ugilt,9800,0860,Hjørring,1081,"Region Nordjylland"
"Ugilt, 9830 Tårs",Ugilt,9830,0813,Frederikshavn,1081,"Region Nordjylland"
"Højstrup, 5200 Odense V",Højstrup,5200,0461,Odense,1083,"Region Syddanmark"
"Højstrup, 5210 Odense NV",Højstrup,5210,0461,Odense,1083,"Region Syddanmark"
"Korup, 5210 Odense NV",Korup,5210,0461,Odense,1083,"Region Syddanmark"
"Sæsing, 9830 Tårs",Sæsing,9830,0813,Frederikshavn,1081,"Region Nordjylland"
"Tågerup, 3200 Helsinge",Tågerup,3200,0219,Hillerød,1084,"Region Hovedstaden"
"Krustrup, 9800 Hjørring",Krustrup,9800,0860,Hjørring,1081,"Region Nordjylland"
"Ubberud, 5200 Odense V",Ubberud,5200,0461,Odense,1083,"Region Syddanmark"
"Ubberud, 5491 Blommenslyst",Ubberud,5491,0461,Odense,1083,"Region Syddanmark"
"Holløse, 3210 Vejby",Holløse,3210,0270,Gribskov,1084,"Region Hovedstaden"
"Rønnovsholm, 9800 Hjørring",Rønnovsholm,9800,0860,Hjørring,1081,"Region Nordjylland"
"Poulstrup, 9760 Vrå",Poulstrup,9760,0810,Brønderslev,1081,"Region Nordjylland"
"Lendum, 9870 Sindal",Lendum,9870,0813,Frederikshavn,1081,"Region Nordjylland"
"Lendum, 9900 Frederikshavn",Lendum,9900,0813,Frederikshavn,1081,"Region Nordjylland"
"Tulstrup, 3400 Hillerød",Tulstrup,3400,0201,Allerød,1084,"Region Hovedstaden"
"Meløse, 3320 Skævinge",Meløse,3320,0219,Hillerød,1084,"Region Hovedstaden"
"Unnerup, 3210 Vejby",Unnerup,3210,0270,Gribskov,1084,"Region Hovedstaden"
"Stenholtsvang, 3480 Fredensborg",Stenholtsvang,3480,0210,Fredensborg,1084,"Region Hovedstaden"
"Hullebæk, 4800 Nykøbing F",Hullebæk,4800,0376,Guldborgsund,1085,"Region Sjælland"
"Grænge, 4891 Toreby L",Grænge,4891,0376,Guldborgsund,1085,"Region Sjælland"
"Grænge, 4990 Sakskøbing",Grænge,4990,0376,Guldborgsund,1085,"Region Sjælland"
"Vigsnæs, 4862 Guldborg",Vigsnæs,4862,0376,Guldborgsund,1085,"Region Sjælland"
"Gl Gjesing, 8660 Skanderborg","Gl Gjesing",8660,0615,Horsens,1082,"Region Midtjylland"
"Engestofte, 4930 Maribo",Engestofte,4930,0360,Lolland,1085,"Region Sjælland"
"Engestofte, 4990 Sakskøbing",Engestofte,4990,0376,Guldborgsund,1085,"Region Sjælland"
"Stidsmølle, 8740 Brædstrup",Stidsmølle,8740,0615,Horsens,1082,"Region Midtjylland"
"Vilholt, 8660 Skanderborg",Vilholt,8660,0615,Horsens,1082,"Region Midtjylland"
"Vilholt, 8740 Brædstrup",Vilholt,8740,0615,Horsens,1082,"Region Midtjylland"
"Køng, 4750 Lundby",Køng,4750,0370,Næstved,1085,"Region Sjælland"
"Tågense, 4880 Nysted",Tågense,4880,0376,Guldborgsund,1085,"Region Sjælland"
"Løvet, 8654 Bryrup",Løvet,8654,0615,Horsens,1082,"Region Midtjylland"
"Løvet, 8740 Brædstrup",Løvet,8740,0615,Horsens,1082,"Region Midtjylland"
"Stubbekøbing, 4850 Stubbekøbing",Stubbekøbing,4850,0376,Guldborgsund,1085,"Region Sjælland"
"Stubberup, 4880 Nysted",Stubberup,4880,0376,Guldborgsund,1085,"Region Sjælland"
"Sortsø, 4850 Stubbekøbing",Sortsø,4850,0376,Guldborgsund,1085,"Region Sjælland"
"Nr. Grimmelstrup, 4840 Nørre Alslev","Nr. Grimmelstrup",4840,0376,Guldborgsund,1085,"Region Sjælland"
"Egebjerg, 4800 Nykøbing F",Egebjerg,4800,0376,Guldborgsund,1085,"Region Sjælland"
"Nr Kirkeby, 4840 Nørre Alslev","Nr Kirkeby",4840,0376,Guldborgsund,1085,"Region Sjælland"
"Nr Kirkeby, 4863 Eskilstrup","Nr Kirkeby",4863,0376,Guldborgsund,1085,"Region Sjælland"
"Lillerupholm, 8751 Gedved",Lillerupholm,8751,0615,Horsens,1082,"Region Midtjylland"
"Ørskov, 8732 Hovedgård",Ørskov,8732,0615,Horsens,1082,"Region Midtjylland"
"Ørskov, 8751 Gedved",Ørskov,8751,0615,Horsens,1082,"Region Midtjylland"
"Liseby, 4780 Stege",Liseby,4780,0390,Vordingborg,1085,"Region Sjælland"
"Skørringe, 4850 Stubbekøbing",Skørringe,4850,0376,Guldborgsund,1085,"Region Sjælland"
"Skørringe, 4863 Eskilstrup",Skørringe,4863,0376,Guldborgsund,1085,"Region Sjælland"
"Døllefjelde, 4892 Kettinge",Døllefjelde,4892,0376,Guldborgsund,1085,"Region Sjælland"
"Døllefjelde, 4990 Sakskøbing",Døllefjelde,4990,0376,Guldborgsund,1085,"Region Sjælland"
"Underup, 4892 Kettinge",Underup,4892,0376,Guldborgsund,1085,"Region Sjælland"
"Slemminge, 4990 Sakskøbing",Slemminge,4990,0376,Guldborgsund,1085,"Region Sjælland"
"Spejlsby, 4780 Stege",Spejlsby,4780,0390,Vordingborg,1085,"Region Sjælland"
"Tåderup, 4800 Nykøbing F",Tåderup,4800,0376,Guldborgsund,1085,"Region Sjælland"
"Pinds Mølle, 8740 Brædstrup","Pinds Mølle",8740,0615,Horsens,1082,"Region Midtjylland"
"Tostenæs Kbl, 4792 Askeby","Tostenæs Kbl",4792,0390,Vordingborg,1085,"Region Sjælland"
"Kornerup, 4000 Roskilde",Kornerup,4000,0169,Høje-Taastrup,1084,"Region Hovedstaden"
"Herslev, 4000 Roskilde",Herslev,4000,0169,Høje-Taastrup,1084,"Region Hovedstaden"
"Brydebjerg, 4880 Nysted",Brydebjerg,4880,0376,Guldborgsund,1085,"Region Sjælland"
"Berritsgård, 4990 Sakskøbing",Berritsgård,4990,0376,Guldborgsund,1085,"Region Sjælland"
"Frejlev, 4892 Kettinge",Frejlev,4892,0376,Guldborgsund,1085,"Region Sjælland"
"Nr Tåstrup, 4850 Stubbekøbing","Nr Tåstrup",4850,0376,Guldborgsund,1085,"Region Sjælland"
"Skelby, 4874 Gedser",Skelby,4874,0376,Guldborgsund,1085,"Region Sjælland"
"Hovedskov, 8740 Brædstrup",Hovedskov,8740,0615,Horsens,1082,"Region Midtjylland"
"Hatting, 8700 Horsens",Hatting,8700,0615,Horsens,1082,"Region Midtjylland"
"Falkerslev, 4850 Stubbekøbing",Falkerslev,4850,0376,Guldborgsund,1085,"Region Sjælland"
"Falkerslev, 4863 Eskilstrup",Falkerslev,4863,0376,Guldborgsund,1085,"Region Sjælland"
"Falkerslev, 4871 Horbelev",Falkerslev,4871,0376,Guldborgsund,1085,"Region Sjælland"
"Egebjerg, 8700 Horsens",Egebjerg,8700,0615,Horsens,1082,"Region Midtjylland"
"Hårbølle, 4792 Askeby",Hårbølle,4792,0390,Vordingborg,1085,"Region Sjælland"
"Damme Kbl, 4792 Askeby","Damme Kbl",4792,0390,Vordingborg,1085,"Region Sjælland"
"Sløsse, 4894 Øster Ulslev",Sløsse,4894,0360,Lolland,1085,"Region Sjælland"
"Riserup, 4840 Nørre Alslev",Riserup,4840,0376,Guldborgsund,1085,"Region Sjælland"
"Vollerup, 4792 Askeby",Vollerup,4792,0390,Vordingborg,1085,"Region Sjælland"
"Sdr. Kirkeby, 4800 Nykøbing F","Sdr. Kirkeby",4800,0376,Guldborgsund,1085,"Region Sjælland"
"Nørre Vedby, 4840 Nørre Alslev","Nørre Vedby",4840,0376,Guldborgsund,1085,"Region Sjælland"
"Forneby, 4990 Sakskøbing",Forneby,4990,0376,Guldborgsund,1085,"Region Sjælland"
"Sæby Mark, 4070 Kirke Hyllinge","Sæby Mark",4070,0350,Lejre,1085,"Region Sjælland"
"Bramming, 6740 Bramming",Bramming,6740,0561,Esbjerg,1083,"Region Syddanmark"
"Nr Høe, 6740 Bramming","Nr Høe",6740,0561,Esbjerg,1083,"Region Syddanmark"
"Hadsten, 8370 Hadsten",Hadsten,8370,0710,Favrskov,1082,"Region Midtjylland"
"Bjergskoven, 4330 Hvalsø",Bjergskoven,4330,0316,Holbæk,1085,"Region Sjælland"
"Nr Hvalsø, 4330 Hvalsø","Nr Hvalsø",4330,0316,Holbæk,1085,"Region Sjælland"
"Lyngby, 8472 Sporup",Lyngby,8472,0710,Favrskov,1082,"Region Midtjylland"
"Egholm Mark, 4070 Kirke Hyllinge","Egholm Mark",4070,0350,Lejre,1085,"Region Sjælland"
"Store Karleby, 4070 Kirke Hyllinge","Store Karleby",4070,0350,Lejre,1085,"Region Sjælland"
"Vejrup, 6740 Bramming",Vejrup,6740,0561,Esbjerg,1083,"Region Syddanmark"
"Endrup, 6740 Bramming",Endrup,6740,0561,Esbjerg,1083,"Region Syddanmark"
"Gjellerup, 7400 Herning",Gjellerup,7400,0657,Herning,1082,"Region Midtjylland"
"Borre, 8850 Bjerringbro",Borre,8850,0710,Favrskov,1082,"Region Midtjylland"
"Borre, 8881 Thorsø",Borre,8881,0710,Favrskov,1082,"Region Midtjylland"
"Klintrup, 8472 Sporup",Klintrup,8472,0710,Favrskov,1082,"Region Midtjylland"
"Robdrup, 8960 Randers SØ",Robdrup,8960,0710,Favrskov,1082,"Region Midtjylland"
"Englerup, 4060 Kirke Såby",Englerup,4060,0350,Lejre,1085,"Region Sjælland"
"Simmelkær, 7451 Sunds",Simmelkær,7451,0657,Herning,1082,"Region Midtjylland"
"Grundfør, 8380 Trige",Grundfør,8380,0710,Favrskov,1082,"Region Midtjylland"
"Grundfør, 8382 Hinnerup",Grundfør,8382,0710,Favrskov,1082,"Region Midtjylland"
"Ilskov, 7451 Sunds",Ilskov,7451,0657,Herning,1082,"Region Midtjylland"
"Rønge, 8860 Ulstrup",Rønge,8860,0710,Favrskov,1082,"Region Midtjylland"
"Vilslev, 6771 Gredstedbro",Vilslev,6771,0561,Esbjerg,1083,"Region Syddanmark"
"Tange, 6690 Gørding",Tange,6690,0561,Esbjerg,1083,"Region Syddanmark"
"Obbekær, 6760 Ribe",Obbekær,6760,0561,Esbjerg,1083,"Region Syddanmark"
"Clausholm, 8370 Hadsten",Clausholm,8370,0710,Favrskov,1082,"Region Midtjylland"
"Lille Thorup, 8850 Bjerringbro","Lille Thorup",8850,0710,Favrskov,1082,"Region Midtjylland"
"Lille Thorup, 8860 Ulstrup","Lille Thorup",8860,0710,Favrskov,1082,"Region Midtjylland"
"Vesterenge, 6760 Ribe",Vesterenge,6760,0561,Esbjerg,1083,"Region Syddanmark"
"Svenstrup, 8450 Hammel",Svenstrup,8450,0710,Favrskov,1082,"Region Midtjylland"
"Bøstrup, 8870 Langå",Bøstrup,8870,0710,Favrskov,1082,"Region Midtjylland"
"Selling, 8370 Hadsten",Selling,8370,0710,Favrskov,1082,"Region Midtjylland"
"Hagsholm, 8870 Langå",Hagsholm,8870,0710,Favrskov,1082,"Region Midtjylland"
"Hagsholm, 8881 Thorsø",Hagsholm,8881,0710,Favrskov,1082,"Region Midtjylland"
"Norring, 8382 Hinnerup",Norring,8382,0710,Favrskov,1082,"Region Midtjylland"
"Sneum, 6731 Tjæreborg",Sneum,6731,0561,Esbjerg,1083,"Region Syddanmark"
"Stens Mark, 6760 Ribe","Stens Mark",6760,0561,Esbjerg,1083,"Region Syddanmark"
"Vinterslev, 8370 Hadsten",Vinterslev,8370,0710,Favrskov,1082,"Region Midtjylland"
"Tinning, 8382 Hinnerup",Tinning,8382,0710,Favrskov,1082,"Region Midtjylland"
"Størsbøl, 6740 Bramming",Størsbøl,6740,0561,Esbjerg,1083,"Region Syddanmark"
"Danstrup, 8850 Bjerringbro",Danstrup,8850,0710,Favrskov,1082,"Region Midtjylland"
"Danstrup, 8860 Ulstrup",Danstrup,8860,0710,Favrskov,1082,"Region Midtjylland"
"Haar, 8382 Hinnerup",Haar,8382,0710,Favrskov,1082,"Region Midtjylland"
"Bæk, 6760 Ribe",Bæk,6760,0561,Esbjerg,1083,"Region Syddanmark"
"Skovhastrup, 4330 Hvalsø",Skovhastrup,4330,0316,Holbæk,1085,"Region Sjælland"
"Kivsmose, 5690 Tommerup",Kivsmose,5690,0420,Assens,1083,"Region Syddanmark"
"Flade, 9900 Frederikshavn",Flade,9900,0813,Frederikshavn,1081,"Region Nordjylland"
"Nielstrup, 9981 Jerup",Nielstrup,9981,0813,Frederikshavn,1081,"Region Nordjylland"
"Hjedsbæk, 9541 Suldrup",Hjedsbæk,9541,0820,Vesthimmerlands,1081,"Region Nordjylland"
"Bonderup, 9610 Nørager",Bonderup,9610,0820,Vesthimmerlands,1081,"Region Nordjylland"
"Mejling, 9900 Frederikshavn",Mejling,9900,0813,Frederikshavn,1081,"Region Nordjylland"
"Guldbæk, 9230 Svenstrup J",Guldbæk,9230,0840,Rebild,1081,"Region Nordjylland"
"Guldbæk, 9530 Støvring",Guldbæk,9530,0840,Rebild,1081,"Region Nordjylland"
"Barløse, 5610 Assens",Barløse,5610,0410,Middelfart,1083,"Region Syddanmark"
"Hulsig, 9990 Skagen",Hulsig,9990,0813,Frederikshavn,1081,"Region Nordjylland"
"Grynderup, 9500 Hobro",Grynderup,9500,0791,Viborg,1082,"Region Midtjylland"
"Grynderup, 9610 Nørager",Grynderup,9610,0820,Vesthimmerlands,1081,"Region Nordjylland"
"Hagenskov, 5631 Ebberup",Hagenskov,5631,0420,Assens,1083,"Region Syddanmark"
"Søholm, 5620 Glamsbjerg",Søholm,5620,0420,Assens,1083,"Region Syddanmark"
"Haldbjerg, 9900 Frederikshavn",Haldbjerg,9900,0813,Frederikshavn,1081,"Region Nordjylland"
"Tulsted, 9520 Skørping",Tulsted,9520,0840,Rebild,1081,"Region Nordjylland"
"Sæsing, 9830 Tårs",Sæsing,9830,0813,Frederikshavn,1081,"Region Nordjylland"
"Sørig, 9870 Sindal",Sørig,9870,0813,Frederikshavn,1081,"Region Nordjylland"
"Sørig, 9982 Ålbæk",Sørig,9982,0813,Frederikshavn,1081,"Region Nordjylland"
"Gl Skørping, 9520 Skørping","Gl Skørping",9520,0840,Rebild,1081,"Region Nordjylland"
"Gerding, 9520 Skørping",Gerding,9520,0840,Rebild,1081,"Region Nordjylland"
"Rørbæk, 9500 Hobro",Rørbæk,9500,0791,Viborg,1082,"Region Midtjylland"
"Hellum, 9520 Skørping",Hellum,9520,0840,Rebild,1081,"Region Nordjylland"
"Lilleland, 5683 Haarby",Lilleland,5683,0420,Assens,1083,"Region Syddanmark"
"Agersted, 9330 Dronninglund",Agersted,9330,0810,Brønderslev,1081,"Region Nordjylland"
"Agersted, 9340 Asaa",Agersted,9340,0810,Brønderslev,1081,"Region Nordjylland"
"Skovgdr Mark, 5610 Assens","Skovgdr Mark",5610,0410,Middelfart,1083,"Region Syddanmark"
"Knasborg, 9982 Ålbæk",Knasborg,9982,0813,Frederikshavn,1081,"Region Nordjylland"
"Olsker, 3760 Gudhjem",Olsker,3760,0400,Bornholm,1084,"Region Hovedstaden"
"Olsker, 3770 Allinge",Olsker,3770,0400,Bornholm,1084,"Region Hovedstaden"
"Olsker, 3790 Hasle",Olsker,3790,0400,Bornholm,1084,"Region Hovedstaden"
"Tougholm, 5683 Haarby",Tougholm,5683,0420,Assens,1083,"Region Syddanmark"
"Lundager, 5610 Assens",Lundager,5610,0410,Middelfart,1083,"Region Syddanmark"
"Bohøj, 5620 Glamsbjerg",Bohøj,5620,0420,Assens,1083,"Region Syddanmark"
"Kvissel, 9900 Frederikshavn",Kvissel,9900,0813,Frederikshavn,1081,"Region Nordjylland"
"Klemensker, 3700 Rønne",Klemensker,3700,0400,Bornholm,1084,"Region Hovedstaden"
"Klemensker, 3770 Allinge",Klemensker,3770,0400,Bornholm,1084,"Region Hovedstaden"
"Klemensker, 3782 Klemensker",Klemensker,3782,0400,Bornholm,1084,"Region Hovedstaden"
"Klemensker, 3790 Hasle",Klemensker,3790,0400,Bornholm,1084,"Region Hovedstaden"
"Køng, 5620 Glamsbjerg",Køng,5620,0420,Assens,1083,"Region Syddanmark"
"Nappemark, 5690 Tommerup",Nappemark,5690,0420,Assens,1083,"Region Syddanmark"
"Tylle, 5610 Assens",Tylle,5610,0410,Middelfart,1083,"Region Syddanmark"
"Birkehavegd, 5690 Tommerup",Birkehavegd,5690,0420,Assens,1083,"Region Syddanmark"
"Smorup, 9600 Aars",Smorup,9600,0820,Vesthimmerlands,1081,"Region Nordjylland"
"Smorup, 9610 Nørager",Smorup,9610,0820,Vesthimmerlands,1081,"Region Nordjylland"
"Tørresø Strand, 5450 Otterup","Tørresø Strand",5450,0480,Nordfyns,1083,"Region Syddanmark"
"Holse, 5471 Søndersø",Holse,5471,0480,Nordfyns,1083,"Region Syddanmark"
"Bredbjerg, 5462 Morud",Bredbjerg,5462,0480,Nordfyns,1083,"Region Syddanmark"
"Kjemtrup, 9610 Nørager",Kjemtrup,9610,0820,Vesthimmerlands,1081,"Region Nordjylland"
"Braulstrup, 9541 Suldrup",Braulstrup,9541,0820,Vesthimmerlands,1081,"Region Nordjylland"
"Rø, 3760 Gudhjem",Rø,3760,0400,Bornholm,1084,"Region Hovedstaden"
"Rø, 3770 Allinge",Rø,3770,0400,Bornholm,1084,"Region Hovedstaden"
"Rø, 3782 Klemensker",Rø,3782,0400,Bornholm,1084,"Region Hovedstaden"
"Alstrup, 9610 Nørager",Alstrup,9610,0820,Vesthimmerlands,1081,"Region Nordjylland"
"Herredsbjerg, 5683 Haarby",Herredsbjerg,5683,0420,Assens,1083,"Region Syddanmark"
"Torp, 5560 Aarup",Torp,5560,0410,Middelfart,1083,"Region Syddanmark"
"Barløse Mark, 5610 Assens","Barløse Mark",5610,0410,Middelfart,1083,"Region Syddanmark"
"Stenild, 9500 Hobro",Stenild,9500,0791,Viborg,1082,"Region Midtjylland"
"Gravlev, 9520 Skørping",Gravlev,9520,0840,Rebild,1081,"Region Nordjylland"
"Gravlev, 9530 Støvring",Gravlev,9530,0840,Rebild,1081,"Region Nordjylland"
"Tustrup, 9520 Skørping",Tustrup,9520,0840,Rebild,1081,"Region Nordjylland"
"Glamsbjerg, 5620 Glamsbjerg",Glamsbjerg,5620,0420,Assens,1083,"Region Syddanmark"
"Hørby, 9300 Sæby",Hørby,9300,0813,Frederikshavn,1081,"Region Nordjylland"
"Allestrup, 9500 Hobro",Allestrup,9500,0791,Viborg,1082,"Region Midtjylland"
"Juelstrup, 9530 Støvring",Juelstrup,9530,0840,Rebild,1081,"Region Nordjylland"
"Mejlby, 9610 Nørager",Mejlby,9610,0820,Vesthimmerlands,1081,"Region Nordjylland"
"Løjtved, 6240 Løgumkloster",Løjtved,6240,0550,Tønder,1083,"Region Syddanmark"
"Grøngård, 6270 Tønder",Grøngård,6270,0550,Tønder,1083,"Region Syddanmark"
"Jørgensø, 5450 Otterup",Jørgensø,5450,0480,Nordfyns,1083,"Region Syddanmark"
"Jersore Mark, 5400 Bogense","Jersore Mark",5400,0480,Nordfyns,1083,"Region Syddanmark"
"L Virkelyst, 6780 Skærbæk","L Virkelyst",6780,0550,Tønder,1083,"Region Syddanmark"
"Rejsby Mark, 6780 Skærbæk","Rejsby Mark",6780,0550,Tønder,1083,"Region Syddanmark"
"Daler, 6280 Højer",Daler,6280,0550,Tønder,1083,"Region Syddanmark"
"Særslev, 5471 Søndersø",Særslev,5471,0480,Nordfyns,1083,"Region Syddanmark"
"Tyvsemark, 6270 Tønder",Tyvsemark,6270,0550,Tønder,1083,"Region Syddanmark"
"Margård, 5471 Søndersø",Margård,5471,0480,Nordfyns,1083,"Region Syddanmark"
"Renbæk, 6780 Skærbæk",Renbæk,6780,0550,Tønder,1083,"Region Syddanmark"
"Emmerlev, 6280 Højer",Emmerlev,6280,0550,Tønder,1083,"Region Syddanmark"
"Burskoven, 5400 Bogense",Burskoven,5400,0480,Nordfyns,1083,"Region Syddanmark"
"Nitriskær, 6534 Agerskov",Nitriskær,6534,0510,Haderslev,1083,"Region Syddanmark"
"Gyldensteen, 5400 Bogense",Gyldensteen,5400,0480,Nordfyns,1083,"Region Syddanmark"
"Vesterhede, 6534 Agerskov",Vesterhede,6534,0510,Haderslev,1083,"Region Syddanmark"
"Vesterhede, 6535 Branderup J",Vesterhede,6535,0550,Tønder,1083,"Region Syddanmark"
"Toelsvad, 5400 Bogense",Toelsvad,5400,0480,Nordfyns,1083,"Region Syddanmark"
"Ørritslev, 5471 Søndersø",Ørritslev,5471,0480,Nordfyns,1083,"Region Syddanmark"
"Hessum, 5450 Otterup",Hessum,5450,0480,Nordfyns,1083,"Region Syddanmark"
"Sandet, 6520 Toftlund",Sandet,6520,0510,Haderslev,1083,"Region Syddanmark"
"Ulstrup, 6240 Løgumkloster",Ulstrup,6240,0550,Tønder,1083,"Region Syddanmark"
"Frifelt, 6780 Skærbæk",Frifelt,6780,0550,Tønder,1083,"Region Syddanmark"
"Visbjerg, 6240 Løgumkloster",Visbjerg,6240,0550,Tønder,1083,"Region Syddanmark"
"Møllegyden, 5471 Søndersø",Møllegyden,5471,0480,Nordfyns,1083,"Region Syddanmark"
"Høved, 5474 Veflinge",Høved,5474,0480,Nordfyns,1083,"Region Syddanmark"
"Torup, 5450 Otterup",Torup,5450,0480,Nordfyns,1083,"Region Syddanmark"
"Torup, 5485 Skamby",Torup,5485,0480,Nordfyns,1083,"Region Syddanmark"
"Fogense Enge, 5400 Bogense","Fogense Enge",5400,0480,Nordfyns,1083,"Region Syddanmark"
"Enemærket, 5450 Otterup",Enemærket,5450,0480,Nordfyns,1083,"Region Syddanmark"
"Høgslund, 6270 Tønder",Høgslund,6270,0550,Tønder,1083,"Region Syddanmark"
"Fårgård, 6240 Løgumkloster",Fårgård,6240,0550,Tønder,1083,"Region Syddanmark"
"Tyvse, 6270 Tønder",Tyvse,6270,0550,Tønder,1083,"Region Syddanmark"
"Toftum, 6792 Rømø",Toftum,6792,0550,Tønder,1083,"Region Syddanmark"
"Havneby, 6792 Rømø",Havneby,6792,0550,Tønder,1083,"Region Syddanmark"
"Svendsmark, 4780 Stege",Svendsmark,4780,0390,Vordingborg,1085,"Region Sjælland"
"Kindvig, 4735 Mern",Kindvig,4735,0390,Vordingborg,1085,"Region Sjælland"
"Stensby, 5485 Skamby",Stensby,5485,0480,Nordfyns,1083,"Region Syddanmark"
"Slevstrup, 5450 Otterup",Slevstrup,5450,0480,Nordfyns,1083,"Region Syddanmark"
"Brunhøj, 6780 Skærbæk",Brunhøj,6780,0550,Tønder,1083,"Region Syddanmark"
"Rømet, 6520 Toftlund",Rømet,6520,0510,Haderslev,1083,"Region Syddanmark"
"Korskro, 6240 Løgumkloster",Korskro,6240,0550,Tønder,1083,"Region Syddanmark"
"Harritsl Mrk, 5400 Bogense","Harritsl Mrk",5400,0480,Nordfyns,1083,"Region Syddanmark"
"Tåstrup, 5450 Otterup",Tåstrup,5450,0480,Nordfyns,1083,"Region Syddanmark"
"St Nellerod, 5471 Søndersø","St Nellerod",5471,0480,Nordfyns,1083,"Region Syddanmark"
"Wittegård, 6240 Løgumkloster",Wittegård,6240,0550,Tønder,1083,"Region Syddanmark"
"Kongsbjergm, 6270 Tønder",Kongsbjergm,6270,0550,Tønder,1083,"Region Syddanmark"
"Asset, 6240 Løgumkloster",Asset,6240,0550,Tønder,1083,"Region Syddanmark"
"Vester Gasse, 6780 Skærbæk","Vester Gasse",6780,0550,Tønder,1083,"Region Syddanmark"
"Geestrup, 6520 Toftlund",Geestrup,6520,0510,Haderslev,1083,"Region Syddanmark"
"Geestrup, 6534 Agerskov",Geestrup,6534,0510,Haderslev,1083,"Region Syddanmark"
"Gyngstrup Mark, 5450 Otterup","Gyngstrup Mark",5450,0480,Nordfyns,1083,"Region Syddanmark"
"Skåstrup, 5400 Bogense",Skåstrup,5400,0480,Nordfyns,1083,"Region Syddanmark"
"Tyrekrog, 5400 Bogense",Tyrekrog,5400,0480,Nordfyns,1083,"Region Syddanmark"
"Kløjing, 6240 Løgumkloster",Kløjing,6240,0550,Tønder,1083,"Region Syddanmark"
"Østerby, 6792 Rømø",Østerby,6792,0550,Tønder,1083,"Region Syddanmark"
"Washington, 6270 Tønder",Washington,6270,0550,Tønder,1083,"Region Syddanmark"
"Hjerpsted, 6280 Højer",Hjerpsted,6280,0550,Tønder,1083,"Region Syddanmark"
"Søndersø, 5471 Søndersø",Søndersø,5471,0480,Nordfyns,1083,"Region Syddanmark"
"Æbelø, 5400 Bogense",Æbelø,5400,0480,Nordfyns,1083,"Region Syddanmark"
"Grydhøj, 5400 Bogense",Grydhøj,5400,0480,Nordfyns,1083,"Region Syddanmark"
"Emmerskebjerg, 6270 Tønder",Emmerskebjerg,6270,0550,Tønder,1083,"Region Syddanmark"
"Hønning Mark, 6780 Skærbæk","Hønning Mark",6780,0550,Tønder,1083,"Region Syddanmark"
"Tevringe, 5462 Morud",Tevringe,5462,0480,Nordfyns,1083,"Region Syddanmark"
"Rudbøl, 6280 Højer",Rudbøl,6280,0550,Tønder,1083,"Region Syddanmark"
"Ejlby, 5471 Søndersø",Ejlby,5471,0480,Nordfyns,1083,"Region Syddanmark"
"Eskerod, 8543 Hornslet",Eskerod,8543,0706,Syddjurs,1082,"Region Midtjylland"
"Klim Kobakke, 9690 Fjerritslev","Klim Kobakke",9690,0849,Jammerbugt,1081,"Region Nordjylland"
"Dommerborg, 9492 Blokhus",Dommerborg,9492,0849,Jammerbugt,1081,"Region Nordjylland"
"Troldbjerg, 8300 Odder",Troldbjerg,8300,0727,Odder,1082,"Region Midtjylland"
"Ålegårdshede, 9690 Fjerritslev",Ålegårdshede,9690,0849,Jammerbugt,1081,"Region Nordjylland"
"Nymark, 9460 Brovst",Nymark,9460,0849,Jammerbugt,1081,"Region Nordjylland"
"Rødhus, 9490 Pandrup",Rødhus,9490,0849,Jammerbugt,1081,"Region Nordjylland"
"Flegum, 9460 Brovst",Flegum,9460,0849,Jammerbugt,1081,"Region Nordjylland"
"Årup, 9460 Brovst",Årup,9460,0849,Jammerbugt,1081,"Region Nordjylland"
"Gøttrup Have, 9690 Fjerritslev","Gøttrup Have",9690,0849,Jammerbugt,1081,"Region Nordjylland"
"Lerdrup, 8300 Odder",Lerdrup,8300,0727,Odder,1082,"Region Midtjylland"
"Snærild, 8300 Odder",Snærild,8300,0727,Odder,1082,"Region Midtjylland"
"Kollerupklit, 9690 Fjerritslev",Kollerupklit,9690,0849,Jammerbugt,1081,"Region Nordjylland"
"Holmsø, 9690 Fjerritslev",Holmsø,9690,0849,Jammerbugt,1081,"Region Nordjylland"
"Esby, 8420 Knebel",Esby,8420,0706,Syddjurs,1082,"Region Midtjylland"
"Nørtorup Kær, 9690 Fjerritslev","Nørtorup Kær",9690,0849,Jammerbugt,1081,"Region Nordjylland"
"Gøttruprimme, 9690 Fjerritslev",Gøttruprimme,9690,0849,Jammerbugt,1081,"Region Nordjylland"
"Tranum, 9460 Brovst",Tranum,9460,0849,Jammerbugt,1081,"Region Nordjylland"
"Dybvad, 8300 Odder",Dybvad,8300,0727,Odder,1082,"Region Midtjylland"
"Vust Mark, 9690 Fjerritslev","Vust Mark",9690,0849,Jammerbugt,1081,"Region Nordjylland"
"V Thorup, 9690 Fjerritslev","V Thorup",9690,0849,Jammerbugt,1081,"Region Nordjylland"
"Hvorup Klit, 9480 Løkken","Hvorup Klit",9480,0810,Brønderslev,1081,"Region Nordjylland"
"Jonstrup, 9493 Saltum",Jonstrup,9493,0849,Jammerbugt,1081,"Region Nordjylland"
"Øslev Holme, 9690 Fjerritslev","Øslev Holme",9690,0849,Jammerbugt,1081,"Region Nordjylland"
"Pindstrup, 8550 Ryomgård",Pindstrup,8550,0706,Syddjurs,1082,"Region Midtjylland"
"Skerping, 9690 Fjerritslev",Skerping,9690,0849,Jammerbugt,1081,"Region Nordjylland"
"V Svenstrup, 9690 Fjerritslev","V Svenstrup",9690,0849,Jammerbugt,1081,"Region Nordjylland"
"Rold, 8300 Odder",Rold,8300,0727,Odder,1082,"Region Midtjylland"
"Spøttrup Str, 8300 Odder","Spøttrup Str",8300,0727,Odder,1082,"Region Midtjylland"
"Bonderup, 9690 Fjerritslev",Bonderup,9690,0849,Jammerbugt,1081,"Region Nordjylland"
"Brøndum, 9690 Fjerritslev",Brøndum,9690,0849,Jammerbugt,1081,"Region Nordjylland"
"Birkelse, 9440 Aabybro",Birkelse,9440,0810,Brønderslev,1081,"Region Nordjylland"
"Birkelse, 9460 Brovst",Birkelse,9460,0849,Jammerbugt,1081,"Region Nordjylland"
"Østrup, 9493 Saltum",Østrup,9493,0849,Jammerbugt,1081,"Region Nordjylland"
"Norsminde, 8300 Odder",Norsminde,8300,0727,Odder,1082,"Region Midtjylland"
"Højby, 8300 Odder",Højby,8300,0727,Odder,1082,"Region Midtjylland"
"Kanne, 8300 Odder",Kanne,8300,0727,Odder,1082,"Region Midtjylland"
"Rude, 8300 Odder",Rude,8300,0727,Odder,1082,"Region Midtjylland"
"Lørsted, 9690 Fjerritslev",Lørsted,9690,0849,Jammerbugt,1081,"Region Nordjylland"
"Bratbjerg, 9460 Brovst",Bratbjerg,9460,0849,Jammerbugt,1081,"Region Nordjylland"
"Hedegård, 8410 Rønde",Hedegård,8410,0706,Syddjurs,1082,"Region Midtjylland"
"Krogsbæk, 8543 Hornslet",Krogsbæk,8543,0706,Syddjurs,1082,"Region Midtjylland"
"Krogsbæk, 8544 Mørke",Krogsbæk,8544,0706,Syddjurs,1082,"Region Midtjylland"
"Kongsgårde, 8420 Knebel",Kongsgårde,8420,0706,Syddjurs,1082,"Region Midtjylland"
"Assedrup, 8300 Odder",Assedrup,8300,0727,Odder,1082,"Region Midtjylland"
"Ørby, 8420 Knebel",Ørby,8420,0706,Syddjurs,1082,"Region Midtjylland"
"Søby, 8300 Odder",Søby,8300,0727,Odder,1082,"Region Midtjylland"
"Klithuse, 9460 Brovst",Klithuse,9460,0849,Jammerbugt,1081,"Region Nordjylland"
"Krogstrup, 8300 Odder",Krogstrup,8300,0727,Odder,1082,"Region Midtjylland"
"Korsholm, 9690 Fjerritslev",Korsholm,9690,0849,Jammerbugt,1081,"Region Nordjylland"
"Stabrand Mrk, 8400 Ebeltoft","Stabrand Mrk",8400,0706,Syddjurs,1082,"Region Midtjylland"
"Sandager, 5610 Assens",Sandager,5610,0410,Middelfart,1083,"Region Syddanmark"
"Møllegård, 5690 Tommerup",Møllegård,5690,0420,Assens,1083,"Region Syddanmark"
"Øksnebjerg, 5610 Assens",Øksnebjerg,5610,0410,Middelfart,1083,"Region Syddanmark"
"Rørup, 5560 Aarup",Rørup,5560,0410,Middelfart,1083,"Region Syddanmark"
"Termestrup, 8544 Mørke",Termestrup,8544,0706,Syddjurs,1082,"Region Midtjylland"
"Torø Huse, 5610 Assens","Torø Huse",5610,0410,Middelfart,1083,"Region Syddanmark"
"Brundby, 8305 Samsø",Brundby,8305,0741,Samsø,1082,"Region Midtjylland"
"Skovmøllen, 8400 Ebeltoft",Skovmøllen,8400,0706,Syddjurs,1082,"Region Midtjylland"
"Ørby, 8305 Samsø",Ørby,8305,0741,Samsø,1082,"Region Midtjylland"
"Hahl, 7800 Skive",Hahl,7800,0661,Holstebro,1082,"Region Midtjylland"
"Mølleby, 8581 Nimtofte",Mølleby,8581,0706,Syddjurs,1082,"Region Midtjylland"
"Lyngsbæk Str, 8400 Ebeltoft","Lyngsbæk Str",8400,0706,Syddjurs,1082,"Region Midtjylland"
"Helnæs, 5631 Ebberup",Helnæs,5631,0420,Assens,1083,"Region Syddanmark"
"Dueholm, 7800 Skive",Dueholm,7800,0661,Holstebro,1082,"Region Midtjylland"
"Husby Strandenge, 6990 Ulfborg","Husby Strandenge",6990,0657,Herning,1082,"Region Midtjylland"
"Borbjerg, 7500 Holstebro",Borbjerg,7500,0657,Herning,1082,"Region Midtjylland"
"Nr Felding, 7500 Holstebro","Nr Felding",7500,0657,Herning,1082,"Region Midtjylland"
"Røjbæk, 7540 Haderup",Røjbæk,7540,0657,Herning,1082,"Region Midtjylland"
"Røjbæk, 7800 Skive",Røjbæk,7800,0661,Holstebro,1082,"Region Midtjylland"
"Skave, 7500 Holstebro",Skave,7500,0657,Herning,1082,"Region Midtjylland"
"Mårup Mark, 8560 Kolind","Mårup Mark",8560,0706,Syddjurs,1082,"Region Midtjylland"
"Enemærket, 5683 Haarby",Enemærket,5683,0420,Assens,1083,"Region Syddanmark"
"Vesterhede, 7830 Vinderup",Vesterhede,7830,0657,Herning,1082,"Region Midtjylland"
"Sevelsted, 7830 Vinderup",Sevelsted,7830,0657,Herning,1082,"Region Midtjylland"
"Trandum, 7800 Skive",Trandum,7800,0661,Holstebro,1082,"Region Midtjylland"
"Ungersbjerge, 5683 Haarby",Ungersbjerge,5683,0420,Assens,1083,"Region Syddanmark"
"Lindholt, 7830 Vinderup",Lindholt,7830,0657,Herning,1082,"Region Midtjylland"
"Raae, 7830 Vinderup",Raae,7830,0657,Herning,1082,"Region Midtjylland"
"Krarup, 8560 Kolind",Krarup,8560,0706,Syddjurs,1082,"Region Midtjylland"
"Brændholt, 5560 Aarup",Brændholt,5560,0410,Middelfart,1083,"Region Syddanmark"
"Ilbjerg, 8560 Kolind",Ilbjerg,8560,0706,Syddjurs,1082,"Region Midtjylland"
"Skoffergårde, 8581 Nimtofte",Skoffergårde,8581,0706,Syddjurs,1082,"Region Midtjylland"
"Myllerup, 5610 Assens",Myllerup,5610,0410,Middelfart,1083,"Region Syddanmark"
"Skovmarken, 5683 Haarby",Skovmarken,5683,0420,Assens,1083,"Region Syddanmark"
"Hedeskov, 8410 Rønde",Hedeskov,8410,0706,Syddjurs,1082,"Region Midtjylland"
"Borreby, 5690 Tommerup",Borreby,5690,0420,Assens,1083,"Region Syddanmark"
"Skovlund, 7830 Vinderup",Skovlund,7830,0657,Herning,1082,"Region Midtjylland"
"Kolind, 8560 Kolind",Kolind,8560,0706,Syddjurs,1082,"Region Midtjylland"
"Marienhoff, 8550 Ryomgård",Marienhoff,8550,0706,Syddjurs,1082,"Region Midtjylland"
"Skellerup, 8420 Knebel",Skellerup,8420,0706,Syddjurs,1082,"Region Midtjylland"
"Søholt, 8400 Ebeltoft",Søholt,8400,0706,Syddjurs,1082,"Region Midtjylland"
"Tommerup St, 5690 Tommerup","Tommerup St",5690,0420,Assens,1083,"Region Syddanmark"
"Bjødstrup, 8410 Rønde",Bjødstrup,8410,0706,Syddjurs,1082,"Region Midtjylland"
"Voldtofte, 5620 Glamsbjerg",Voldtofte,5620,0420,Assens,1083,"Region Syddanmark"
"Orelund, 5610 Assens",Orelund,5610,0410,Middelfart,1083,"Region Syddanmark"
"Ålsbo, 5560 Aarup",Ålsbo,5560,0410,Middelfart,1083,"Region Syddanmark"
"Landting, 7830 Vinderup",Landting,7830,0657,Herning,1082,"Region Midtjylland"
"Skaføgård, 8544 Mørke",Skaføgård,8544,0706,Syddjurs,1082,"Region Midtjylland"
"Grønholt, 8550 Ryomgård",Grønholt,8550,0706,Syddjurs,1082,"Region Midtjylland"
"Roligheden, 8550 Ryomgård",Roligheden,8550,0706,Syddjurs,1082,"Region Midtjylland"
"Atterup, 4171 Glumsø",Atterup,4171,0370,Næstved,1085,"Region Sjælland"
"Snesere Torp, 4733 Tappernøje","Snesere Torp",4733,0320,Faxe,1085,"Region Sjælland"
"Bøgeskov, 7000 Fredericia",Bøgeskov,7000,0607,Fredericia,1083,"Region Syddanmark"
"Lemvig, 7620 Lemvig",Lemvig,7620,0665,Lemvig,1082,"Region Midtjylland"
"Karrebæk, 4736 Karrebæksminde",Karrebæk,4736,0370,Næstved,1085,"Region Sjælland"
"Agtrup, 6091 Bjert",Agtrup,6091,0621,Kolding,1083,"Region Syddanmark"
"Sønderskov, 7000 Fredericia",Sønderskov,7000,0607,Fredericia,1083,"Region Syddanmark"
"Hove, 7620 Lemvig",Hove,7620,0665,Lemvig,1082,"Region Midtjylland"
"Tørring, 7620 Lemvig",Tørring,7620,0665,Lemvig,1082,"Region Midtjylland"
"Blangslev, 4700 Næstved",Blangslev,4700,0370,Næstved,1085,"Region Sjælland"
"Blangslev, 4733 Tappernøje",Blangslev,4733,0320,Faxe,1085,"Region Sjælland"
"Næsbyholm, 4171 Glumsø",Næsbyholm,4171,0370,Næstved,1085,"Region Sjælland"
"Reerslev, 2640 Hedehusene",Reerslev,2640,0169,Høje-Taastrup,1084,"Region Hovedstaden"
"Orup, 4160 Herlufmagle",Orup,4160,0320,Faxe,1085,"Region Sjælland"
"Klovtofte, 2630 Taastrup",Klovtofte,2630,0165,Albertslund,1084,"Region Hovedstaden"
"Hygum, 7620 Lemvig",Hygum,7620,0665,Lemvig,1082,"Region Midtjylland"
"Everdrup, 4733 Tappernøje",Everdrup,4733,0320,Faxe,1085,"Region Sjælland"
"Strandhuse, 6000 Kolding",Strandhuse,6000,0621,Kolding,1083,"Region Syddanmark"
"Harrested, 4250 Fuglebjerg",Harrested,4250,0330,Slagelse,1085,"Region Sjælland"
"Harrested, 4700 Næstved",Harrested,4700,0370,Næstved,1085,"Region Sjælland"
"Bjerndrup, 6070 Christiansfeld",Bjerndrup,6070,0510,Haderslev,1083,"Region Syddanmark"
"Hundslev, 5300 Kerteminde",Hundslev,5300,0440,Kerteminde,1083,"Region Syddanmark"
"Hundslev, 5350 Rynkeby",Hundslev,5350,0440,Kerteminde,1083,"Region Syddanmark"
"Åsø, 4171 Glumsø",Åsø,4171,0370,Næstved,1085,"Region Sjælland"
"Rønnebkholm, 4700 Næstved",Rønnebkholm,4700,0370,Næstved,1085,"Region Sjælland"
"Edelgave, 2765 Smørum",Edelgave,2765,0240,Egedal,1084,"Region Hovedstaden"
"Lille Smørum, 2765 Smørum","Lille Smørum",2765,0240,Egedal,1084,"Region Hovedstaden"
"Stenløse, 3660 Stenløse",Stenløse,3660,0240,Egedal,1084,"Region Hovedstaden"
"Ganl Hessel, 3660 Stenløse","Ganl Hessel",3660,0240,Egedal,1084,"Region Hovedstaden"
"Østerby, 7000 Fredericia",Østerby,7000,0607,Fredericia,1083,"Region Syddanmark"
"Hove Overdrev, 2765 Smørum","Hove Overdrev",2765,0240,Egedal,1084,"Region Hovedstaden"
"Tårup, 5370 Mesinge",Tårup,5370,0440,Kerteminde,1083,"Region Syddanmark"
"Kertinge, 5300 Kerteminde",Kertinge,5300,0440,Kerteminde,1083,"Region Syddanmark"
"Bredstr.Lund, 7000 Fredericia",Bredstr.Lund,7000,0607,Fredericia,1083,"Region Syddanmark"
"Tårup Skov, 7000 Fredericia","Tårup Skov",7000,0607,Fredericia,1083,"Region Syddanmark"
"Brørup, 7650 Bøvlingbjerg",Brørup,7650,0665,Lemvig,1082,"Region Midtjylland"
"Skraverup, 4700 Næstved",Skraverup,4700,0370,Næstved,1085,"Region Sjælland"
"Engelstrup, 4733 Tappernøje",Engelstrup,4733,0320,Faxe,1085,"Region Sjælland"
"Ullerup, 7000 Fredericia",Ullerup,7000,0607,Fredericia,1083,"Region Syddanmark"
"Fabjerg, 7620 Lemvig",Fabjerg,7620,0665,Lemvig,1082,"Region Midtjylland"
"Fensmark, 4684 Holmegaard",Fensmark,4684,0320,Faxe,1085,"Region Sjælland"
"Favstrup, 6070 Christiansfeld",Favstrup,6070,0510,Haderslev,1083,"Region Syddanmark"
"Dalby, 6000 Kolding",Dalby,6000,0621,Kolding,1083,"Region Syddanmark"
"Trelde Sande, 7000 Fredericia","Trelde Sande",7000,0607,Fredericia,1083,"Region Syddanmark"
"Anholt, 6580 Vamdrup",Anholt,6580,0621,Kolding,1083,"Region Syddanmark"
"Hf. Sundbyvester, 2300 København S","Hf. Sundbyvester",2300,0101,København,1084,"Region Hovedstaden"
"Hf. Harrestrup, 2500 Valby","Hf. Harrestrup",2500,0101,København,1084,"Region Hovedstaden"
"Flovt, 6100 Haderslev",Flovt,6100,0510,Haderslev,1083,"Region Syddanmark"
"Skovby, 6500 Vojens",Skovby,6500,0510,Haderslev,1083,"Region Syddanmark"
"Hf. Strandlyst, 2300 København S","Hf. Strandlyst",2300,0101,København,1084,"Region Hovedstaden"
"Randeris, 6920 Videbæk",Randeris,6920,0760,Ringkøbing-Skjern,1082,"Region Midtjylland"
"Egense, 5700 Svendborg",Egense,5700,0479,Svendborg,1083,"Region Syddanmark"
"Hf. Strandbo, 2300 København S","Hf. Strandbo",2300,0101,København,1084,"Region Hovedstaden"
"Ladegård, 6971 Spjald",Ladegård,6971,0760,Ringkøbing-Skjern,1082,"Region Midtjylland"
"Seest, 6000 Kolding",Seest,6000,0621,Kolding,1083,"Region Syddanmark"
"Kelstrup, 6100 Haderslev",Kelstrup,6100,0510,Haderslev,1083,"Region Syddanmark"
"Grøntoft, 6971 Spjald",Grøntoft,6971,0760,Ringkøbing-Skjern,1082,"Region Midtjylland"
"Lunding, 6100 Haderslev",Lunding,6100,0510,Haderslev,1083,"Region Syddanmark"
"Vormark, 5874 Hesselager",Vormark,5874,0450,Nyborg,1083,"Region Syddanmark"
"Lundeborg, 5874 Hesselager",Lundeborg,5874,0450,Nyborg,1083,"Region Syddanmark"
"Kolstrup, 6070 Christiansfeld",Kolstrup,6070,0510,Haderslev,1083,"Region Syddanmark"
"Ladegård, 6500 Vojens",Ladegård,6500,0510,Haderslev,1083,"Region Syddanmark"
"No, 6950 Ringkøbing",No,6950,0760,Ringkøbing-Skjern,1082,"Region Midtjylland"
"No, 6971 Spjald",No,6971,0760,Ringkøbing-Skjern,1082,"Region Midtjylland"
"Fjællebroen, 5762 Vester Skerninge",Fjællebroen,5762,0430,Faaborg-Midtfyn,1083,"Region Syddanmark"
"Ejstrup, 6900 Skjern",Ejstrup,6900,0760,Ringkøbing-Skjern,1082,"Region Midtjylland"
"Ringtved, 6500 Vojens",Ringtved,6500,0510,Haderslev,1083,"Region Syddanmark"
"Hørløkke, 6500 Vojens",Hørløkke,6500,0510,Haderslev,1083,"Region Syddanmark"
"Hoptrup, 6100 Haderslev",Hoptrup,6100,0510,Haderslev,1083,"Region Syddanmark"
"Sdr Bork, 6893 Hemmet","Sdr Bork",6893,0760,Ringkøbing-Skjern,1082,"Region Midtjylland"
"Grarup, 6100 Haderslev",Grarup,6100,0510,Haderslev,1083,"Region Syddanmark"
"Kraftmose, 6500 Vojens",Kraftmose,6500,0510,Haderslev,1083,"Region Syddanmark"
"Vandling, 6100 Haderslev",Vandling,6100,0510,Haderslev,1083,"Region Syddanmark"
"Lilholt, 6500 Vojens",Lilholt,6500,0510,Haderslev,1083,"Region Syddanmark"
"Sverdrup, 6100 Haderslev",Sverdrup,6100,0510,Haderslev,1083,"Region Syddanmark"
"Fjelstrup, 6920 Videbæk",Fjelstrup,6920,0760,Ringkøbing-Skjern,1082,"Region Midtjylland"
"Fjelstrup, 6933 Kibæk",Fjelstrup,6933,0657,Herning,1082,"Region Midtjylland"
"Torsted, 6971 Spjald",Torsted,6971,0760,Ringkøbing-Skjern,1082,"Region Midtjylland"
"Torsted, 6973 Ørnhøj",Torsted,6973,0657,Herning,1082,"Region Midtjylland"
"Torsted, 6980 Tim",Torsted,6980,0760,Ringkøbing-Skjern,1082,"Region Midtjylland"
"Torsted, 6990 Ulfborg",Torsted,6990,0657,Herning,1082,"Region Midtjylland"
"Houvig, 6950 Ringkøbing",Houvig,6950,0760,Ringkøbing-Skjern,1082,"Region Midtjylland"
"V. Hjermitslev, 9700 Brønderslev","V. Hjermitslev",9700,0810,Brønderslev,1081,"Region Nordjylland"
"Øland, 9460 Brovst",Øland,9460,0849,Jammerbugt,1081,"Region Nordjylland"
"Hf. Øbro, 2100 København Ø","Hf. Øbro",2100,0101,København,1084,"Region Hovedstaden"
"Marstrup, 6100 Haderslev",Marstrup,6100,0510,Haderslev,1083,"Region Syddanmark"
"Sillerup, 6100 Haderslev",Sillerup,6100,0510,Haderslev,1083,"Region Syddanmark"
"Ringkøbing, 6950 Ringkøbing",Ringkøbing,6950,0760,Ringkøbing-Skjern,1082,"Region Midtjylland"
"Hf. Engdraget, 2300 København S","Hf. Engdraget",2300,0101,København,1084,"Region Hovedstaden"
"Hf. Vennelyst, 2300 København S","Hf. Vennelyst",2300,0101,København,1084,"Region Hovedstaden"
"Hf. Nøtten, 2700 Brønshøj","Hf. Nøtten",2700,0101,København,1084,"Region Hovedstaden"
"Gyldenholm, 4250 Fuglebjerg",Gyldenholm,4250,0330,Slagelse,1085,"Region Sjælland"
"Hammer, 4700 Næstved",Hammer,4700,0370,Næstved,1085,"Region Sjælland"
"Hammer, 4750 Lundby",Hammer,4750,0370,Næstved,1085,"Region Sjælland"
"Hårslev, 4262 Sandved",Hårslev,4262,0330,Slagelse,1085,"Region Sjælland"
"Rejnstrup, 4250 Fuglebjerg",Rejnstrup,4250,0330,Slagelse,1085,"Region Sjælland"
"Arløse, 4250 Fuglebjerg",Arløse,4250,0330,Slagelse,1085,"Region Sjælland"
"Arløse, 4262 Sandved",Arløse,4262,0330,Slagelse,1085,"Region Sjælland"
"Brøderup, 4733 Tappernøje",Brøderup,4733,0320,Faxe,1085,"Region Sjælland"
"Rønnebækshuse, 4700 Næstved",Rønnebækshuse,4700,0370,Næstved,1085,"Region Sjælland"
"Lund, 4700 Næstved",Lund,4700,0370,Næstved,1085,"Region Sjælland"
"Ganges Bro, 4700 Næstved","Ganges Bro",4700,0370,Næstved,1085,"Region Sjælland"
"Tappernøje, 4733 Tappernøje",Tappernøje,4733,0320,Faxe,1085,"Region Sjælland"
"Magelund, 5853 Ørbæk",Magelund,5853,0430,Faaborg-Midtfyn,1083,"Region Syddanmark"
"Skalkendrup, 5800 Nyborg",Skalkendrup,5800,0450,Nyborg,1083,"Region Syddanmark"
"Kr Skensved, 4622 Havdrup","Kr Skensved",4622,0265,Roskilde,1085,"Region Sjælland"
"Jersie, 2680 Solrød Strand",Jersie,2680,0269,Solrød,1085,"Region Sjælland"
"Jersie, 4623 Lille Skensved",Jersie,4623,0259,Køge,1085,"Region Sjælland"
"Naurbjerg, 4623 Lille Skensved",Naurbjerg,4623,0259,Køge,1085,"Region Sjælland"
"Langæble, 5871 Frørup",Langæble,5871,0450,Nyborg,1083,"Region Syddanmark"
"Hjulby, 5800 Nyborg",Hjulby,5800,0450,Nyborg,1083,"Region Syddanmark"
"Kissendrup, 5540 Ullerslev",Kissendrup,5540,0440,Kerteminde,1083,"Region Syddanmark"
"Langtved, 5540 Ullerslev",Langtved,5540,0440,Kerteminde,1083,"Region Syddanmark"
"Mikkelenborg, 5871 Frørup",Mikkelenborg,5871,0450,Nyborg,1083,"Region Syddanmark"
"Skaboeshuse, 5800 Nyborg",Skaboeshuse,5800,0450,Nyborg,1083,"Region Syddanmark"
"Rugbjerg, 6230 Rødekro",Rugbjerg,6230,0580,Aabenraa,1083,"Region Syddanmark"
"Bylderup Mark, 6360 Tinglev","Bylderup Mark",6360,0580,Aabenraa,1083,"Region Syddanmark"
"Bylderup Mark, 6372 Bylderup-Bov","Bylderup Mark",6372,0580,Aabenraa,1083,"Region Syddanmark"
"Lendemark, 6372 Bylderup-Bov",Lendemark,6372,0580,Aabenraa,1083,"Region Syddanmark"
"Rørbæk, 5540 Ullerslev",Rørbæk,5540,0440,Kerteminde,1083,"Region Syddanmark"
"Torp Mark, 6200 Aabenraa","Torp Mark",6200,0580,Aabenraa,1083,"Region Syddanmark"
"Hjolderup, 6392 Bolderslev",Hjolderup,6392,0580,Aabenraa,1083,"Region Syddanmark"
"Hesselbjerg, 6230 Rødekro",Hesselbjerg,6230,0580,Aabenraa,1083,"Region Syddanmark"
"Øbening, 6230 Rødekro",Øbening,6230,0580,Aabenraa,1083,"Region Syddanmark"
"Egvad, 6230 Rødekro",Egvad,6230,0580,Aabenraa,1083,"Region Syddanmark"
"St Jyndevad, 6360 Tinglev","St Jyndevad",6360,0580,Aabenraa,1083,"Region Syddanmark"
"Langbjerg, 6230 Rødekro",Langbjerg,6230,0580,Aabenraa,1083,"Region Syddanmark"
"Lundsbjerg, 6200 Aabenraa",Lundsbjerg,6200,0580,Aabenraa,1083,"Region Syddanmark"
"Skovby, 6200 Aabenraa",Skovby,6200,0580,Aabenraa,1083,"Region Syddanmark"
"Søderup, 6230 Rødekro",Søderup,6230,0580,Aabenraa,1083,"Region Syddanmark"
"Ensted, 6200 Aabenraa",Ensted,6200,0580,Aabenraa,1083,"Region Syddanmark"
"Årup Skov, 6200 Aabenraa","Årup Skov",6200,0580,Aabenraa,1083,"Region Syddanmark"
"Rens Mark, 6372 Bylderup-Bov","Rens Mark",6372,0580,Aabenraa,1083,"Region Syddanmark"
"Sønder-Hostrup, 6200 Aabenraa",Sønder-Hostrup,6200,0580,Aabenraa,1083,"Region Syddanmark"
"Vilsbækmark, 6330 Padborg",Vilsbækmark,6330,0580,Aabenraa,1083,"Region Syddanmark"
"Øster-Løgum, 6230 Rødekro",Øster-Løgum,6230,0580,Aabenraa,1083,"Region Syddanmark"
"Smedebymark, 6340 Kruså",Smedebymark,6340,0580,Aabenraa,1083,"Region Syddanmark"
"Hønkys, 6230 Rødekro",Hønkys,6230,0580,Aabenraa,1083,"Region Syddanmark"
"Stade Mark, 6360 Tinglev","Stade Mark",6360,0580,Aabenraa,1083,"Region Syddanmark"
"Alslev, 6230 Rødekro",Alslev,6230,0580,Aabenraa,1083,"Region Syddanmark"
"Bredevad, 6372 Bylderup-Bov",Bredevad,6372,0580,Aabenraa,1083,"Region Syddanmark"
"Holdbi, 6340 Kruså",Holdbi,6340,0580,Aabenraa,1083,"Region Syddanmark"
"Fladsten, 6200 Aabenraa",Fladsten,6200,0580,Aabenraa,1083,"Region Syddanmark"
"Eggebæk, 6360 Tinglev",Eggebæk,6360,0580,Aabenraa,1083,"Region Syddanmark"
"Rens, 6360 Tinglev",Rens,6360,0580,Aabenraa,1083,"Region Syddanmark"
"Rens, 6372 Bylderup-Bov",Rens,6372,0580,Aabenraa,1083,"Region Syddanmark"
"Havsted, 6372 Bylderup-Bov",Havsted,6372,0580,Aabenraa,1083,"Region Syddanmark"
"Rise Mark, 6230 Rødekro","Rise Mark",6230,0580,Aabenraa,1083,"Region Syddanmark"
"Hønsnapmark, 6340 Kruså",Hønsnapmark,6340,0580,Aabenraa,1083,"Region Syddanmark"
"Gåskær, 6360 Tinglev",Gåskær,6360,0580,Aabenraa,1083,"Region Syddanmark"
"Gåskær, 6392 Bolderslev",Gåskær,6392,0580,Aabenraa,1083,"Region Syddanmark"
"Burkal Mark, 6372 Bylderup-Bov","Burkal Mark",6372,0580,Aabenraa,1083,"Region Syddanmark"
"Perbøl, 6200 Aabenraa",Perbøl,6200,0580,Aabenraa,1083,"Region Syddanmark"
"Rugbjerg Mrk, 6230 Rødekro","Rugbjerg Mrk",6230,0580,Aabenraa,1083,"Region Syddanmark"
"Kollund, 6340 Kruså",Kollund,6340,0580,Aabenraa,1083,"Region Syddanmark"
"Koldmose, 6300 Gråsten",Koldmose,6300,0540,Sønderborg,1083,"Region Syddanmark"
"Koldmose, 6340 Kruså",Koldmose,6340,0580,Aabenraa,1083,"Region Syddanmark"
"Lund Mark, 6372 Bylderup-Bov","Lund Mark",6372,0580,Aabenraa,1083,"Region Syddanmark"
"Fruering, 8660 Skanderborg",Fruering,8660,0615,Horsens,1082,"Region Midtjylland"
"Firgårde, 8680 Ry",Firgårde,8680,0615,Horsens,1082,"Region Midtjylland"
"Båstrup, 8660 Skanderborg",Båstrup,8660,0615,Horsens,1082,"Region Midtjylland"
"Stilling, 8362 Hørning",Stilling,8362,0746,Skanderborg,1082,"Region Midtjylland"
"Stilling, 8660 Skanderborg",Stilling,8660,0615,Horsens,1082,"Region Midtjylland"
"Hemstok, 8660 Skanderborg",Hemstok,8660,0615,Horsens,1082,"Region Midtjylland"
"Hemstok, 8680 Ry",Hemstok,8680,0615,Horsens,1082,"Region Midtjylland"
"Alling, 8680 Ry",Alling,8680,0615,Horsens,1082,"Region Midtjylland"
"Brande, 8653 Them",Brande,8653,0740,Silkeborg,1082,"Region Midtjylland"
"Holmstol, 8883 Gjern",Holmstol,8883,0740,Silkeborg,1082,"Region Midtjylland"
"Virklund, 8600 Silkeborg",Virklund,8600,0740,Silkeborg,1082,"Region Midtjylland"
"Katrinedal, 8653 Them",Katrinedal,8653,0740,Silkeborg,1082,"Region Midtjylland"
"Katrinedal, 8654 Bryrup",Katrinedal,8654,0615,Horsens,1082,"Region Midtjylland"
"Thorning V, 8620 Kjellerup","Thorning V",8620,0740,Silkeborg,1082,"Region Midtjylland"
"Grathe, 8620 Kjellerup",Grathe,8620,0740,Silkeborg,1082,"Region Midtjylland"
"Vattrup, 8620 Kjellerup",Vattrup,8620,0740,Silkeborg,1082,"Region Midtjylland"
"Mønsterdal, 8653 Them",Mønsterdal,8653,0740,Silkeborg,1082,"Region Midtjylland"
"Hørup, 8620 Kjellerup",Hørup,8620,0740,Silkeborg,1082,"Region Midtjylland"
"Pederstrup, 8620 Kjellerup",Pederstrup,8620,0740,Silkeborg,1082,"Region Midtjylland"
"Brårup, 8643 Ans By",Brårup,8643,0740,Silkeborg,1082,"Region Midtjylland"
"Søbyvad, 8450 Hammel",Søbyvad,8450,0710,Favrskov,1082,"Region Midtjylland"
"Vandet, 8620 Kjellerup",Vandet,8620,0740,Silkeborg,1082,"Region Midtjylland"
"Vandet, 8840 Rødkærsbro",Vandet,8840,0740,Silkeborg,1082,"Region Midtjylland"
"Hjøllund, 7362 Hampen",Hjøllund,7362,0740,Silkeborg,1082,"Region Midtjylland"
"Toustrup Mark, 8472 Sporup","Toustrup Mark",8472,0710,Favrskov,1082,"Region Midtjylland"
"Bryrup, 8654 Bryrup",Bryrup,8654,0615,Horsens,1082,"Region Midtjylland"
"Glostrup, 2600 Glostrup",Glostrup,2600,0153,Brøndby,1084,"Region Hovedstaden"
"Torup, 8654 Bryrup",Torup,8654,0615,Horsens,1082,"Region Midtjylland"
"Grølsted, 8881 Thorsø",Grølsted,8881,0710,Favrskov,1082,"Region Midtjylland"
"Grølsted, 8882 Fårvang",Grølsted,8882,0710,Favrskov,1082,"Region Midtjylland"
"Børstingerød, 3400 Hillerød",Børstingerød,3400,0201,Allerød,1084,"Region Hovedstaden"
"Kollerød, 3450 Allerød",Kollerød,3450,0201,Allerød,1084,"Region Hovedstaden"
"Horsemosegaard, 3450 Allerød",Horsemosegaard,3450,0201,Allerød,1084,"Region Hovedstaden"
"Krogerup, 3050 Humlebæk",Krogerup,3050,0210,Fredensborg,1084,"Region Hovedstaden"
"Skovshøjr Mk, 5464 Brenderup Fyn","Skovshøjr Mk",5464,0410,Middelfart,1083,"Region Syddanmark"
"Tellerup, 5591 Gelsted",Tellerup,5591,0410,Middelfart,1083,"Region Syddanmark"
"Balslev, 5580 Nørre Aaby",Balslev,5580,0410,Middelfart,1083,"Region Syddanmark"
"Balslev, 5592 Ejby",Balslev,5592,0410,Middelfart,1083,"Region Syddanmark"
"Ullehusene, 5464 Brenderup Fyn",Ullehusene,5464,0410,Middelfart,1083,"Region Syddanmark"
"Asperup, 5466 Asperup",Asperup,5466,0410,Middelfart,1083,"Region Syddanmark"
"Vejlby Mark, 5500 Middelfart","Vejlby Mark",5500,0410,Middelfart,1083,"Region Syddanmark"
"Langholm, 5591 Gelsted",Langholm,5591,0410,Middelfart,1083,"Region Syddanmark"
"Langholm, 5592 Ejby",Langholm,5592,0410,Middelfart,1083,"Region Syddanmark"
"Tanderup, 5591 Gelsted",Tanderup,5591,0410,Middelfart,1083,"Region Syddanmark"
"Margaard, 5580 Nørre Aaby",Margaard,5580,0410,Middelfart,1083,"Region Syddanmark"
"Hønnerup, 5591 Gelsted",Hønnerup,5591,0410,Middelfart,1083,"Region Syddanmark"
"Billesbølle, 5463 Harndrup",Billesbølle,5463,0410,Middelfart,1083,"Region Syddanmark"
"Billesbølle, 5560 Aarup",Billesbølle,5560,0410,Middelfart,1083,"Region Syddanmark"
"Bjørndal, 7790 Thyholm",Bjørndal,7790,0671,Struer,1082,"Region Midtjylland"
"Tårup Mark, 5591 Gelsted","Tårup Mark",5591,0410,Middelfart,1083,"Region Syddanmark"
"Fyllested Mk, 5463 Harndrup","Fyllested Mk",5463,0410,Middelfart,1083,"Region Syddanmark"
"Fyllested Mk, 5464 Brenderup Fyn","Fyllested Mk",5464,0410,Middelfart,1083,"Region Syddanmark"
"Tårup Udlod, 5591 Gelsted","Tårup Udlod",5591,0410,Middelfart,1083,"Region Syddanmark"
"Ølsted, 8380 Trige",Ølsted,8380,0710,Favrskov,1082,"Region Midtjylland"
"Borum, 8381 Tilst",Borum,8381,0751,Aarhus,1082,"Region Midtjylland"
"Borum, 8471 Sabro",Borum,8471,0710,Favrskov,1082,"Region Midtjylland"
"Nørhoved, 8766 Nørre Snede",Nørhoved,8766,0756,Ikast-Brande,1082,"Region Midtjylland"
"Nygård, 7361 Ejstrupholm",Nygård,7361,0630,Vejle,1083,"Region Syddanmark"
"Foulum, 9640 Farsø",Foulum,9640,0820,Vesthimmerlands,1081,"Region Nordjylland"
"Langdal, 9600 Aars",Langdal,9600,0820,Vesthimmerlands,1081,"Region Nordjylland"
"Ørndrup, 9640 Farsø",Ørndrup,9640,0820,Vesthimmerlands,1081,"Region Nordjylland"
"Gribstrup, 8765 Klovborg",Gribstrup,8765,0615,Horsens,1082,"Region Midtjylland"
"Tiset, 8355 Solbjerg",Tiset,8355,0751,Aarhus,1082,"Region Midtjylland"
"Tiset, 8362 Hørning",Tiset,8362,0746,Skanderborg,1082,"Region Midtjylland"
"Gl Harlev, 8462 Harlev J","Gl Harlev",8462,0751,Aarhus,1082,"Region Midtjylland"
"Fårup, 8471 Sabro",Fårup,8471,0710,Favrskov,1082,"Region Midtjylland"
"Havbro, 9600 Aars",Havbro,9600,0820,Vesthimmerlands,1081,"Region Nordjylland"
"Stenildvad, 9600 Aars",Stenildvad,9600,0820,Vesthimmerlands,1081,"Region Nordjylland"
"Lovns, 9640 Farsø",Lovns,9640,0820,Vesthimmerlands,1081,"Region Nordjylland"
"Nyrup, 9600 Aars",Nyrup,9600,0820,Vesthimmerlands,1081,"Region Nordjylland"
"Fredbjerg, 9640 Farsø",Fredbjerg,9640,0820,Vesthimmerlands,1081,"Region Nordjylland"
"Alstrup, 9640 Farsø",Alstrup,9640,0820,Vesthimmerlands,1081,"Region Nordjylland"
"Bendstrup, 8530 Hjortshøj",Bendstrup,8530,0751,Aarhus,1082,"Region Midtjylland"
"Havbrogårde, 9600 Aars",Havbrogårde,9600,0820,Vesthimmerlands,1081,"Region Nordjylland"
"Vilsted, 9670 Løgstør",Vilsted,9670,0820,Vesthimmerlands,1081,"Region Nordjylland"
"Højslev Mølg, 9600 Aars","Højslev Mølg",9600,0820,Vesthimmerlands,1081,"Region Nordjylland"
"Boest, 8766 Nørre Snede",Boest,8766,0756,Ikast-Brande,1082,"Region Midtjylland"
"Ask, 8340 Malling",Ask,8340,0727,Odder,1082,"Region Midtjylland"
"Ask, 8355 Solbjerg",Ask,8355,0751,Aarhus,1082,"Region Midtjylland"
"Testrup, 9600 Aars",Testrup,9600,0820,Vesthimmerlands,1081,"Region Nordjylland"
"Testrup, 9620 Aalestrup",Testrup,9620,0791,Viborg,1082,"Region Midtjylland"
"Sondrup, 9600 Aars",Sondrup,9600,0820,Vesthimmerlands,1081,"Region Nordjylland"
"Hornum, 9600 Aars",Hornum,9600,0820,Vesthimmerlands,1081,"Region Nordjylland"
"Lynnerup, 9240 Nibe",Lynnerup,9240,0820,Vesthimmerlands,1081,"Region Nordjylland"
"Fjelsø Mark, 9620 Aalestrup","Fjelsø Mark",9620,0791,Viborg,1082,"Region Midtjylland"
"Kodallund, 8763 Rask Mølle",Kodallund,8763,0766,Hedensted,1082,"Region Midtjylland"
"Glud, 7130 Juelsminde",Glud,7130,0766,Hedensted,1082,"Region Midtjylland"
"Skæring, 8250 Egå",Skæring,8250,0751,Aarhus,1082,"Region Midtjylland"
"Krogstrup, 9640 Farsø",Krogstrup,9640,0820,Vesthimmerlands,1081,"Region Nordjylland"
"Hegnede, 4140 Borup",Hegnede,4140,0259,Køge,1085,"Region Sjælland"
"Thorup, 9610 Nørager",Thorup,9610,0820,Vesthimmerlands,1081,"Region Nordjylland"
"Thorup, 9620 Aalestrup",Thorup,9620,0791,Viborg,1082,"Region Midtjylland"
"Kløvested, 4140 Borup",Kløvested,4140,0259,Køge,1085,"Region Sjælland"
"Slimminge, 4100 Ringsted",Slimminge,4100,0259,Køge,1085,"Region Sjælland"
"Borregård, 9670 Løgstør",Borregård,9670,0820,Vesthimmerlands,1081,"Region Nordjylland"
"Aalestrup Mk, 9620 Aalestrup","Aalestrup Mk",9620,0791,Viborg,1082,"Region Midtjylland"
"Saltofte, 4295 Stenlille",Saltofte,4295,0316,Holbæk,1085,"Region Sjælland"
"Gørslev, 4100 Ringsted",Gørslev,4100,0259,Køge,1085,"Region Sjælland"
"Haugård, 9670 Løgstør",Haugård,9670,0820,Vesthimmerlands,1081,"Region Nordjylland"
"Pugholm, 9600 Aars",Pugholm,9600,0820,Vesthimmerlands,1081,"Region Nordjylland"
"Frenderup, 4180 Sorø",Frenderup,4180,0329,Ringsted,1085,"Region Sjælland"
"Valore, 4130 Viby Sjælland",Valore,4130,0259,Køge,1085,"Region Sjælland"
"Mejlby, 8530 Hjortshøj",Mejlby,8530,0751,Aarhus,1082,"Region Midtjylland"
"Ravnholt, 7130 Juelsminde",Ravnholt,7130,0766,Hedensted,1082,"Region Midtjylland"
"Lottrup, 7130 Juelsminde",Lottrup,7130,0766,Hedensted,1082,"Region Midtjylland"
"Lyngs, 7790 Thyholm",Lyngs,7790,0671,Struer,1082,"Region Midtjylland"
"Rødby, 4970 Rødby",Rødby,4970,0360,Lolland,1085,"Region Sjælland"
"Hunseby, 4930 Maribo",Hunseby,4930,0360,Lolland,1085,"Region Sjælland"
"Hunseby, 4941 Bandholm",Hunseby,4941,0360,Lolland,1085,"Region Sjælland"
"Egelund, 4895 Errindlev",Egelund,4895,0360,Lolland,1085,"Region Sjælland"
"Halsted, 4900 Nakskov",Halsted,4900,0360,Lolland,1085,"Region Sjælland"
"Holeby, 4930 Maribo",Holeby,4930,0360,Lolland,1085,"Region Sjælland"
"Holeby, 4960 Holeby",Holeby,4960,0360,Lolland,1085,"Region Sjælland"
"Bottrup, 8723 Løsning",Bottrup,8723,0766,Hedensted,1082,"Region Midtjylland"
"V Karleby, 4900 Nakskov","V Karleby",4900,0360,Lolland,1085,"Region Sjælland"
"V Karleby, 4913 Horslunde","V Karleby",4913,0360,Lolland,1085,"Region Sjælland"
"Pilet, 4970 Rødby",Pilet,4970,0360,Lolland,1085,"Region Sjælland"
"Torpe, 4960 Holeby",Torpe,4960,0360,Lolland,1085,"Region Sjælland"
"Blans, 4941 Bandholm",Blans,4941,0360,Lolland,1085,"Region Sjælland"
"Blans, 4952 Stokkemarke",Blans,4952,0360,Lolland,1085,"Region Sjælland"
"Eriknauer, 8700 Horsens",Eriknauer,8700,0615,Horsens,1082,"Region Midtjylland"
"Eriknauer, 8723 Løsning",Eriknauer,8723,0766,Hedensted,1082,"Region Midtjylland"
"Bjerre, 7130 Juelsminde",Bjerre,7130,0766,Hedensted,1082,"Region Midtjylland"
"Bjerre, 8781 Stenderup",Bjerre,8781,0615,Horsens,1082,"Region Midtjylland"
"Bjerre, 8783 Hornsyld",Bjerre,8783,0615,Horsens,1082,"Region Midtjylland"
"Hage, 7160 Tørring",Hage,7160,0630,Vejle,1083,"Region Syddanmark"
"Strøby, 4671 Strøby",Strøby,4671,0336,Stevns,1085,"Region Sjælland"
"Barup, 4652 Hårlev",Barup,4652,0320,Faxe,1085,"Region Sjælland"
"Barup, 4653 Karise",Barup,4653,0320,Faxe,1085,"Region Sjælland"
"Gesager, 8722 Hedensted",Gesager,8722,0766,Hedensted,1082,"Region Midtjylland"
"Løsning Nrmk, 8723 Løsning","Løsning Nrmk",8723,0766,Hedensted,1082,"Region Midtjylland"
"Glattrup, 7130 Juelsminde",Glattrup,7130,0766,Hedensted,1082,"Region Midtjylland"
"Ølby, 7600 Struer",Ølby,7600,0661,Holstebro,1082,"Region Midtjylland"
"Ll Tårnby, 4652 Hårlev","Ll Tårnby",4652,0320,Faxe,1085,"Region Sjælland"
"Maribo, 4930 Maribo",Maribo,4930,0360,Lolland,1085,"Region Sjælland"
"Sædinge, 4970 Rødby",Sædinge,4970,0360,Lolland,1085,"Region Sjælland"
"St Dalby, 8722 Hedensted","St Dalby",8722,0766,Hedensted,1082,"Region Midtjylland"
"Torslunde, 4895 Errindlev",Torslunde,4895,0360,Lolland,1085,"Region Sjælland"
"Torslunde, 4960 Holeby",Torslunde,4960,0360,Lolland,1085,"Region Sjælland"
"Sdr Aldum, 8781 Stenderup","Sdr Aldum",8781,0615,Horsens,1082,"Region Midtjylland"
"Rask Mark, 8763 Rask Mølle","Rask Mark",8763,0766,Hedensted,1082,"Region Midtjylland"
"Sønderby, 4653 Karise",Sønderby,4653,0320,Faxe,1085,"Region Sjælland"
"Enderslev, 4652 Hårlev",Enderslev,4652,0320,Faxe,1085,"Region Sjælland"
"Ørnsvig, 7130 Juelsminde",Ørnsvig,7130,0766,Hedensted,1082,"Region Midtjylland"
"Onsevig, 4913 Horslunde",Onsevig,4913,0360,Lolland,1085,"Region Sjælland"
"Klejs, 7130 Juelsminde",Klejs,7130,0766,Hedensted,1082,"Region Midtjylland"
"Egebjerg, 7790 Thyholm",Egebjerg,7790,0671,Struer,1082,"Region Midtjylland"
"Hjortsvang, 7160 Tørring",Hjortsvang,7160,0630,Vejle,1083,"Region Syddanmark"
"Nr.Hvidbjerg, 7790 Thyholm",Nr.Hvidbjerg,7790,0671,Struer,1082,"Region Midtjylland"
"Bandholm, 4941 Bandholm",Bandholm,4941,0360,Lolland,1085,"Region Sjælland"
"Tinghuse, 8783 Hornsyld",Tinghuse,8783,0615,Horsens,1082,"Region Midtjylland"
"Bøgballe, 7171 Uldum",Bøgballe,7171,0766,Hedensted,1082,"Region Midtjylland"
"Håsum-Rettr, 7860 Spøttrup",Håsum-Rettr,7860,0779,Skive,1082,"Region Midtjylland"
"Kisumkær, 7800 Skive",Kisumkær,7800,0661,Holstebro,1082,"Region Midtjylland"
"Sønder Onsild Stationsby, 9500 Hobro","Sønder Onsild Stationsby",9500,0791,Viborg,1082,"Region Midtjylland"
"Hørup, 3550 Slangerup",Hørup,3550,0201,Allerød,1084,"Region Hovedstaden"
"Snæbum, 9500 Hobro",Snæbum,9500,0791,Viborg,1082,"Region Midtjylland"
"Nr Lem, 7860 Spøttrup","Nr Lem",7860,0779,Skive,1082,"Region Midtjylland"
"Jebjerg, 7870 Roslev",Jebjerg,7870,0779,Skive,1082,"Region Midtjylland"
"Ajstrup, 9560 Hadsund",Ajstrup,9560,0840,Rebild,1081,"Region Nordjylland"
"Toustrup, 7870 Roslev",Toustrup,7870,0779,Skive,1082,"Region Midtjylland"
"Hindborg, 7800 Skive",Hindborg,7800,0661,Holstebro,1082,"Region Midtjylland"
"Hvilsom, 9500 Hobro",Hvilsom,9500,0791,Viborg,1082,"Region Midtjylland"
"Stinesminde, 9500 Hobro",Stinesminde,9500,0791,Viborg,1082,"Region Midtjylland"
"Gørlev Mark, 4281 Gørlev","Gørlev Mark",4281,0326,Kalundborg,1085,"Region Sjælland"
"Bjerge Str, 4480 Store Fuglede","Bjerge Str",4480,0326,Kalundborg,1085,"Region Sjælland"
"Vium, 7870 Roslev",Vium,7870,0779,Skive,1082,"Region Midtjylland"
"Dyndengen, 4291 Ruds Vedby",Dyndengen,4291,0326,Kalundborg,1085,"Region Sjælland"
"Asmindrup, 4400 Kalundborg",Asmindrup,4400,0326,Kalundborg,1085,"Region Sjælland"
"V Lem, 7860 Spøttrup","V Lem",7860,0779,Skive,1082,"Region Midtjylland"
"Nørhede, 7860 Spøttrup",Nørhede,7860,0779,Skive,1082,"Region Midtjylland"
"Vinkel, 7840 Højslev",Vinkel,7840,0779,Skive,1082,"Region Midtjylland"
"S Ørum Mark, 7840 Højslev","S Ørum Mark",7840,0779,Skive,1082,"Region Midtjylland"
"Mullerup By, 4200 Slagelse","Mullerup By",4200,0326,Kalundborg,1085,"Region Sjælland"
"Lundhede, 7800 Skive",Lundhede,7800,0661,Holstebro,1082,"Region Midtjylland"
"Bruddal, 7840 Højslev",Bruddal,7840,0779,Skive,1082,"Region Midtjylland"
"Bjerge Mark, 4480 Store Fuglede","Bjerge Mark",4480,0326,Kalundborg,1085,"Region Sjælland"
"Drøsselbjerg, 4200 Slagelse",Drøsselbjerg,4200,0326,Kalundborg,1085,"Region Sjælland"
"Favrbo, 4460 Snertinge",Favrbo,4460,0316,Holbæk,1085,"Region Sjælland"
"Mastrup, 4592 Sejerø",Mastrup,4592,0326,Kalundborg,1085,"Region Sjælland"
"Tustrup, 7870 Roslev",Tustrup,7870,0779,Skive,1082,"Region Midtjylland"
"Willestrup, 9510 Arden",Willestrup,9510,0840,Rebild,1081,"Region Nordjylland"
"Bustrup, 7860 Spøttrup",Bustrup,7860,0779,Skive,1082,"Region Midtjylland"
"Houtved, 9500 Hobro",Houtved,9500,0791,Viborg,1082,"Region Midtjylland"
"Ørslevkloster, 7840 Højslev",Ørslevkloster,7840,0779,Skive,1082,"Region Midtjylland"
"Debel, 7884 Fur",Debel,7884,0779,Skive,1082,"Region Midtjylland"
"Rødding, 7860 Spøttrup",Rødding,7860,0779,Skive,1082,"Region Midtjylland"
"Sejerby, 4592 Sejerø",Sejerby,4592,0326,Kalundborg,1085,"Region Sjælland"
"Åsted, 7870 Roslev",Åsted,7870,0779,Skive,1082,"Region Midtjylland"
"Skrødstrup, 9550 Mariager",Skrødstrup,9550,0730,Randers,1082,"Region Midtjylland"
"Astrup, 9510 Arden",Astrup,9510,0840,Rebild,1081,"Region Nordjylland"
"Odinsparken, 4270 Høng",Odinsparken,4270,0326,Kalundborg,1085,"Region Sjælland"
"Frankerup, 4400 Kalundborg",Frankerup,4400,0326,Kalundborg,1085,"Region Sjælland"
"Engvang, 4270 Høng",Engvang,4270,0326,Kalundborg,1085,"Region Sjælland"
"Løjesbjerg, 4291 Ruds Vedby",Løjesbjerg,4291,0326,Kalundborg,1085,"Region Sjælland"
"Bonderup, 4050 Skibby",Bonderup,4050,0250,Frederikssund,1084,"Region Hovedstaden"
"Næstild, 7860 Spøttrup",Næstild,7860,0779,Skive,1082,"Region Midtjylland"
"Torpe, 4270 Høng",Torpe,4270,0326,Kalundborg,1085,"Region Sjælland"
"Torpe, 4281 Gørlev",Torpe,4281,0326,Kalundborg,1085,"Region Sjælland"
"Kirke Helsinge, 4281 Gørlev","Kirke Helsinge",4281,0326,Kalundborg,1085,"Region Sjælland"
"Tørslev Mark, 3630 Jægerspris","Tørslev Mark",3630,0250,Frederikssund,1084,"Region Hovedstaden"
"Lundgaard, 9510 Arden",Lundgaard,9510,0840,Rebild,1081,"Region Nordjylland"
"Sem, 9550 Mariager",Sem,9550,0730,Randers,1082,"Region Midtjylland"
"Egelund, 9510 Arden",Egelund,9510,0840,Rebild,1081,"Region Nordjylland"
"Hygum, 7300 Jelling",Hygum,7300,0630,Vejle,1083,"Region Syddanmark"
"Sejrup, 7323 Give",Sejrup,7323,0630,Vejle,1083,"Region Syddanmark"
"Storarden, 9510 Arden",Storarden,9510,0840,Rebild,1081,"Region Nordjylland"
"Tofthøj, 7300 Jelling",Tofthøj,7300,0630,Vejle,1083,"Region Syddanmark"
"Tofthøj, 7321 Gadbjerg",Tofthøj,7321,0630,Vejle,1083,"Region Syddanmark"
"Tofthøj, 7323 Give",Tofthøj,7323,0630,Vejle,1083,"Region Syddanmark"
"Ringive, 7323 Give",Ringive,7323,0630,Vejle,1083,"Region Syddanmark"
"Høndrup, 9500 Hobro",Høndrup,9500,0791,Viborg,1082,"Region Midtjylland"
"Øster Doense, 9500 Hobro","Øster Doense",9500,0791,Viborg,1082,"Region Midtjylland"
"Kirkholt, 9740 Jerslev J",Kirkholt,9740,0810,Brønderslev,1081,"Region Nordjylland"
"Hallund, 9700 Brønderslev",Hallund,9700,0810,Brønderslev,1081,"Region Nordjylland"
"Enkelund, 7323 Give",Enkelund,7323,0630,Vejle,1083,"Region Syddanmark"
"Øster Brønderslev, 9700 Brønderslev","Øster Brønderslev",9700,0810,Brønderslev,1081,"Region Nordjylland"
"Klokkerholm, 9320 Hjallerup",Klokkerholm,9320,0810,Brønderslev,1081,"Region Nordjylland"
"Hjerritsdal, 9500 Hobro",Hjerritsdal,9500,0791,Viborg,1082,"Region Midtjylland"
"Klausholm, 7321 Gadbjerg",Klausholm,7321,0630,Vejle,1083,"Region Syddanmark"
"Ø. Hjermitslev, 9700 Brønderslev","Ø. Hjermitslev",9700,0810,Brønderslev,1081,"Region Nordjylland"
"Hobro By, 9500 Hobro","Hobro By",9500,0791,Viborg,1082,"Region Midtjylland"
"Hou, 9550 Mariager",Hou,9550,0730,Randers,1082,"Region Midtjylland"
"Thoruphede, 9510 Arden",Thoruphede,9510,0840,Rebild,1081,"Region Nordjylland"
"Kokborg, 7323 Give",Kokborg,7323,0630,Vejle,1083,"Region Syddanmark"
"Hellum, 9740 Jerslev J",Hellum,9740,0810,Brønderslev,1081,"Region Nordjylland"
"Hvejsel, 7300 Jelling",Hvejsel,7300,0630,Vejle,1083,"Region Syddanmark"
"Nr. Vilstrup, 7100 Vejle","Nr. Vilstrup",7100,0630,Vejle,1083,"Region Syddanmark"
"Allerup, 9320 Hjallerup",Allerup,9320,0810,Brønderslev,1081,"Region Nordjylland"
"Ravnstrup, 9320 Hjallerup",Ravnstrup,9320,0810,Brønderslev,1081,"Region Nordjylland"
"Tostrup, 9560 Hadsund",Tostrup,9560,0840,Rebild,1081,"Region Nordjylland"
"Egsgård, 7323 Give",Egsgård,7323,0630,Vejle,1083,"Region Syddanmark"
"Rugballe, 7100 Vejle",Rugballe,7100,0630,Vejle,1083,"Region Syddanmark"
"Rugballe, 7300 Jelling",Rugballe,7300,0630,Vejle,1083,"Region Syddanmark"
"Østerhoved, 7323 Give",Østerhoved,7323,0630,Vejle,1083,"Region Syddanmark"
"Vandborg, 7323 Give",Vandborg,7323,0630,Vejle,1083,"Region Syddanmark"
"Thise Udflytter, 9700 Brønderslev","Thise Udflytter",9700,0810,Brønderslev,1081,"Region Nordjylland"
"Flø, 7330 Brande",Flø,7330,0630,Vejle,1083,"Region Syddanmark"
"Tranholm, 8765 Klovborg",Tranholm,8765,0615,Horsens,1082,"Region Midtjylland"
"Tranholm, 8766 Nørre Snede",Tranholm,8766,0756,Ikast-Brande,1082,"Region Midtjylland"
"Omvrå, 7330 Brande",Omvrå,7330,0630,Vejle,1083,"Region Syddanmark"
"Skade, 8765 Klovborg",Skade,8765,0615,Horsens,1082,"Region Midtjylland"
"Odderbæk, 7323 Give",Odderbæk,7323,0630,Vejle,1083,"Region Syddanmark"
"Uhrhøj, 7100 Vejle",Uhrhøj,7100,0630,Vejle,1083,"Region Syddanmark"
"Klattrup, 7000 Fredericia",Klattrup,7000,0607,Fredericia,1083,"Region Syddanmark"
"Klattrup, 7100 Vejle",Klattrup,7100,0630,Vejle,1083,"Region Syddanmark"
"Blåhøj, 7330 Brande",Blåhøj,7330,0630,Vejle,1083,"Region Syddanmark"
"Ronæs, 5960 Marstal",Ronæs,5960,0492,Ærø,1083,"Region Syddanmark"
"Hesselbjerge, 7323 Give",Hesselbjerge,7323,0630,Vejle,1083,"Region Syddanmark"
"Hesselbjerge, 7330 Brande",Hesselbjerge,7330,0630,Vejle,1083,"Region Syddanmark"
"Ø. Thorsted, 6040 Egtved","Ø. Thorsted",6040,0621,Kolding,1083,"Region Syddanmark"
"Egtved Skov, 6040 Egtved","Egtved Skov",6040,0621,Kolding,1083,"Region Syddanmark"
"Kirke Værløse, 3500 Værløse","Kirke Værløse",3500,0151,Ballerup,1084,"Region Hovedstaden"
"Bredballe, 7100 Vejle",Bredballe,7100,0630,Vejle,1083,"Region Syddanmark"
"Bredballe, 7120 Vejle Øst",Bredballe,7120,0630,Vejle,1083,"Region Syddanmark"
"Risbank, 7330 Brande",Risbank,7330,0630,Vejle,1083,"Region Syddanmark"
"Brøndbjerg, 9510 Arden",Brøndbjerg,9510,0840,Rebild,1081,"Region Nordjylland"
"Lille Mølle, 9500 Hobro","Lille Mølle",9500,0791,Viborg,1082,"Region Midtjylland"
"Klelund, 6650 Brørup",Klelund,6650,0575,Vejen,1083,"Region Syddanmark"
"Klelund, 6670 Holsted",Klelund,6670,0561,Esbjerg,1083,"Region Syddanmark"
"Klelund, 6682 Hovborg",Klelund,6682,0530,Billund,1083,"Region Syddanmark"
"Mårsø, 4300 Holbæk",Mårsø,4300,0316,Holbæk,1085,"Region Sjælland"
"Sdr. Asmindrup, 4390 Vipperød","Sdr. Asmindrup",4390,0316,Holbæk,1085,"Region Sjælland"
"Dramstrup, 4420 Regstrup",Dramstrup,4420,0316,Holbæk,1085,"Region Sjælland"
"Aabølling, 6683 Føvling",Aabølling,6683,0561,Esbjerg,1083,"Region Syddanmark"
"Folding, 6650 Brørup",Folding,6650,0575,Vejen,1083,"Region Syddanmark"
"Brøstrup, 6630 Rødding",Brøstrup,6630,0510,Haderslev,1083,"Region Syddanmark"
"Hf. 1912, 4300 Holbæk","Hf. 1912",4300,0316,Holbæk,1085,"Region Sjælland"
"Kirkeby, 6854 Henne",Kirkeby,6854,0573,Varde,1083,"Region Syddanmark"
"Yderik Sig, 6800 Varde","Yderik Sig",6800,0573,Varde,1083,"Region Syddanmark"
"Koldkær, 9370 Hals",Koldkær,9370,0810,Brønderslev,1081,"Region Nordjylland"
"Nr Hebo, 6851 Janderup Vestj","Nr Hebo",6851,0573,Varde,1083,"Region Syddanmark"
"Stestrup, 4360 Kirke Eskilstrup",Stestrup,4360,0316,Holbæk,1085,"Region Sjælland"
"Bjalderup, 6870 Ølgod",Bjalderup,6870,0573,Varde,1083,"Region Syddanmark"
"Vagtborg, 6800 Varde",Vagtborg,6800,0573,Varde,1083,"Region Syddanmark"
"Smidstrup, 4330 Hvalsø",Smidstrup,4330,0316,Holbæk,1085,"Region Sjælland"
"Holmen, 4100 Ringsted",Holmen,4100,0259,Køge,1085,"Region Sjælland"
"Sebberklost., 9240 Nibe",Sebberklost.,9240,0820,Vesthimmerlands,1081,"Region Nordjylland"
"Brorfelde, 4300 Holbæk",Brorfelde,4300,0316,Holbæk,1085,"Region Sjælland"
"Brorfelde, 4340 Tølløse",Brorfelde,4340,0316,Holbæk,1085,"Region Sjælland"
"Brorfelde, 4350 Ugerløse",Brorfelde,4350,0316,Holbæk,1085,"Region Sjælland"
"Farstrup, 9240 Nibe",Farstrup,9240,0820,Vesthimmerlands,1081,"Region Nordjylland"
"Hygummark, 6630 Rødding",Hygummark,6630,0510,Haderslev,1083,"Region Syddanmark"
"Gudmandstrup, 4520 Svinninge",Gudmandstrup,4520,0316,Holbæk,1085,"Region Sjælland"
"Mogenstrup, 4420 Regstrup",Mogenstrup,4420,0316,Holbæk,1085,"Region Sjælland"
"Storvorde, 9280 Storvorde",Storvorde,9280,0851,Aalborg,1081,"Region Nordjylland"
"Viderupkær, 9240 Nibe",Viderupkær,9240,0820,Vesthimmerlands,1081,"Region Nordjylland"
"Lundbæk, 9240 Nibe",Lundbæk,9240,0820,Vesthimmerlands,1081,"Region Nordjylland"
"Ny Hagested, 4300 Holbæk","Ny Hagested",4300,0316,Holbæk,1085,"Region Sjælland"
"Ny Hagested, 4532 Gislinge","Ny Hagested",4532,0316,Holbæk,1085,"Region Sjælland"
"Vognserup, 4420 Regstrup",Vognserup,4420,0316,Holbæk,1085,"Region Sjælland"
"Vognserup, 4520 Svinninge",Vognserup,4520,0316,Holbæk,1085,"Region Sjælland"
"Torup, 7950 Erslev",Torup,7950,0773,Morsø,1081,"Region Nordjylland"
"Ø Hvidbjerg, 7960 Karby","Ø Hvidbjerg",7960,0773,Morsø,1081,"Region Nordjylland"
"Ø Hvidbjerg, 7970 Redsted M","Ø Hvidbjerg",7970,0773,Morsø,1081,"Region Nordjylland"
"Vilsgård, 7980 Vils",Vilsgård,7980,0773,Morsø,1081,"Region Nordjylland"
"Godthåb, 5900 Rudkøbing",Godthåb,5900,0482,Langeland,1083,"Region Syddanmark"
"Ny Skrøbelev, 5900 Rudkøbing","Ny Skrøbelev",5900,0482,Langeland,1083,"Region Syddanmark"
"Stoense Havn, 5953 Tranekær","Stoense Havn",5953,0482,Langeland,1083,"Region Syddanmark"
"Ravneryd, 5900 Rudkøbing",Ravneryd,5900,0482,Langeland,1083,"Region Syddanmark"
"Frydsbrønd, 7900 Nykøbing M",Frydsbrønd,7900,0773,Morsø,1081,"Region Nordjylland"
"Assemose, 5900 Rudkøbing",Assemose,5900,0482,Langeland,1083,"Region Syddanmark"
"Svalebølle, 5953 Tranekær",Svalebølle,5953,0482,Langeland,1083,"Region Syddanmark"
"Lille Snøde, 5953 Tranekær","Lille Snøde",5953,0482,Langeland,1083,"Region Syddanmark"
"Stoense Udflytter, 5953 Tranekær","Stoense Udflytter",5953,0482,Langeland,1083,"Region Syddanmark"
"Vindeby, 5900 Rudkøbing",Vindeby,5900,0482,Langeland,1083,"Region Syddanmark"
"Nykøbing Mors, 7900 Nykøbing M","Nykøbing Mors",7900,0773,Morsø,1081,"Region Nordjylland"
"Fjallerslev, 7900 Nykøbing M",Fjallerslev,7900,0773,Morsø,1081,"Region Nordjylland"
"Bastemose, 5953 Tranekær",Bastemose,5953,0482,Langeland,1083,"Region Syddanmark"
"Gurede, 4300 Holbæk",Gurede,4300,0316,Holbæk,1085,"Region Sjælland"
"Sdr Lem, 7860 Spøttrup","Sdr Lem",7860,0779,Skive,1082,"Region Midtjylland"
"Nørre Dråby, 7900 Nykøbing M","Nørre Dråby",7900,0773,Morsø,1081,"Region Nordjylland"
"Grønnebjærg, 4360 Kirke Eskilstrup",Grønnebjærg,4360,0316,Holbæk,1085,"Region Sjælland"
"Krøjerup, 4420 Regstrup",Krøjerup,4420,0316,Holbæk,1085,"Region Sjælland"
"Botofte, 5953 Tranekær",Botofte,5953,0482,Langeland,1083,"Region Syddanmark"
"Fjællebro, 4440 Mørkøv",Fjællebro,4440,0316,Holbæk,1085,"Region Sjælland"
"Uglebjerg, 5953 Tranekær",Uglebjerg,5953,0482,Langeland,1083,"Region Syddanmark"
"Klavsebølle, 5953 Tranekær",Klavsebølle,5953,0482,Langeland,1083,"Region Syddanmark"
"Rønnekilde, 4450 Jyderup",Rønnekilde,4450,0316,Holbæk,1085,"Region Sjælland"
"Hvirp, 7884 Fur",Hvirp,7884,0779,Skive,1082,"Region Midtjylland"
"Gl. Åsted, 7870 Roslev","Gl. Åsted",7870,0779,Skive,1082,"Region Midtjylland"
"V Hvidbjerg, 7960 Karby","V Hvidbjerg",7960,0773,Morsø,1081,"Region Nordjylland"
"V Hvidbjerg, 7970 Redsted M","V Hvidbjerg",7970,0773,Morsø,1081,"Region Nordjylland"
"Rødsten, 7884 Fur",Rødsten,7884,0779,Skive,1082,"Region Midtjylland"
"Bådsgård, 7840 Højslev",Bådsgård,7840,0779,Skive,1082,"Region Midtjylland"
"Sundsøre, 7870 Roslev",Sundsøre,7870,0779,Skive,1082,"Region Midtjylland"
"Kassebølle, 5900 Rudkøbing",Kassebølle,5900,0482,Langeland,1083,"Region Syddanmark"
"Ejstrup, 7960 Karby",Ejstrup,7960,0773,Morsø,1081,"Region Nordjylland"
"Ejstrup, 7970 Redsted M",Ejstrup,7970,0773,Morsø,1081,"Region Nordjylland"
"Estre, 5953 Tranekær",Estre,5953,0482,Langeland,1083,"Region Syddanmark"
"Bøstrup, 5953 Tranekær",Bøstrup,5953,0482,Langeland,1083,"Region Syddanmark"
"Søvertorp, 5900 Rudkøbing",Søvertorp,5900,0482,Langeland,1083,"Region Syddanmark"
"Vindeltorpe, 5900 Rudkøbing",Vindeltorpe,5900,0482,Langeland,1083,"Region Syddanmark"
"Søndenbro, 5935 Bagenkop",Søndenbro,5935,0482,Langeland,1083,"Region Syddanmark"
"Egeløkke, 5953 Tranekær",Egeløkke,5953,0482,Langeland,1083,"Region Syddanmark"
"Tødsø, 7900 Nykøbing M",Tødsø,7900,0773,Morsø,1081,"Region Nordjylland"
"Tødsø, 7950 Erslev",Tødsø,7950,0773,Morsø,1081,"Region Nordjylland"
"Helleved, 5900 Rudkøbing",Helleved,5900,0482,Langeland,1083,"Region Syddanmark"
"Gammel Skrøbelev, 5900 Rudkøbing","Gammel Skrøbelev",5900,0482,Langeland,1083,"Region Syddanmark"
"Strandby, 5953 Tranekær",Strandby,5953,0482,Langeland,1083,"Region Syddanmark"
"Ormstrup, 5932 Humble",Ormstrup,5932,0482,Langeland,1083,"Region Syddanmark"
"Bråde, 4500 Nykøbing Sj",Bråde,4500,0306,Odsherred,1085,"Region Sjælland"
"Bråde, 4560 Vig",Bråde,4560,0306,Odsherred,1085,"Region Sjælland"
"Auning, 8963 Auning",Auning,8963,0706,Syddjurs,1082,"Region Midtjylland"
"Ørsted, 8950 Ørsted",Ørsted,8950,0707,Norddjurs,1082,"Region Midtjylland"
"Kelstrup, 4560 Vig",Kelstrup,4560,0306,Odsherred,1085,"Region Sjælland"
"Gudmindrup Lyng, 4573 Højby","Gudmindrup Lyng",4573,0306,Odsherred,1085,"Region Sjælland"
"Åstrup, 8500 Grenaa",Åstrup,8500,0707,Norddjurs,1082,"Region Midtjylland"
"V Alling, 8963 Auning","V Alling",8963,0706,Syddjurs,1082,"Region Midtjylland"
"Vivild, 8950 Ørsted",Vivild,8950,0707,Norddjurs,1082,"Region Midtjylland"
"Vivild, 8961 Allingåbro",Vivild,8961,0707,Norddjurs,1082,"Region Midtjylland"
"Sidinge, 4500 Nykøbing Sj",Sidinge,4500,0306,Odsherred,1085,"Region Sjælland"
"Sidinge, 4560 Vig",Sidinge,4560,0306,Odsherred,1085,"Region Sjælland"
"Asnæs, 4550 Asnæs",Asnæs,4550,0306,Odsherred,1085,"Region Sjælland"
"Voer, 8950 Ørsted",Voer,8950,0707,Norddjurs,1082,"Region Midtjylland"
"Veddinge Bk, 4540 Fårevejle","Veddinge Bk",4540,0306,Odsherred,1085,"Region Sjælland"
"Veddinge Bk, 4550 Asnæs","Veddinge Bk",4550,0306,Odsherred,1085,"Region Sjælland"
"Tårup Mark, 8963 Auning","Tårup Mark",8963,0706,Syddjurs,1082,"Region Midtjylland"
"Kollekolle, 4560 Vig",Kollekolle,4560,0306,Odsherred,1085,"Region Sjælland"
"Kollekolle, 4572 Nørre Asmindrup",Kollekolle,4572,0306,Odsherred,1085,"Region Sjælland"
"Stenstrup L, 4573 Højby","Stenstrup L",4573,0306,Odsherred,1085,"Region Sjælland"
"Østervang, 4583 Sjællands Odde",Østervang,4583,0306,Odsherred,1085,"Region Sjælland"
"Annebjerg, 4500 Nykøbing Sj",Annebjerg,4500,0306,Odsherred,1085,"Region Sjælland"
"Ø Alling, 8963 Auning","Ø Alling",8963,0706,Syddjurs,1082,"Region Midtjylland"
"Lundby, 8961 Allingåbro",Lundby,8961,0707,Norddjurs,1082,"Region Midtjylland"
"Albøge, 8560 Kolind",Albøge,8560,0706,Syddjurs,1082,"Region Midtjylland"
"Albøge, 8570 Trustrup",Albøge,8570,0706,Syddjurs,1082,"Region Midtjylland"
"Kare, 8950 Ørsted",Kare,8950,0707,Norddjurs,1082,"Region Midtjylland"
"Resen, 7470 Karup J",Resen,7470,0657,Herning,1082,"Region Midtjylland"
"Resen, 7540 Haderup",Resen,7540,0657,Herning,1082,"Region Midtjylland"
"Brunmose, 8550 Ryomgård",Brunmose,8550,0706,Syddjurs,1082,"Region Midtjylland"
"Stårup, 4500 Nykøbing Sj",Stårup,4500,0306,Odsherred,1085,"Region Sjælland"
"Tengslemrk, 4573 Højby",Tengslemrk,4573,0306,Odsherred,1085,"Region Sjælland"
"Højby Lyng, 4573 Højby","Højby Lyng",4573,0306,Odsherred,1085,"Region Sjælland"
"Haveforening De Gamle Haver, 8500 Grenaa","Haveforening De Gamle Haver",8500,0707,Norddjurs,1082,"Region Midtjylland"
"Stensmark, 8500 Grenaa",Stensmark,8500,0707,Norddjurs,1082,"Region Midtjylland"
"Albæk, 8500 Grenaa",Albæk,8500,0707,Norddjurs,1082,"Region Midtjylland"
"Fuglsang Str, 8500 Grenaa","Fuglsang Str",8500,0707,Norddjurs,1082,"Region Midtjylland"
"Lyngdal, 8570 Trustrup",Lyngdal,8570,0706,Syddjurs,1082,"Region Midtjylland"
"Vester Lyng, 4500 Nykøbing Sj","Vester Lyng",4500,0306,Odsherred,1085,"Region Sjælland"
"Selkær Mølle, 8585 Glesborg","Selkær Mølle",8585,0707,Norddjurs,1082,"Region Midtjylland"
"Bønnerup, 8585 Glesborg",Bønnerup,8585,0707,Norddjurs,1082,"Region Midtjylland"
"Helenehøj, 4573 Højby",Helenehøj,4573,0306,Odsherred,1085,"Region Sjælland"
"Sejstrup, 4560 Vig",Sejstrup,4560,0306,Odsherred,1085,"Region Sjælland"
"Heden, 5750 Ringe",Heden,5750,0430,Faaborg-Midtfyn,1083,"Region Syddanmark"
"Søllinge, 5750 Ringe",Søllinge,5750,0430,Faaborg-Midtfyn,1083,"Region Syddanmark"
"Løvskal, 8850 Bjerringbro",Løvskal,8850,0710,Favrskov,1082,"Region Midtjylland"
"Ferritslev, 5550 Langeskov",Ferritslev,5550,0430,Faaborg-Midtfyn,1083,"Region Syddanmark"
"Ferritslev, 5863 Ferritslev Fyn",Ferritslev,5863,0430,Faaborg-Midtfyn,1083,"Region Syddanmark"
"Vallund, 6870 Ølgod",Vallund,6870,0573,Varde,1083,"Region Syddanmark"
"Houstrup, 6830 Nørre Nebel",Houstrup,6830,0573,Varde,1083,"Region Syddanmark"
"Kølvrå, 7470 Karup J",Kølvrå,7470,0657,Herning,1082,"Region Midtjylland"
"Troestrup, 9500 Hobro",Troestrup,9500,0791,Viborg,1082,"Region Midtjylland"
"Fristrup, 9500 Hobro",Fristrup,9500,0791,Viborg,1082,"Region Midtjylland"
"Vesterlund, 6830 Nørre Nebel",Vesterlund,6830,0573,Varde,1083,"Region Syddanmark"
"Tarup, 5792 Årslev",Tarup,5792,0430,Faaborg-Midtfyn,1083,"Region Syddanmark"
"Henne Strand, 6854 Henne","Henne Strand",6854,0573,Varde,1083,"Region Syddanmark"
"Gundelund, 8800 Viborg",Gundelund,8800,0740,Silkeborg,1082,"Region Midtjylland"
"Mejls, 6800 Varde",Mejls,6800,0573,Varde,1083,"Region Syddanmark"
"Kellerup, 5750 Ringe",Kellerup,5750,0430,Faaborg-Midtfyn,1083,"Region Syddanmark"
"Vinkel, 8800 Viborg",Vinkel,8800,0740,Silkeborg,1082,"Region Midtjylland"
"Roum Bæk, 9632 Møldrup","Roum Bæk",9632,0791,Viborg,1082,"Region Midtjylland"
"Vester Åby, 5600 Faaborg","Vester Åby",5600,0430,Faaborg-Midtfyn,1083,"Region Syddanmark"
"Vester Åby, 5762 Vester Skerninge","Vester Åby",5762,0430,Faaborg-Midtfyn,1083,"Region Syddanmark"
"Hjermind, 8850 Bjerringbro",Hjermind,8850,0710,Favrskov,1082,"Region Midtjylland"
"Jegum, 6840 Oksbøl",Jegum,6840,0573,Varde,1083,"Region Syddanmark"
"Daugbjerg, 8800 Viborg",Daugbjerg,8800,0740,Silkeborg,1082,"Region Midtjylland"
"O Viskum, 8830 Tjele","O Viskum",8830,0791,Viborg,1082,"Region Midtjylland"
"Overlund, 8800 Viborg",Overlund,8800,0740,Silkeborg,1082,"Region Midtjylland"
"Lammehave, 5750 Ringe",Lammehave,5750,0430,Faaborg-Midtfyn,1083,"Region Syddanmark"
"Låstrup, 8832 Skals",Låstrup,8832,0791,Viborg,1082,"Region Midtjylland"
"Lånum, 7850 Stoholm Jyll",Lånum,7850,0791,Viborg,1082,"Region Midtjylland"
"Skibelund, 8850 Bjerringbro",Skibelund,8850,0710,Favrskov,1082,"Region Midtjylland"
"Engelsborg, 8800 Viborg",Engelsborg,8800,0740,Silkeborg,1082,"Region Midtjylland"
"Finderup, 8800 Viborg",Finderup,8800,0740,Silkeborg,1082,"Region Midtjylland"
"Faarup, 8840 Rødkærsbro",Faarup,8840,0740,Silkeborg,1082,"Region Midtjylland"
"Skærshale, 9620 Aalestrup",Skærshale,9620,0791,Viborg,1082,"Region Midtjylland"
"Ørsted, 4130 Viby Sjælland",Ørsted,4130,0259,Køge,1085,"Region Sjælland"
"Ørsted, 4622 Havdrup",Ørsted,4622,0265,Roskilde,1085,"Region Sjælland"
"Ørsted, 4623 Lille Skensved",Ørsted,4623,0259,Køge,1085,"Region Sjælland"
"Kildekrog, 3100 Hornbæk",Kildekrog,3100,0217,Helsingør,1084,"Region Hovedstaden"
"Jonstrup, 3080 Tikøb",Jonstrup,3080,0217,Helsingør,1084,"Region Hovedstaden"
"Jonstrup, 3480 Fredensborg",Jonstrup,3480,0210,Fredensborg,1084,"Region Hovedstaden"
"Stenstrup, 3100 Hornbæk",Stenstrup,3100,0217,Helsingør,1084,"Region Hovedstaden"
"Kelleris, 3490 Kvistgård",Kelleris,3490,0210,Fredensborg,1084,"Region Hovedstaden"
"St Linde, 4653 Karise","St Linde",4653,0320,Faxe,1085,"Region Sjælland"
"Lindersvold, 4640 Faxe",Lindersvold,4640,0320,Faxe,1085,"Region Sjælland"
"Tågerup, 4000 Roskilde",Tågerup,4000,0169,Høje-Taastrup,1084,"Region Hovedstaden"
"Plejelt, 3080 Tikøb",Plejelt,3080,0217,Helsingør,1084,"Region Hovedstaden"
"Plejelt, 3230 Græsted",Plejelt,3230,0217,Helsingør,1084,"Region Hovedstaden"
"Delhoved, 4654 Faxe Ladeplads",Delhoved,4654,0320,Faxe,1085,"Region Sjælland"
"Vemmetofte, 4640 Faxe",Vemmetofte,4640,0320,Faxe,1085,"Region Sjælland"
"Årløse, 4100 Ringsted",Årløse,4100,0259,Køge,1085,"Region Sjælland"
"Årløse, 4690 Haslev",Årløse,4690,0320,Faxe,1085,"Region Sjælland"
"Flarup, 7760 Hurup Thy",Flarup,7760,0671,Struer,1082,"Region Midtjylland"
"Kobberø, 7760 Hurup Thy",Kobberø,7760,0671,Struer,1082,"Region Midtjylland"
"Øster Syv, 4130 Viby Sjælland","Øster Syv",4130,0259,Køge,1085,"Region Sjælland"
"Ejlstrup, 3200 Helsinge",Ejlstrup,3200,0219,Hillerød,1084,"Region Hovedstaden"
"Østrup, 3670 Veksø Sjælland",Østrup,3670,0240,Egedal,1084,"Region Hovedstaden"
"Østrup, 4000 Roskilde",Østrup,4000,0169,Høje-Taastrup,1084,"Region Hovedstaden"
"Skoverup, 4683 Rønnede",Skoverup,4683,0320,Faxe,1085,"Region Sjælland"
"Ll Elmue, 4654 Faxe Ladeplads","Ll Elmue",4654,0320,Faxe,1085,"Region Sjælland"
"Vangså, 7700 Thisted",Vangså,7700,0787,Thisted,1081,"Region Nordjylland"
"Søborg Bøge, 3230 Græsted","Søborg Bøge",3230,0217,Helsingør,1084,"Region Hovedstaden"
"Jenstrup, 4690 Haslev",Jenstrup,4690,0320,Faxe,1085,"Region Sjælland"
"Dalby Mark, 4640 Faxe","Dalby Mark",4640,0320,Faxe,1085,"Region Sjælland"
"Høsten Torp, 4690 Haslev","Høsten Torp",4690,0320,Faxe,1085,"Region Sjælland"
"Stubberup, 4640 Faxe",Stubberup,4640,0320,Faxe,1085,"Region Sjælland"
"Skibstrup, 3140 Ålsgårde",Skibstrup,3140,0217,Helsingør,1084,"Region Hovedstaden"
"Værløse, 4640 Faxe",Værløse,4640,0320,Faxe,1085,"Region Sjælland"
"Boddum, 7760 Hurup Thy",Boddum,7760,0671,Struer,1082,"Region Midtjylland"
"Bøtterup, 3100 Hornbæk",Bøtterup,3100,0217,Helsingør,1084,"Region Hovedstaden"
"Ebbeskov, 4640 Faxe",Ebbeskov,4640,0320,Faxe,1085,"Region Sjælland"
"Totterup, 4653 Karise",Totterup,4653,0320,Faxe,1085,"Region Sjælland"
"Tokkerup, 4640 Faxe",Tokkerup,4640,0320,Faxe,1085,"Region Sjælland"
"Elsted, 7752 Snedsted",Elsted,7752,0787,Thisted,1081,"Region Nordjylland"
"Risby, 3100 Hornbæk",Risby,3100,0217,Helsingør,1084,"Region Hovedstaden"
"Præstevænget, 4654 Faxe Ladeplads",Præstevænget,4654,0320,Faxe,1085,"Region Sjælland"
"Åstrup, 4640 Faxe",Åstrup,4640,0320,Faxe,1085,"Region Sjælland"
"Åstrup, 4683 Rønnede",Åstrup,4683,0320,Faxe,1085,"Region Sjælland"
"Madsted, 7755 Bedsted Thy",Madsted,7755,0787,Thisted,1081,"Region Nordjylland"
"Hundborg, 7700 Thisted",Hundborg,7700,0787,Thisted,1081,"Region Nordjylland"
"Hundborg, 7752 Snedsted",Hundborg,7752,0787,Thisted,1081,"Region Nordjylland"
"Ydby, 7760 Hurup Thy",Ydby,7760,0671,Struer,1082,"Region Midtjylland"
"Abellund, 3100 Hornbæk",Abellund,3100,0217,Helsingør,1084,"Region Hovedstaden"
"Horserød, 3000 Helsingør",Horserød,3000,0217,Helsingør,1084,"Region Hovedstaden"
"Jørslev, 4653 Karise",Jørslev,4653,0320,Faxe,1085,"Region Sjælland"
"Tornemark, 4683 Rønnede",Tornemark,4683,0320,Faxe,1085,"Region Sjælland"
"Tågerup, 4682 Tureby",Tågerup,4682,0259,Køge,1085,"Region Sjælland"
"Pebr Ovdr, 4653 Karise","Pebr Ovdr",4653,0320,Faxe,1085,"Region Sjælland"
"Tåbel, 7770 Vestervig",Tåbel,7770,0787,Thisted,1081,"Region Nordjylland"
"Torsted, 7700 Thisted",Torsted,7700,0787,Thisted,1081,"Region Nordjylland"
"Oldgård, 4360 Kirke Eskilstrup",Oldgård,4360,0316,Holbæk,1085,"Region Sjælland"
"Jerrig, 7200 Grindsted",Jerrig,7200,0530,Billund,1083,"Region Syddanmark"
"Kirke Hørup, 6470 Sydals","Kirke Hørup",6470,0540,Sønderborg,1083,"Region Syddanmark"
"Lebølgård, 6470 Sydals",Lebølgård,6470,0540,Sønderborg,1083,"Region Syddanmark"
"Store Bøgeskov, 4180 Sorø","Store Bøgeskov",4180,0329,Ringsted,1085,"Region Sjælland"
"Bøvl, 7260 Sønder Omme",Bøvl,7260,0530,Billund,1083,"Region Syddanmark"
"Torup, 6430 Nordborg",Torup,6430,0540,Sønderborg,1083,"Region Syddanmark"
"Kongsted, 4100 Ringsted",Kongsted,4100,0259,Køge,1085,"Region Sjælland"
"Kirkeby, 7260 Sønder Omme",Kirkeby,7260,0530,Billund,1083,"Region Syddanmark"
"Tømmerby, 7741 Frøstrup",Tømmerby,7741,0787,Thisted,1081,"Region Nordjylland"
"Krogager Mk, 7200 Grindsted","Krogager Mk",7200,0530,Billund,1083,"Region Syddanmark"
"Kegnæshøj, 6470 Sydals",Kegnæshøj,6470,0540,Sønderborg,1083,"Region Syddanmark"
"Sjellerupskov, 6430 Nordborg",Sjellerupskov,6430,0540,Sønderborg,1083,"Region Syddanmark"
"Dalsgård, 6300 Gråsten",Dalsgård,6300,0540,Sønderborg,1083,"Region Syddanmark"
"Toft, 6300 Gråsten",Toft,6300,0540,Sønderborg,1083,"Region Syddanmark"
"Havbyrd, 4100 Ringsted",Havbyrd,4100,0259,Køge,1085,"Region Sjælland"
"Farendløse, 4100 Ringsted",Farendløse,4100,0259,Køge,1085,"Region Sjælland"
"Brandshøje, 6430 Nordborg",Brandshøje,6430,0540,Sønderborg,1083,"Region Syddanmark"
"Stensgård, 6470 Sydals",Stensgård,6470,0540,Sønderborg,1083,"Region Syddanmark"
"Mjang, 6470 Sydals",Mjang,6470,0540,Sønderborg,1083,"Region Syddanmark"
"Rendbjerg, 6320 Egernsund",Rendbjerg,6320,0540,Sønderborg,1083,"Region Syddanmark"
"Købingsmarkstrand Camping, 6430 Nordborg","Købingsmarkstrand Camping",6430,0540,Sønderborg,1083,"Region Syddanmark"
"Tvindelstrup, 4100 Ringsted",Tvindelstrup,4100,0259,Køge,1085,"Region Sjælland"
"Kærehave, 4100 Ringsted",Kærehave,4100,0259,Køge,1085,"Region Sjælland"
"Jystrup, 4100 Ringsted",Jystrup,4100,0259,Køge,1085,"Region Sjælland"
"Jystrup, 4174 Jystrup Midtsj",Jystrup,4174,0259,Køge,1085,"Region Sjælland"
"Slimminge Ore, 4100 Ringsted","Slimminge Ore",4100,0259,Køge,1085,"Region Sjælland"
"Ejlstrup, 4100 Ringsted",Ejlstrup,4100,0259,Køge,1085,"Region Sjælland"
"Horsbøl, 7200 Grindsted",Horsbøl,7200,0530,Billund,1083,"Region Syddanmark"
"Notmark, 6440 Augustenborg",Notmark,6440,0540,Sønderborg,1083,"Region Syddanmark"
"Kastrup, 4100 Ringsted",Kastrup,4100,0259,Køge,1085,"Region Sjælland"
"Hf Kildebo, 4100 Ringsted","Hf Kildebo",4100,0259,Køge,1085,"Region Sjælland"
"Vester Snogbæk, 6400 Sønderborg","Vester Snogbæk",6400,0540,Sønderborg,1083,"Region Syddanmark"
"Kirkeby, 6430 Nordborg",Kirkeby,6430,0540,Sønderborg,1083,"Region Syddanmark"
"Tovrup, 6440 Augustenborg",Tovrup,6440,0540,Sønderborg,1083,"Region Syddanmark"
"Haraldsted, 4100 Ringsted",Haraldsted,4100,0259,Køge,1085,"Region Sjælland"
"Bojskov, 6400 Sønderborg",Bojskov,6400,0540,Sønderborg,1083,"Region Syddanmark"
"Kærnehuset, 6470 Sydals",Kærnehuset,6470,0540,Sønderborg,1083,"Region Syddanmark"
"Tandsryd, 6470 Sydals",Tandsryd,6470,0540,Sønderborg,1083,"Region Syddanmark"
"Baså, 6400 Sønderborg",Baså,6400,0540,Sønderborg,1083,"Region Syddanmark"
"Tåstrup, 4174 Jystrup Midtsj",Tåstrup,4174,0259,Køge,1085,"Region Sjælland"
"Atterup, 4174 Jystrup Midtsj",Atterup,4174,0259,Køge,1085,"Region Sjælland"
"Grindsted Mk, 7200 Grindsted","Grindsted Mk",7200,0530,Billund,1083,"Region Syddanmark"
"Loft, 7200 Grindsted",Loft,7200,0530,Billund,1083,"Region Syddanmark"
"Trappen, 6300 Gråsten",Trappen,6300,0540,Sønderborg,1083,"Region Syddanmark"
"Floes Engbkr, 8960 Randers SØ","Floes Engbkr",8960,0710,Favrskov,1082,"Region Midtjylland"
"Hallelev, 4200 Slagelse",Hallelev,4200,0326,Kalundborg,1085,"Region Sjælland"
"Fladholte, 4200 Slagelse",Fladholte,4200,0326,Kalundborg,1085,"Region Sjælland"
"Fløjstrup, 8960 Randers SØ",Fløjstrup,8960,0710,Favrskov,1082,"Region Midtjylland"
"Fløjstrup, 8963 Auning",Fløjstrup,8963,0706,Syddjurs,1082,"Region Midtjylland"
"Aike, 6690 Gørding",Aike,6690,0561,Esbjerg,1083,"Region Syddanmark"
"Aike, 6740 Bramming",Aike,6740,0561,Esbjerg,1083,"Region Syddanmark"
"Sludstrup, 4200 Slagelse",Sludstrup,4200,0326,Kalundborg,1085,"Region Sjælland"
"Tobøl, 6710 Esbjerg V",Tobøl,6710,0561,Esbjerg,1083,"Region Syddanmark"
"Hømlund, 6760 Ribe",Hømlund,6760,0561,Esbjerg,1083,"Region Syddanmark"
"Gummesmark, 6740 Bramming",Gummesmark,6740,0561,Esbjerg,1083,"Region Syddanmark"
"Haveforeningen Vorupkærparken, 8940 Randers SV","Haveforeningen Vorupkærparken",8940,0710,Favrskov,1082,"Region Midtjylland"
"Ø Åbølling, 6760 Ribe","Ø Åbølling",6760,0561,Esbjerg,1083,"Region Syddanmark"
"Kokspang, 6710 Esbjerg V",Kokspang,6710,0561,Esbjerg,1083,"Region Syddanmark"
"Nr Bøel, 6690 Gørding","Nr Bøel",6690,0561,Esbjerg,1083,"Region Syddanmark"
"Nr Bøel, 6740 Bramming","Nr Bøel",6740,0561,Esbjerg,1083,"Region Syddanmark"
"Egebæk, 6760 Ribe",Egebæk,6760,0561,Esbjerg,1083,"Region Syddanmark"
"Næsbyskov, 4200 Slagelse",Næsbyskov,4200,0326,Kalundborg,1085,"Region Sjælland"
"Over Fussing, 8920 Randers NV","Over Fussing",8920,0730,Randers,1082,"Region Midtjylland"
"Virring Mark, 8960 Randers SØ","Virring Mark",8960,0710,Favrskov,1082,"Region Midtjylland"
"Gjandrup, 8920 Randers NV",Gjandrup,8920,0730,Randers,1082,"Region Midtjylland"
"Hømvejle, 6760 Ribe",Hømvejle,6760,0561,Esbjerg,1083,"Region Syddanmark"
"Mejlby, 6760 Ribe",Mejlby,6760,0561,Esbjerg,1083,"Region Syddanmark"
"Haveforeningen Bjergbyparken, 8920 Randers NV","Haveforeningen Bjergbyparken",8920,0730,Randers,1082,"Region Midtjylland"
"Haveforeningen Ulvehøjgård, 8940 Randers SV","Haveforeningen Ulvehøjgård",8940,0710,Favrskov,1082,"Region Midtjylland"
"Lem, 8930 Randers NØ",Lem,8930,0730,Randers,1082,"Region Midtjylland"
"Råballe, 8960 Randers SØ",Råballe,8960,0710,Favrskov,1082,"Region Midtjylland"
"Sparrehuse, 8981 Spentrup",Sparrehuse,8981,0730,Randers,1082,"Region Midtjylland"
"Ll Frederikslund, 4200 Slagelse","Ll Frederikslund",4200,0326,Kalundborg,1085,"Region Sjælland"
"Tyvelse, 4200 Slagelse",Tyvelse,4200,0326,Kalundborg,1085,"Region Sjælland"
"Søgaard, 8983 Gjerlev J",Søgaard,8983,0730,Randers,1082,"Region Midtjylland"
"Stangerum, 8983 Gjerlev J",Stangerum,8983,0730,Randers,1082,"Region Midtjylland"
"Haveforeningen Dronningborgparken, 8930 Randers NØ","Haveforeningen Dronningborgparken",8930,0730,Randers,1082,"Region Midtjylland"
"Esholte, 4200 Slagelse",Esholte,4200,0326,Kalundborg,1085,"Region Sjælland"
"Kastbjerg, 8970 Havndal",Kastbjerg,8970,0730,Randers,1082,"Region Midtjylland"
"Landsgrav, 4200 Slagelse",Landsgrav,4200,0326,Kalundborg,1085,"Region Sjælland"
"Haslund, 8940 Randers SV",Haslund,8940,0710,Favrskov,1082,"Region Midtjylland"
"Sørby Overdrev, 4200 Slagelse","Sørby Overdrev",4200,0326,Kalundborg,1085,"Region Sjælland"
"Pederstrup, 5210 Odense NV",Pederstrup,5210,0461,Odense,1083,"Region Syddanmark"
"Pederstrup, 5491 Blommenslyst",Pederstrup,5491,0461,Odense,1083,"Region Syddanmark"
"Allesø, 5270 Odense N",Allesø,5270,0461,Odense,1083,"Region Syddanmark"
"Allerup, 5220 Odense SØ",Allerup,5220,0461,Odense,1083,"Region Syddanmark"
"Allerup, 5260 Odense S",Allerup,5260,0461,Odense,1083,"Region Syddanmark"
"Strølille, 3320 Skævinge",Strølille,3320,0219,Hillerød,1084,"Region Hovedstaden"
"L Hesbjerg, 5491 Blommenslyst","L Hesbjerg",5491,0461,Odense,1083,"Region Syddanmark"
"Sindal, 9870 Sindal",Sindal,9870,0813,Frederikshavn,1081,"Region Nordjylland"
"Gørløse, 3330 Gørløse",Gørløse,3330,0219,Hillerød,1084,"Region Hovedstaden"
"Hesbjerg, 5491 Blommenslyst",Hesbjerg,5491,0461,Odense,1083,"Region Syddanmark"
"Smidstrup, 3230 Græsted",Smidstrup,3230,0217,Helsingør,1084,"Region Hovedstaden"
"Smidstrup, 3250 Gilleleje",Smidstrup,3250,0270,Gribskov,1084,"Region Hovedstaden"
"Esrum, 3230 Græsted",Esrum,3230,0217,Helsingør,1084,"Region Hovedstaden"
"Borup, 9760 Vrå",Borup,9760,0810,Brønderslev,1081,"Region Nordjylland"
"Løkken, 9480 Løkken",Løkken,9480,0810,Brønderslev,1081,"Region Nordjylland"
"Sigerslevøster, 3320 Skævinge",Sigerslevøster,3320,0219,Hillerød,1084,"Region Hovedstaden"
"Sigerslevøster, 3550 Slangerup",Sigerslevøster,3550,0201,Allerød,1084,"Region Hovedstaden"
"Sigerslevøster, 3600 Frederikssund",Sigerslevøster,3600,0219,Hillerød,1084,"Region Hovedstaden"
"Hæstrup, 9800 Hjørring",Hæstrup,9800,0860,Hjørring,1081,"Region Nordjylland"
"Blommenslyst, 5491 Blommenslyst",Blommenslyst,5491,0461,Odense,1083,"Region Syddanmark"
"Mygdal, 9800 Hjørring",Mygdal,9800,0860,Hjørring,1081,"Region Nordjylland"
"Sørig, 9881 Bindslev",Sørig,9881,0813,Frederikshavn,1081,"Region Nordjylland"
"Vejrup, 5491 Blommenslyst",Vejrup,5491,0461,Odense,1083,"Region Syddanmark"
"Næsby Fed, 4200 Slagelse","Næsby Fed",4200,0326,Kalundborg,1085,"Region Sjælland"
"Spedsbjerg, 5491 Blommenslyst",Spedsbjerg,5491,0461,Odense,1083,"Region Syddanmark"
"Elmelund, 5200 Odense V",Elmelund,5200,0461,Odense,1083,"Region Syddanmark"
"Elmelund, 5250 Odense SV",Elmelund,5250,0461,Odense,1083,"Region Syddanmark"
"Ammendrup, 3200 Helsinge",Ammendrup,3200,0219,Hillerød,1084,"Region Hovedstaden"
"Fristrup, 9480 Løkken",Fristrup,9480,0810,Brønderslev,1081,"Region Nordjylland"
"Blistrup, 3230 Græsted",Blistrup,3230,0217,Helsingør,1084,"Region Hovedstaden"
"V Holmen, 9870 Sindal","V Holmen",9870,0813,Frederikshavn,1081,"Region Nordjylland"
"V Holmen, 9900 Frederikshavn","V Holmen",9900,0813,Frederikshavn,1081,"Region Nordjylland"
"Gammel Korup, 5210 Odense NV","Gammel Korup",5210,0461,Odense,1083,"Region Syddanmark"
"Saltrup, 3230 Græsted",Saltrup,3230,0217,Helsingør,1084,"Region Hovedstaden"
"Skærød, 3200 Helsinge",Skærød,3200,0219,Hillerød,1084,"Region Hovedstaden"
"Lyngbytorp, 9480 Løkken",Lyngbytorp,9480,0810,Brønderslev,1081,"Region Nordjylland"
"Lyngby, 9480 Løkken",Lyngby,9480,0810,Brønderslev,1081,"Region Nordjylland"
"Skal Klit, 9800 Hjørring","Skal Klit",9800,0860,Hjørring,1081,"Region Nordjylland"
"Neder Holluf, 5220 Odense SØ","Neder Holluf",5220,0461,Odense,1083,"Region Syddanmark"
"Rønnebjerg, 9760 Vrå",Rønnebjerg,9760,0810,Brønderslev,1081,"Region Nordjylland"
"Skiveren, 9982 Ålbæk",Skiveren,9982,0813,Frederikshavn,1081,"Region Nordjylland"
"Stenhøj, 9900 Frederikshavn",Stenhøj,9900,0813,Frederikshavn,1081,"Region Nordjylland"
"Kappelskov, 3320 Skævinge",Kappelskov,3320,0219,Hillerød,1084,"Region Hovedstaden"
"Kappelskov, 3400 Hillerød",Kappelskov,3400,0201,Allerød,1084,"Region Hovedstaden"
"Husemose, 5491 Blommenslyst",Husemose,5491,0461,Odense,1083,"Region Syddanmark"
"Bagterp, 9800 Hjørring",Bagterp,9800,0860,Hjørring,1081,"Region Nordjylland"
"Radby, 5320 Agedrup",Radby,5320,0461,Odense,1083,"Region Syddanmark"
"Mandemark, 4791 Borre",Mandemark,4791,0390,Vordingborg,1085,"Region Sjælland"
"Sdr Grimmels, 4871 Horbelev","Sdr Grimmels",4871,0376,Guldborgsund,1085,"Region Sjælland"
"Østermark, 4780 Stege",Østermark,4780,0390,Vordingborg,1085,"Region Sjælland"
"Barup, 4850 Stubbekøbing",Barup,4850,0376,Guldborgsund,1085,"Region Sjælland"
"Skovby, 4840 Nørre Alslev",Skovby,4840,0376,Guldborgsund,1085,"Region Sjælland"
"Nim, 8700 Horsens",Nim,8700,0615,Horsens,1082,"Region Midtjylland"
"Nim, 8740 Brædstrup",Nim,8740,0615,Horsens,1082,"Region Midtjylland"
"Lillebrænde, 4850 Stubbekøbing",Lillebrænde,4850,0376,Guldborgsund,1085,"Region Sjælland"
"Sandager, 4894 Øster Ulslev",Sandager,4894,0360,Lolland,1085,"Region Sjælland"
"Hasselø, 4800 Nykøbing F",Hasselø,4800,0376,Guldborgsund,1085,"Region Sjælland"
"Hasselø, 4873 Væggerløse",Hasselø,4873,0376,Guldborgsund,1085,"Region Sjælland"
"Mattrup, 8765 Klovborg",Mattrup,8765,0615,Horsens,1082,"Region Midtjylland"
"Bækkelund, 8700 Horsens",Bækkelund,8700,0615,Horsens,1082,"Region Midtjylland"
"Kørup, 8700 Horsens",Kørup,8700,0615,Horsens,1082,"Region Midtjylland"
"Tvingstrup, 8700 Horsens",Tvingstrup,8700,0615,Horsens,1082,"Region Midtjylland"
"Klostermølle, 8660 Skanderborg",Klostermølle,8660,0615,Horsens,1082,"Region Midtjylland"
"Burgårde, 8740 Brædstrup",Burgårde,8740,0615,Horsens,1082,"Region Midtjylland"
"Egense, 4840 Nørre Alslev",Egense,4840,0376,Guldborgsund,1085,"Region Sjælland"
"Radsted, 4990 Sakskøbing",Radsted,4990,0376,Guldborgsund,1085,"Region Sjælland"
"Møballe, 8732 Hovedgård",Møballe,8732,0615,Horsens,1082,"Region Midtjylland"
"Nebel, 8700 Horsens",Nebel,8700,0615,Horsens,1082,"Region Midtjylland"
"Husodde, 8700 Horsens",Husodde,8700,0615,Horsens,1082,"Region Midtjylland"
"Bækkeskov, 4892 Kettinge",Bækkeskov,4892,0376,Guldborgsund,1085,"Region Sjælland"
"Hansted, 8700 Horsens",Hansted,8700,0615,Horsens,1082,"Region Midtjylland"
"Løndal, 8740 Brædstrup",Løndal,8740,0615,Horsens,1082,"Region Midtjylland"
"Slagballe, 8654 Bryrup",Slagballe,8654,0615,Horsens,1082,"Region Midtjylland"
"Slagballe, 8740 Brædstrup",Slagballe,8740,0615,Horsens,1082,"Region Midtjylland"
"Tøvelde, 4780 Stege",Tøvelde,4780,0390,Vordingborg,1085,"Region Sjælland"
"Nøbølle, 4780 Stege",Nøbølle,4780,0390,Vordingborg,1085,"Region Sjælland"
"Grædstrup, 8740 Brædstrup",Grædstrup,8740,0615,Horsens,1082,"Region Midtjylland"
"Gedved Mark, 8700 Horsens","Gedved Mark",8700,0615,Horsens,1082,"Region Midtjylland"
"Gedved Mark, 8751 Gedved","Gedved Mark",8751,0615,Horsens,1082,"Region Midtjylland"
"Hjelm, 4780 Stege",Hjelm,4780,0390,Vordingborg,1085,"Region Sjælland"
"Lund, 8700 Horsens",Lund,8700,0615,Horsens,1082,"Region Midtjylland"
"Skallerup, 4750 Lundby",Skallerup,4750,0370,Næstved,1085,"Region Sjælland"
"Skallerup, 4760 Vordingborg",Skallerup,4760,0390,Vordingborg,1085,"Region Sjælland"
"Vennerslund, 4840 Nørre Alslev",Vennerslund,4840,0376,Guldborgsund,1085,"Region Sjælland"
"Damme Kobbel, 4792 Askeby","Damme Kobbel",4792,0390,Vordingborg,1085,"Region Sjælland"
"Hastrup, 4720 Præstø",Hastrup,4720,0390,Vordingborg,1085,"Region Sjælland"
"Trudstolpe, 4990 Sakskøbing",Trudstolpe,4990,0376,Guldborgsund,1085,"Region Sjælland"
"V Kippinge, 4840 Nørre Alslev","V Kippinge",4840,0376,Guldborgsund,1085,"Region Sjælland"
"Stårby, 4735 Mern",Stårby,4735,0390,Vordingborg,1085,"Region Sjælland"
"Røstofte, 4735 Mern",Røstofte,4735,0390,Vordingborg,1085,"Region Sjælland"
"Borre, 4791 Borre",Borre,4791,0390,Vordingborg,1085,"Region Sjælland"
"Rykkerup, 4891 Toreby L",Rykkerup,4891,0376,Guldborgsund,1085,"Region Sjælland"
"Rykkerup, 4990 Sakskøbing",Rykkerup,4990,0376,Guldborgsund,1085,"Region Sjælland"
"Faksinge, 4720 Præstø",Faksinge,4720,0390,Vordingborg,1085,"Region Sjælland"
"Orupgaard, 4800 Nykøbing F",Orupgaard,4800,0376,Guldborgsund,1085,"Region Sjælland"
"Gundslev, 4840 Nørre Alslev",Gundslev,4840,0376,Guldborgsund,1085,"Region Sjælland"
"Bangsebro, 4800 Nykøbing F",Bangsebro,4800,0376,Guldborgsund,1085,"Region Sjælland"
"Skjoltrup, 4871 Horbelev",Skjoltrup,4871,0376,Guldborgsund,1085,"Region Sjælland"
"Vindebæk Kbl, 4792 Askeby","Vindebæk Kbl",4792,0390,Vordingborg,1085,"Region Sjælland"
"Bregninge, 4871 Horbelev",Bregninge,4871,0376,Guldborgsund,1085,"Region Sjælland"
"Skovkilde H, 8660 Skanderborg","Skovkilde H",8660,0615,Horsens,1082,"Region Midtjylland"
"Damme Skovh, 4792 Askeby","Damme Skovh",4792,0390,Vordingborg,1085,"Region Sjælland"
"Ammendrup, 4720 Præstø",Ammendrup,4720,0390,Vordingborg,1085,"Region Sjælland"
"Nylukke, 4792 Askeby",Nylukke,4792,0390,Vordingborg,1085,"Region Sjælland"
"Dukkerup, 4850 Stubbekøbing",Dukkerup,4850,0376,Guldborgsund,1085,"Region Sjælland"
"Sørup, 4800 Nykøbing F",Sørup,4800,0376,Guldborgsund,1085,"Region Sjælland"
"Sørup, 4863 Eskilstrup",Sørup,4863,0376,Guldborgsund,1085,"Region Sjælland"
"Trællerup, 4000 Roskilde",Trællerup,4000,0169,Høje-Taastrup,1084,"Region Hovedstaden"
"Kirkeskoven, 4330 Hvalsø",Kirkeskoven,4330,0316,Holbæk,1085,"Region Sjælland"
"Kirke Såby, 4060 Kirke Såby","Kirke Såby",4060,0350,Lejre,1085,"Region Sjælland"
"Trælund, 7400 Herning",Trælund,7400,0657,Herning,1082,"Region Midtjylland"
"Arnborg, 6933 Kibæk",Arnborg,6933,0657,Herning,1082,"Region Midtjylland"
"Arnborg, 7400 Herning",Arnborg,7400,0657,Herning,1082,"Region Midtjylland"
"Drostrup, 8370 Hadsten",Drostrup,8370,0710,Favrskov,1082,"Region Midtjylland"
"Langvad, 4000 Roskilde",Langvad,4000,0169,Høje-Taastrup,1084,"Region Hovedstaden"
"Omme Årre, 6818 Årre","Omme Årre",6818,0561,Esbjerg,1083,"Region Syddanmark"
"Sdr Farup, 6760 Ribe","Sdr Farup",6760,0561,Esbjerg,1083,"Region Syddanmark"
"Nr Vejen, 7400 Herning","Nr Vejen",7400,0657,Herning,1082,"Region Midtjylland"
"Hogager, 7500 Holstebro",Hogager,7500,0657,Herning,1082,"Region Midtjylland"
"Kølkær, 7400 Herning",Kølkær,7400,0657,Herning,1082,"Region Midtjylland"
"Kalvslund, 6760 Ribe",Kalvslund,6760,0561,Esbjerg,1083,"Region Syddanmark"
"Hostrup, 6710 Esbjerg V",Hostrup,6710,0561,Esbjerg,1083,"Region Syddanmark"
"Kamp, 6760 Ribe",Kamp,6760,0561,Esbjerg,1083,"Region Syddanmark"
"Gelsbro, 6760 Ribe",Gelsbro,6760,0561,Esbjerg,1083,"Region Syddanmark"
"Fårbæk, 7470 Karup J",Fårbæk,7470,0657,Herning,1082,"Region Midtjylland"
"Fårbæk, 7540 Haderup",Fårbæk,7540,0657,Herning,1082,"Region Midtjylland"
"Balle, 8370 Hadsten",Balle,8370,0710,Favrskov,1082,"Region Midtjylland"
"Bramstrup Mk, 8370 Hadsten","Bramstrup Mk",8370,0710,Favrskov,1082,"Region Midtjylland"
"Varho, 6690 Gørding",Varho,6690,0561,Esbjerg,1083,"Region Syddanmark"
"Anbæk, 8450 Hammel",Anbæk,8450,0710,Favrskov,1082,"Region Midtjylland"
"Voldum, 8370 Hadsten",Voldum,8370,0710,Favrskov,1082,"Region Midtjylland"
"Nielstrup Mk, 8370 Hadsten","Nielstrup Mk",8370,0710,Favrskov,1082,"Region Midtjylland"
"Sinding, 7400 Herning",Sinding,7400,0657,Herning,1082,"Region Midtjylland"
"Sinding, 7480 Vildbjerg",Sinding,7480,0657,Herning,1082,"Region Midtjylland"
"Sinding, 7490 Aulum",Sinding,7490,0657,Herning,1082,"Region Midtjylland"
"Aldrup, 8860 Ulstrup",Aldrup,8860,0710,Favrskov,1082,"Region Midtjylland"
"Kastholm, 4320 Lejre",Kastholm,4320,0259,Køge,1085,"Region Sjælland"
"Østerhede, 6690 Gørding",Østerhede,6690,0561,Esbjerg,1083,"Region Syddanmark"
"Allerslev, 4320 Lejre",Allerslev,4320,0259,Køge,1085,"Region Sjælland"
"Skibsted, 9293 Kongerslev",Skibsted,9293,0840,Rebild,1081,"Region Nordjylland"
"Mariendal, 9240 Nibe",Mariendal,9240,0820,Vesthimmerlands,1081,"Region Nordjylland"
"Nellemose, 5683 Haarby",Nellemose,5683,0420,Assens,1083,"Region Syddanmark"
"Mosemarken, 5620 Glamsbjerg",Mosemarken,5620,0420,Assens,1083,"Region Syddanmark"
"Mosemarken, 5631 Ebberup",Mosemarken,5631,0420,Assens,1083,"Region Syddanmark"
"Dyrehavegård, 5690 Tommerup",Dyrehavegård,5690,0420,Assens,1083,"Region Syddanmark"
"Vangen, 9900 Frederikshavn",Vangen,9900,0813,Frederikshavn,1081,"Region Nordjylland"
"Skibtved, 9900 Frederikshavn",Skibtved,9900,0813,Frederikshavn,1081,"Region Nordjylland"
"Vilhelmsborg, 5610 Assens",Vilhelmsborg,5610,0410,Middelfart,1083,"Region Syddanmark"
"Akkerup Mark, 5683 Haarby","Akkerup Mark",5683,0420,Assens,1083,"Region Syddanmark"
"Præstbro, 9300 Sæby",Præstbro,9300,0813,Frederikshavn,1081,"Region Nordjylland"
"Præstbro, 9330 Dronninglund",Præstbro,9330,0810,Brønderslev,1081,"Region Nordjylland"
"Karup, 9300 Sæby",Karup,9300,0813,Frederikshavn,1081,"Region Nordjylland"
"Thulstrup, 9500 Hobro",Thulstrup,9500,0791,Viborg,1082,"Region Midtjylland"
"Vester Korup, 9575 Terndrup","Vester Korup",9575,0840,Rebild,1081,"Region Nordjylland"
"Fyrkilde, 9610 Nørager",Fyrkilde,9610,0820,Vesthimmerlands,1081,"Region Nordjylland"
"Ll Binderup, 9600 Aars","Ll Binderup",9600,0820,Vesthimmerlands,1081,"Region Nordjylland"
"Moldbjerg, 9240 Nibe",Moldbjerg,9240,0820,Vesthimmerlands,1081,"Region Nordjylland"
"Moldbjerg, 9530 Støvring",Moldbjerg,9530,0840,Rebild,1081,"Region Nordjylland"
"Trads, 5610 Assens",Trads,5610,0410,Middelfart,1083,"Region Syddanmark"
"Ålsbo Banker, 5560 Aarup","Ålsbo Banker",5560,0410,Middelfart,1083,"Region Syddanmark"
"Klitlund, 9982 Ålbæk",Klitlund,9982,0813,Frederikshavn,1081,"Region Nordjylland"
"Sønderup Mll, 9541 Suldrup","Sønderup Mll",9541,0820,Vesthimmerlands,1081,"Region Nordjylland"
"Poulsker, 3720 Aakirkeby",Poulsker,3720,0400,Bornholm,1084,"Region Hovedstaden"
"Poulsker, 3730 Nexø",Poulsker,3730,0400,Bornholm,1084,"Region Hovedstaden"
"Poulsker, 3751 Østermarie",Poulsker,3751,0400,Bornholm,1084,"Region Hovedstaden"
"Nyker, 3700 Rønne",Nyker,3700,0400,Bornholm,1084,"Region Hovedstaden"
"Ørsbjerg Knold, 5560 Aarup","Ørsbjerg Knold",5560,0410,Middelfart,1083,"Region Syddanmark"
"Tveden, 9510 Arden",Tveden,9510,0840,Rebild,1081,"Region Nordjylland"
"Rutsker, 3760 Gudhjem",Rutsker,3760,0400,Bornholm,1084,"Region Hovedstaden"
"Rutsker, 3770 Allinge",Rutsker,3770,0400,Bornholm,1084,"Region Hovedstaden"
"Rutsker, 3790 Hasle",Rutsker,3790,0400,Bornholm,1084,"Region Hovedstaden"
"Aarsballe, 3700 Rønne",Aarsballe,3700,0400,Bornholm,1084,"Region Hovedstaden"
"Aarsballe, 3760 Gudhjem",Aarsballe,3760,0400,Bornholm,1084,"Region Hovedstaden"
"Hjerup, 5560 Aarup",Hjerup,5560,0410,Middelfart,1083,"Region Syddanmark"
"St Broholm, 5690 Tommerup","St Broholm",5690,0420,Assens,1083,"Region Syddanmark"
"Nylars, 3700 Rønne",Nylars,3700,0400,Bornholm,1084,"Region Hovedstaden"
"Nylars, 3720 Aakirkeby",Nylars,3720,0400,Bornholm,1084,"Region Hovedstaden"
"Hunkebjerg, 5610 Assens",Hunkebjerg,5610,0410,Middelfart,1083,"Region Syddanmark"
"Aaker, 3720 Aakirkeby",Aaker,3720,0400,Bornholm,1084,"Region Hovedstaden"
"Åker, 3720 Aakirkeby",Åker,3720,0400,Bornholm,1084,"Region Hovedstaden"
"Snogebæk, 3730 Nexø",Snogebæk,3730,0400,Bornholm,1084,"Region Hovedstaden"
"Kørup, 5450 Otterup",Kørup,5450,0480,Nordfyns,1083,"Region Syddanmark"
"Ladelund, 9610 Nørager",Ladelund,9610,0820,Vesthimmerlands,1081,"Region Nordjylland"
"Knolde, 9541 Suldrup",Knolde,9541,0820,Vesthimmerlands,1081,"Region Nordjylland"
"Østermarie, 3720 Aakirkeby",Østermarie,3720,0400,Bornholm,1084,"Region Hovedstaden"
"Østermarie, 3740 Svaneke",Østermarie,3740,0400,Bornholm,1084,"Region Hovedstaden"
"Østermarie, 3751 Østermarie",Østermarie,3751,0400,Bornholm,1084,"Region Hovedstaden"
"Østermarie, 3760 Gudhjem",Østermarie,3760,0400,Bornholm,1084,"Region Hovedstaden"
"Sandkås, 3770 Allinge",Sandkås,3770,0400,Bornholm,1084,"Region Hovedstaden"
"Trængstrup, 9541 Suldrup",Trængstrup,9541,0820,Vesthimmerlands,1081,"Region Nordjylland"
"Torstedlund, 9520 Skørping",Torstedlund,9520,0840,Rebild,1081,"Region Nordjylland"
"Tranten, 9530 Støvring",Tranten,9530,0840,Rebild,1081,"Region Nordjylland"
"Tranten, 9541 Suldrup",Tranten,9541,0820,Vesthimmerlands,1081,"Region Nordjylland"
"Øster Hornum, 9230 Svenstrup J","Øster Hornum",9230,0840,Rebild,1081,"Region Nordjylland"
"Øster Hornum, 9240 Nibe","Øster Hornum",9240,0820,Vesthimmerlands,1081,"Region Nordjylland"
"Øster Hornum, 9530 Støvring","Øster Hornum",9530,0840,Rebild,1081,"Region Nordjylland"
"Vang, 3770 Allinge",Vang,3770,0400,Bornholm,1084,"Region Hovedstaden"
"Vang, 3790 Hasle",Vang,3790,0400,Bornholm,1084,"Region Hovedstaden"
"Nexø, 3730 Nexø",Nexø,3730,0400,Bornholm,1084,"Region Hovedstaden"
"Rønne, 3700 Rønne",Rønne,3700,0400,Bornholm,1084,"Region Hovedstaden"
"Stausgaard, 9610 Nørager",Stausgaard,9610,0820,Vesthimmerlands,1081,"Region Nordjylland"
"Åstrup, 9240 Nibe",Åstrup,9240,0820,Vesthimmerlands,1081,"Region Nordjylland"
"Åstrup, 9541 Suldrup",Åstrup,9541,0820,Vesthimmerlands,1081,"Region Nordjylland"
"Munkehus, 5462 Morud",Munkehus,5462,0480,Nordfyns,1083,"Region Syddanmark"
"Thorup, 9520 Skørping",Thorup,9520,0840,Rebild,1081,"Region Nordjylland"
"Thorup, 9575 Terndrup",Thorup,9575,0840,Rebild,1081,"Region Nordjylland"
"Krogsmose, 5610 Assens",Krogsmose,5610,0410,Middelfart,1083,"Region Syddanmark"
"Flemløse, 5620 Glamsbjerg",Flemløse,5620,0420,Assens,1083,"Region Syddanmark"
"Skovsgårde, 5471 Søndersø",Skovsgårde,5471,0480,Nordfyns,1083,"Region Syddanmark"
"Øster Lunde, 5450 Otterup","Øster Lunde",5450,0480,Nordfyns,1083,"Region Syddanmark"
"Dalum, 9541 Suldrup",Dalum,9541,0820,Vesthimmerlands,1081,"Region Nordjylland"
"Østermark, 6240 Løgumkloster",Østermark,6240,0550,Tønder,1083,"Region Syddanmark"
"Brandsby, 5450 Otterup",Brandsby,5450,0480,Nordfyns,1083,"Region Syddanmark"
"Brunsvig, 5462 Morud",Brunsvig,5462,0480,Nordfyns,1083,"Region Syddanmark"
"Toft, 6270 Tønder",Toft,6270,0550,Tønder,1083,"Region Syddanmark"
"Bøgvad Mark, 6240 Løgumkloster","Bøgvad Mark",6240,0550,Tønder,1083,"Region Syddanmark"
"Brohoved, 6780 Skærbæk",Brohoved,6780,0550,Tønder,1083,"Region Syddanmark"
"Solderup, 6270 Tønder",Solderup,6270,0550,Tønder,1083,"Region Syddanmark"
"Grindløse, 5400 Bogense",Grindløse,5400,0480,Nordfyns,1083,"Region Syddanmark"
"Stillebæk, 5474 Veflinge",Stillebæk,5474,0480,Nordfyns,1083,"Region Syddanmark"
"Jydemarken, 5450 Otterup",Jydemarken,5450,0480,Nordfyns,1083,"Region Syddanmark"
"Normsted, 6780 Skærbæk",Normsted,6780,0550,Tønder,1083,"Region Syddanmark"
"Sæd Østerm, 6270 Tønder","Sæd Østerm",6270,0550,Tønder,1083,"Region Syddanmark"
"Gejlbjerg, 6780 Skærbæk",Gejlbjerg,6780,0550,Tønder,1083,"Region Syddanmark"
"Ottersbøl, 6780 Skærbæk",Ottersbøl,6780,0550,Tønder,1083,"Region Syddanmark"
"Tornskov, 6240 Løgumkloster",Tornskov,6240,0550,Tønder,1083,"Region Syddanmark"
"Frifelt, 6240 Løgumkloster",Frifelt,6240,0550,Tønder,1083,"Region Syddanmark"
"Søvang, 6240 Løgumkloster",Søvang,6240,0550,Tønder,1083,"Region Syddanmark"
"Bederslev, 5450 Otterup",Bederslev,5450,0480,Nordfyns,1083,"Region Syddanmark"
"Havsted, 5462 Morud",Havsted,5462,0480,Nordfyns,1083,"Region Syddanmark"
"Skåstrup Str, 5400 Bogense","Skåstrup Str",5400,0480,Nordfyns,1083,"Region Syddanmark"
"Kræmmerkrog, 5400 Bogense",Kræmmerkrog,5400,0480,Nordfyns,1083,"Region Syddanmark"
"Døstrup, 6780 Skærbæk",Døstrup,6780,0550,Tønder,1083,"Region Syddanmark"
"Skovgård, 6240 Løgumkloster",Skovgård,6240,0550,Tønder,1083,"Region Syddanmark"
"Badstuen, 5450 Otterup",Badstuen,5450,0480,Nordfyns,1083,"Region Syddanmark"
"Nordmarken, 5471 Søndersø",Nordmarken,5471,0480,Nordfyns,1083,"Region Syddanmark"
"Amager, 5462 Morud",Amager,5462,0480,Nordfyns,1083,"Region Syddanmark"
"Ll Emmerske, 6270 Tønder","Ll Emmerske",6270,0550,Tønder,1083,"Region Syddanmark"
"Gårdkrog, 6780 Skærbæk",Gårdkrog,6780,0550,Tønder,1083,"Region Syddanmark"
"Åbøl Vestermark, 6520 Toftlund","Åbøl Vestermark",6520,0510,Haderslev,1083,"Region Syddanmark"
"Tornebjerg, 5400 Bogense",Tornebjerg,5400,0480,Nordfyns,1083,"Region Syddanmark"
"Rækkehusene, 5400 Bogense",Rækkehusene,5400,0480,Nordfyns,1083,"Region Syddanmark"
"Lendemarke, 4780 Stege",Lendemarke,4780,0390,Vordingborg,1085,"Region Sjælland"
"Virkelyst, 6780 Skærbæk",Virkelyst,6780,0550,Tønder,1083,"Region Syddanmark"
"Roerslev Mark, 5450 Otterup","Roerslev Mark",5450,0480,Nordfyns,1083,"Region Syddanmark"
"Gyrup, 5450 Otterup",Gyrup,5450,0480,Nordfyns,1083,"Region Syddanmark"
"Lindeskoven, 5450 Otterup",Lindeskoven,5450,0480,Nordfyns,1083,"Region Syddanmark"
"Gyngstrup, 5450 Otterup",Gyngstrup,5450,0480,Nordfyns,1083,"Region Syddanmark"
"Brede, 6261 Bredebro",Brede,6261,0550,Tønder,1083,"Region Syddanmark"
"Møllerled, 5400 Bogense",Møllerled,5400,0480,Nordfyns,1083,"Region Syddanmark"
"Damstedet, 5400 Bogense",Damstedet,5400,0480,Nordfyns,1083,"Region Syddanmark"
"Ørritslev Skov, 5450 Otterup","Ørritslev Skov",5450,0480,Nordfyns,1083,"Region Syddanmark"
"Duhnby, 6792 Rømø",Duhnby,6792,0550,Tønder,1083,"Region Syddanmark"
"Koldby, 6280 Højer",Koldby,6280,0550,Tønder,1083,"Region Syddanmark"
"Eskilstrup, 5400 Bogense",Eskilstrup,5400,0480,Nordfyns,1083,"Region Syddanmark"
"Jullerup, 5471 Søndersø",Jullerup,5471,0480,Nordfyns,1083,"Region Syddanmark"
"Engeldrup, 5400 Bogense",Engeldrup,5400,0480,Nordfyns,1083,"Region Syddanmark"
"Marbæk, 5450 Otterup",Marbæk,5450,0480,Nordfyns,1083,"Region Syddanmark"
"Tofte, 5400 Bogense",Tofte,5400,0480,Nordfyns,1083,"Region Syddanmark"
"Bolmerod, 5485 Skamby",Bolmerod,5485,0480,Nordfyns,1083,"Region Syddanmark"
"Gundstrup, 5450 Otterup",Gundstrup,5450,0480,Nordfyns,1083,"Region Syddanmark"
"Krajbjerg, 8543 Hornslet",Krajbjerg,8543,0706,Syddjurs,1082,"Region Midtjylland"
"Lundergaard, 9490 Pandrup",Lundergaard,9490,0849,Jammerbugt,1081,"Region Nordjylland"
"Haverslev, 9690 Fjerritslev",Haverslev,9690,0849,Jammerbugt,1081,"Region Nordjylland"
"Over Randlev, 8300 Odder","Over Randlev",8300,0727,Odder,1082,"Region Midtjylland"
"Nørtoruphede, 9690 Fjerritslev",Nørtoruphede,9690,0849,Jammerbugt,1081,"Region Nordjylland"
"Manstrup, 9690 Fjerritslev",Manstrup,9690,0849,Jammerbugt,1081,"Region Nordjylland"
"Tranum Klit, 9460 Brovst","Tranum Klit",9460,0849,Jammerbugt,1081,"Region Nordjylland"
"Kalø, 8410 Rønde",Kalø,8410,0706,Syddjurs,1082,"Region Midtjylland"
"Halling, 8300 Odder",Halling,8300,0727,Odder,1082,"Region Midtjylland"
"Rude Mark, 8300 Odder","Rude Mark",8300,0727,Odder,1082,"Region Midtjylland"
"Gosmer Toft, 8300 Odder","Gosmer Toft",8300,0727,Odder,1082,"Region Midtjylland"
"Trustrup, 9690 Fjerritslev",Trustrup,9690,0849,Jammerbugt,1081,"Region Nordjylland"
"Sønder Økse, 9460 Brovst","Sønder Økse",9460,0849,Jammerbugt,1081,"Region Nordjylland"
"Gundestrup, 9690 Fjerritslev",Gundestrup,9690,0849,Jammerbugt,1081,"Region Nordjylland"
"V Kjeldgaard, 9690 Fjerritslev","V Kjeldgaard",9690,0849,Jammerbugt,1081,"Region Nordjylland"
"Fuglsø, 8400 Ebeltoft",Fuglsø,8400,0706,Syddjurs,1082,"Region Midtjylland"
"Fuglsø, 8420 Knebel",Fuglsø,8420,0706,Syddjurs,1082,"Region Midtjylland"
"Studshoved, 8300 Odder",Studshoved,8300,0727,Odder,1082,"Region Midtjylland"
"Svinkløv, 9690 Fjerritslev",Svinkløv,9690,0849,Jammerbugt,1081,"Region Nordjylland"
"Sander, 8300 Odder",Sander,8300,0727,Odder,1082,"Region Midtjylland"
"Nr Skovsgård, 9460 Brovst","Nr Skovsgård",9460,0849,Jammerbugt,1081,"Region Nordjylland"
"Sandmosen, 9460 Brovst",Sandmosen,9460,0849,Jammerbugt,1081,"Region Nordjylland"
"Holmsø Kær, 9690 Fjerritslev","Holmsø Kær",9690,0849,Jammerbugt,1081,"Region Nordjylland"
"Nødager, 8560 Kolind",Nødager,8560,0706,Syddjurs,1082,"Region Midtjylland"
"Fjerr.Enge, 9690 Fjerritslev",Fjerr.Enge,9690,0849,Jammerbugt,1081,"Region Nordjylland"
"Ringsø, 8550 Ryomgård",Ringsø,8550,0706,Syddjurs,1082,"Region Midtjylland"
"Thorup, 8420 Knebel",Thorup,8420,0706,Syddjurs,1082,"Region Midtjylland"
"Dyngby, 8300 Odder",Dyngby,8300,0727,Odder,1082,"Region Midtjylland"
"Husby, 9690 Fjerritslev",Husby,9690,0849,Jammerbugt,1081,"Region Nordjylland"
"Lyngsbæk, 8400 Ebeltoft",Lyngsbæk,8400,0706,Syddjurs,1082,"Region Midtjylland"
"Boulstrup, 8300 Odder",Boulstrup,8300,0727,Odder,1082,"Region Midtjylland"
"Elholt, 8550 Ryomgård",Elholt,8550,0706,Syddjurs,1082,"Region Midtjylland"
"Fjerritslev, 9690 Fjerritslev",Fjerritslev,9690,0849,Jammerbugt,1081,"Region Nordjylland"
"Ullerup, 9690 Fjerritslev",Ullerup,9690,0849,Jammerbugt,1081,"Region Nordjylland"
"Lyngsbækgård, 8400 Ebeltoft",Lyngsbækgård,8400,0706,Syddjurs,1082,"Region Midtjylland"
"Estrup, 8543 Hornslet",Estrup,8543,0706,Syddjurs,1082,"Region Midtjylland"
"Faarup, 9493 Saltum",Faarup,9493,0849,Jammerbugt,1081,"Region Nordjylland"
"Koldborgmark, 9690 Fjerritslev",Koldborgmark,9690,0849,Jammerbugt,1081,"Region Nordjylland"
"Strands, 8420 Knebel",Strands,8420,0706,Syddjurs,1082,"Region Midtjylland"
"Skiffard, 8560 Kolind",Skiffard,8560,0706,Syddjurs,1082,"Region Midtjylland"
"Lerup, 9460 Brovst",Lerup,9460,0849,Jammerbugt,1081,"Region Nordjylland"
"Isgård, 8420 Knebel",Isgård,8420,0706,Syddjurs,1082,"Region Midtjylland"
"Klimfjordhlm, 9690 Fjerritslev",Klimfjordhlm,9690,0849,Jammerbugt,1081,"Region Nordjylland"
"Skovengene, 9460 Brovst",Skovengene,9460,0849,Jammerbugt,1081,"Region Nordjylland"
"Pårup, 9460 Brovst",Pårup,9460,0849,Jammerbugt,1081,"Region Nordjylland"
"Egemosedam, 5620 Glamsbjerg",Egemosedam,5620,0420,Assens,1083,"Region Syddanmark"
"Maarup, 8305 Samsø",Maarup,8305,0741,Samsø,1082,"Region Midtjylland"
"Kærhus, 7830 Vinderup",Kærhus,7830,0657,Herning,1082,"Region Midtjylland"
"Hellegaarde, 7830 Vinderup",Hellegaarde,7830,0657,Herning,1082,"Region Midtjylland"
"Råsted, 7500 Holstebro",Råsted,7500,0657,Herning,1082,"Region Midtjylland"
"Råsted, 7570 Vemb",Råsted,7570,0661,Holstebro,1082,"Region Midtjylland"
"Basballe, 8400 Ebeltoft",Basballe,8400,0706,Syddjurs,1082,"Region Midtjylland"
"Onsbjerg, 8305 Samsø",Onsbjerg,8305,0741,Samsø,1082,"Region Midtjylland"
"Brundby Mark, 8305 Samsø","Brundby Mark",8305,0741,Samsø,1082,"Region Midtjylland"
"Nordby, 8305 Samsø",Nordby,8305,0741,Samsø,1082,"Region Midtjylland"
"Geddal, 7830 Vinderup",Geddal,7830,0657,Herning,1082,"Region Midtjylland"
"Øksenmølle, 8400 Ebeltoft",Øksenmølle,8400,0706,Syddjurs,1082,"Region Midtjylland"
"Strandby Sk, 5683 Haarby","Strandby Sk",5683,0420,Assens,1083,"Region Syddanmark"
"Toftebjerg, 8305 Samsø",Toftebjerg,8305,0741,Samsø,1082,"Region Midtjylland"
"Skårup, 8400 Ebeltoft",Skårup,8400,0706,Syddjurs,1082,"Region Midtjylland"
"Frelling, 8560 Kolind",Frelling,8560,0706,Syddjurs,1082,"Region Midtjylland"
"Bale, 8544 Mørke",Bale,8544,0706,Syddjurs,1082,"Region Midtjylland"
"Nold, 7830 Vinderup",Nold,7830,0657,Herning,1082,"Region Midtjylland"
"Egebjerg, 7830 Vinderup",Egebjerg,7830,0657,Herning,1082,"Region Midtjylland"
"Thorsager, 8410 Rønde",Thorsager,8410,0706,Syddjurs,1082,"Region Midtjylland"
"Aa, 5631 Ebberup",Aa,5631,0420,Assens,1083,"Region Syddanmark"
"Gørding, 7570 Vemb",Gørding,7570,0661,Holstebro,1082,"Region Midtjylland"
"Sir, 7500 Holstebro",Sir,7500,0657,Herning,1082,"Region Midtjylland"
"Uglebjerg, 5620 Glamsbjerg",Uglebjerg,5620,0420,Assens,1083,"Region Syddanmark"
"Orte, 5560 Aarup",Orte,5560,0410,Middelfart,1083,"Region Syddanmark"
"Ulfborg, 6990 Ulfborg",Ulfborg,6990,0657,Herning,1082,"Region Midtjylland"
"Stubberklost, 7830 Vinderup",Stubberklost,7830,0657,Herning,1082,"Region Midtjylland"
"Stubberup Mk, 5610 Assens","Stubberup Mk",5610,0410,Middelfart,1083,"Region Syddanmark"
"Bjert, 7830 Vinderup",Bjert,7830,0657,Herning,1082,"Region Midtjylland"
"Stendis, 7830 Vinderup",Stendis,7830,0657,Herning,1082,"Region Midtjylland"
"Skaartoft, 7830 Vinderup",Skaartoft,7830,0657,Herning,1082,"Region Midtjylland"
"Høegholm, 8570 Trustrup",Høegholm,8570,0706,Syddjurs,1082,"Region Midtjylland"
"Bøjstrup, 8550 Ryomgård",Bøjstrup,8550,0706,Syddjurs,1082,"Region Midtjylland"
"Bendstrup, 8544 Mørke",Bendstrup,8544,0706,Syddjurs,1082,"Region Midtjylland"
"Brydegaard, 5683 Haarby",Brydegaard,5683,0420,Assens,1083,"Region Syddanmark"
"Broby Skov, 5683 Haarby","Broby Skov",5683,0420,Assens,1083,"Region Syddanmark"
"Tværmose, 7830 Vinderup",Tværmose,7830,0657,Herning,1082,"Region Midtjylland"
"Læggerholm, 8420 Knebel",Læggerholm,8420,0706,Syddjurs,1082,"Region Midtjylland"
"Pederstr Mk, 8560 Kolind","Pederstr Mk",8560,0706,Syddjurs,1082,"Region Midtjylland"
"Nødager Mark, 8560 Kolind","Nødager Mark",8560,0706,Syddjurs,1082,"Region Midtjylland"
"Fårup, 8410 Rønde",Fårup,8410,0706,Syddjurs,1082,"Region Midtjylland"
"Næstved By, 4700 Næstved","Næstved By",4700,0370,Næstved,1085,"Region Sjælland"
"Ødis Bramdr, 6580 Vamdrup","Ødis Bramdr",6580,0621,Kolding,1083,"Region Syddanmark"
"Fåre, 7650 Bøvlingbjerg",Fåre,7650,0665,Lemvig,1082,"Region Midtjylland"
"Dysted, 4684 Holmegaard",Dysted,4684,0320,Faxe,1085,"Region Sjælland"
"Farris, 6580 Vamdrup",Farris,6580,0621,Kolding,1083,"Region Syddanmark"
"Anslet, 6100 Haderslev",Anslet,6100,0510,Haderslev,1083,"Region Syddanmark"
"Kvislemark, 4262 Sandved",Kvislemark,4262,0330,Slagelse,1085,"Region Sjælland"
"Soderup, 2640 Hedehusene",Soderup,2640,0169,Høje-Taastrup,1084,"Region Hovedstaden"
"Vesterhave, 4736 Karrebæksminde",Vesterhave,4736,0370,Næstved,1085,"Region Sjælland"
"Staunstrup, 4733 Tappernøje",Staunstrup,4733,0320,Faxe,1085,"Region Sjælland"
"Mindegården, 6094 Hejls",Mindegården,6094,0510,Haderslev,1083,"Region Syddanmark"
"Teglgården, 6094 Hejls",Teglgården,6094,0510,Haderslev,1083,"Region Syddanmark"
"Nordskov, 5390 Martofte",Nordskov,5390,0440,Kerteminde,1083,"Region Syddanmark"
"Hvinderup, 6070 Christiansfeld",Hvinderup,6070,0510,Haderslev,1083,"Region Syddanmark"
"Søsum, 3660 Stenløse",Søsum,3660,0240,Egedal,1084,"Region Hovedstaden"
"Søsum, 3670 Veksø Sjælland",Søsum,3670,0240,Egedal,1084,"Region Hovedstaden"
"Tved, 6000 Kolding",Tved,6000,0621,Kolding,1083,"Region Syddanmark"
"Snave, 5390 Martofte",Snave,5390,0440,Kerteminde,1083,"Region Syddanmark"
"Tapsøre, 6070 Christiansfeld",Tapsøre,6070,0510,Haderslev,1083,"Region Syddanmark"
"Follerup Mk, 7000 Fredericia","Follerup Mk",7000,0607,Fredericia,1083,"Region Syddanmark"
"Tolstrup, 7000 Fredericia",Tolstrup,7000,0607,Fredericia,1083,"Region Syddanmark"
"Kildebrønde, 2670 Greve",Kildebrønde,2670,0253,Greve,1085,"Region Sjælland"
"Vandborg, 7620 Lemvig",Vandborg,7620,0665,Lemvig,1082,"Region Midtjylland"
"Hvide Svaner, 4736 Karrebæksminde","Hvide Svaner",4736,0370,Næstved,1085,"Region Sjælland"
"Tadse, 4250 Fuglebjerg",Tadse,4250,0330,Slagelse,1085,"Region Sjælland"
"Nr Tvede, 4684 Holmegaard","Nr Tvede",4684,0320,Faxe,1085,"Region Sjælland"
"Bramdrupdam, 6000 Kolding",Bramdrupdam,6000,0621,Kolding,1083,"Region Syddanmark"
"Bredstrup, 7000 Fredericia",Bredstrup,7000,0607,Fredericia,1083,"Region Syddanmark"
"Engbjerg, 7620 Lemvig",Engbjerg,7620,0665,Lemvig,1082,"Region Midtjylland"
"Hjarup, 6580 Vamdrup",Hjarup,6580,0621,Kolding,1083,"Region Syddanmark"
"Seggelund, 6070 Christiansfeld",Seggelund,6070,0510,Haderslev,1083,"Region Syddanmark"
"Taulov, 7000 Fredericia",Taulov,7000,0607,Fredericia,1083,"Region Syddanmark"
"Hf. Enghavegård, 2700 Brønshøj","Hf. Enghavegård",2700,0101,København,1084,"Region Hovedstaden"
"Kastrup, 6510 Gram",Kastrup,6510,0510,Haderslev,1083,"Region Syddanmark"
"Diernæs, 6100 Haderslev",Diernæs,6100,0510,Haderslev,1083,"Region Syddanmark"
"Rindum, 6950 Ringkøbing",Rindum,6950,0760,Ringkøbing-Skjern,1082,"Region Midtjylland"
"Højmose, 6971 Spjald",Højmose,6971,0760,Ringkøbing-Skjern,1082,"Region Midtjylland"
"Skovsbo, 5700 Svendborg",Skovsbo,5700,0479,Svendborg,1083,"Region Syddanmark"
"Hf. Danshøj, 2500 Valby","Hf. Danshøj",2500,0101,København,1084,"Region Hovedstaden"
"Hf. Borgervænget, 2100 København Ø","Hf. Borgervænget",2100,0101,København,1084,"Region Hovedstaden"
"Hf. Lille Nok, 2300 København S","Hf. Lille Nok",2300,0101,København,1084,"Region Hovedstaden"
"Sønderkjær, 6971 Spjald",Sønderkjær,6971,0760,Ringkøbing-Skjern,1082,"Region Midtjylland"
"Sønderup, 6920 Videbæk",Sønderup,6920,0760,Ringkøbing-Skjern,1082,"Region Midtjylland"
"Lodbj Hede, 6950 Ringkøbing","Lodbj Hede",6950,0760,Ringkøbing-Skjern,1082,"Region Midtjylland"
"Heldager, 5700 Svendborg",Heldager,5700,0479,Svendborg,1083,"Region Syddanmark"
"Hf. Sundbyvang, 2300 København S","Hf. Sundbyvang",2300,0101,København,1084,"Region Hovedstaden"
"Hf. Prøvestenen, 2300 København S","Hf. Prøvestenen",2300,0101,København,1084,"Region Hovedstaden"
"Sønderballe, 6100 Haderslev",Sønderballe,6100,0510,Haderslev,1083,"Region Syddanmark"
"Bølling, 6900 Skjern",Bølling,6900,0760,Ringkøbing-Skjern,1082,"Region Midtjylland"
"Rækker Mølle, 6900 Skjern","Rækker Mølle",6900,0760,Ringkøbing-Skjern,1082,"Region Midtjylland"
"Magersped, 6920 Videbæk",Magersped,6920,0760,Ringkøbing-Skjern,1082,"Region Midtjylland"
"Vranderup, 6000 Kolding",Vranderup,6000,0621,Kolding,1083,"Region Syddanmark"
"Stubdrup, 6000 Kolding",Stubdrup,6000,0621,Kolding,1083,"Region Syddanmark"
"Kastvrå, 6560 Sommersted",Kastvrå,6560,0510,Haderslev,1083,"Region Syddanmark"
"Halk, 6100 Haderslev",Halk,6100,0510,Haderslev,1083,"Region Syddanmark"
"Hjerndrup, 6070 Christiansfeld",Hjerndrup,6070,0510,Haderslev,1083,"Region Syddanmark"
"Kabdrup, 6100 Haderslev",Kabdrup,6100,0510,Haderslev,1083,"Region Syddanmark"
"Vesterbæk, 6971 Spjald",Vesterbæk,6971,0760,Ringkøbing-Skjern,1082,"Region Midtjylland"
"Harte, 6000 Kolding",Harte,6000,0621,Kolding,1083,"Region Syddanmark"
"Harte, 6640 Lunderskov",Harte,6640,0621,Kolding,1083,"Region Syddanmark"
"Solsø, 6920 Videbæk",Solsø,6920,0760,Ringkøbing-Skjern,1082,"Region Midtjylland"
"Jenning, 6510 Gram",Jenning,6510,0510,Haderslev,1083,"Region Syddanmark"
"Ålkær, 6500 Vojens",Ålkær,6500,0510,Haderslev,1083,"Region Syddanmark"
"Højrup, 6510 Gram",Højrup,6510,0510,Haderslev,1083,"Region Syddanmark"
"Kleve, 6950 Ringkøbing",Kleve,6950,0760,Ringkøbing-Skjern,1082,"Region Midtjylland"
"Kongenshede, 6541 Bevtoft",Kongenshede,6541,0510,Haderslev,1083,"Region Syddanmark"
"Abildtrup, 6920 Videbæk",Abildtrup,6920,0760,Ringkøbing-Skjern,1082,"Region Midtjylland"
"Skrydstrup Mark, 6500 Vojens","Skrydstrup Mark",6500,0510,Haderslev,1083,"Region Syddanmark"
"Stevelt, 6100 Haderslev",Stevelt,6100,0510,Haderslev,1083,"Region Syddanmark"
"Lundsbæk, 6500 Vojens",Lundsbæk,6500,0510,Haderslev,1083,"Region Syddanmark"
"Sdr Vilstrup, 6100 Haderslev","Sdr Vilstrup",6100,0510,Haderslev,1083,"Region Syddanmark"
"Lønt, 6100 Haderslev",Lønt,6100,0510,Haderslev,1083,"Region Syddanmark"
"Tim, 6990 Ulfborg",Tim,6990,0657,Herning,1082,"Region Midtjylland"
"Fjelstervang, 6920 Videbæk",Fjelstervang,6920,0760,Ringkøbing-Skjern,1082,"Region Midtjylland"
"Fjelstervang, 6933 Kibæk",Fjelstervang,6933,0657,Herning,1082,"Region Midtjylland"
"Hf. Røde Mellemvej, 2300 København S","Hf. Røde Mellemvej",2300,0101,København,1084,"Region Hovedstaden"
"Grønbjerg, 6971 Spjald",Grønbjerg,6971,0760,Ringkøbing-Skjern,1082,"Region Midtjylland"
"Vostrup, 6880 Tarm",Vostrup,6880,0573,Varde,1083,"Region Syddanmark"
"Ådum, 6880 Tarm",Ådum,6880,0573,Varde,1083,"Region Syddanmark"
"Hf. Frem, 2450 København SV","Hf. Frem",2450,0101,København,1084,"Region Hovedstaden"
"Hf. Blomsten, 2100 København Ø","Hf. Blomsten",2100,0101,København,1084,"Region Hovedstaden"
"Skibelund, 6500 Vojens",Skibelund,6500,0510,Haderslev,1083,"Region Syddanmark"
"Snogdal, 6971 Spjald",Snogdal,6971,0760,Ringkøbing-Skjern,1082,"Region Midtjylland"
"Ravnsbjerg, 6971 Spjald",Ravnsbjerg,6971,0760,Ringkøbing-Skjern,1082,"Region Midtjylland"
"Haurvig, 6960 Hvide Sande",Haurvig,6960,0760,Ringkøbing-Skjern,1082,"Region Midtjylland"
"Kirkeby Sand, 5771 Stenstrup","Kirkeby Sand",5771,0430,Faaborg-Midtfyn,1083,"Region Syddanmark"
"Sortebro, 5883 Oure",Sortebro,5883,0479,Svendborg,1083,"Region Syddanmark"
"Hjelmsølille, 4160 Herlufmagle",Hjelmsølille,4160,0320,Faxe,1085,"Region Sjælland"
"Nr Smidstrup, 4733 Tappernøje","Nr Smidstrup",4733,0320,Faxe,1085,"Region Sjælland"
"V Egesborg, 4700 Næstved","V Egesborg",4700,0370,Næstved,1085,"Region Sjælland"
"Vrangstrup, 4171 Glumsø",Vrangstrup,4171,0370,Næstved,1085,"Region Sjælland"
"Nyrup, 4262 Sandved",Nyrup,4262,0330,Slagelse,1085,"Region Sjælland"
"Saltø By, 4700 Næstved","Saltø By",4700,0370,Næstved,1085,"Region Sjælland"
"Holløse, 4700 Næstved",Holløse,4700,0370,Næstved,1085,"Region Sjælland"
"Broksø, 4160 Herlufmagle",Broksø,4160,0320,Faxe,1085,"Region Sjælland"
"Brandelev, 4700 Næstved",Brandelev,4700,0370,Næstved,1085,"Region Sjælland"
"Lystagertorp, 4250 Fuglebjerg",Lystagertorp,4250,0330,Slagelse,1085,"Region Sjælland"
"Krummerup, 4250 Fuglebjerg",Krummerup,4250,0330,Slagelse,1085,"Region Sjælland"
"Brorup, 4700 Næstved",Brorup,4700,0370,Næstved,1085,"Region Sjælland"
"Gødvad, 8600 Silkeborg",Gødvad,8600,0740,Silkeborg,1082,"Region Midtjylland"
"Årby, 4400 Kalundborg",Årby,4400,0326,Kalundborg,1085,"Region Sjælland"
"Sortekilde, 5300 Kerteminde",Sortekilde,5300,0440,Kerteminde,1083,"Region Syddanmark"
"Sanderum, 5250 Odense SV",Sanderum,5250,0461,Odense,1083,"Region Syddanmark"
"Rørby, 4400 Kalundborg",Rørby,4400,0326,Kalundborg,1085,"Region Sjælland"
"Sejs-Svejbæk, 8600 Silkeborg",Sejs-Svejbæk,8600,0740,Silkeborg,1082,"Region Midtjylland"
"Gjessø, 8600 Silkeborg",Gjessø,8600,0740,Silkeborg,1082,"Region Midtjylland"
"Hou, 8300 Odder",Hou,8300,0727,Odder,1082,"Region Midtjylland"
"Kragelund, 8600 Silkeborg",Kragelund,8600,0740,Silkeborg,1082,"Region Midtjylland"
"Vridsløsemagle, 2630 Taastrup",Vridsløsemagle,2630,0165,Albertslund,1084,"Region Hovedstaden"
"Ulkebøl, 6400 Sønderborg",Ulkebøl,6400,0540,Sønderborg,1083,"Region Syddanmark"
"Nærheden, 2640 Hedehusene",Nærheden,2640,0169,Høje-Taastrup,1084,"Region Hovedstaden"
"Halgårde, 7500 Holstebro",Halgårde,7500,0657,Herning,1082,"Region Midtjylland"
